v 0 0.142 -0.24595
v 0 0.142 -0.24595
v 0 0.142 -0.24595
v 0 0.142 -0.24595
v 0 0.142 -0.24595
v 0 0.142 -0.24595
v 0 0.142 -0.24595
v 0 0.142 -0.24595
v 0 0.142 -0.24595
v 0 0.142 -0.24595
v 0 0.142 -0.24595
v 0 0.142 -0.24595
v 0 0.142 -0.24595
v 0 0.142 -0.24595
v 0 0.142 -0.24595
v 0 0.142 -0.24595
v 0 0.142 -0.24595
v 0 0.142 -0.24595
v 0 0.142 -0.24595
v 0 0.142 -0.24595
v 0 0.142 -0.24595
v 0 0.142 -0.24595
v 0 0.142 -0.24595
v 0 0.142 -0.24595
v 0 0.142 -0.24595
v 0 0.142 -0.24595
v 0 0.142 -0.24595
v 0 0.142 -0.24595
v 0 0.142 -0.24595
v 0 0.142 -0.24595
v 0 0.142 -0.24595
v 0 0.142 -0.24595
v 0 0.142 -0.24595
v 0 0.142 -0.24595
v 0 0.142 -0.24595
v 0 0.142 -0.24595
v 0 0.142 -0.24595
v 0 0.142 -0.24595
v 0 0.142 -0.24595
v 0 0.142 -0.24595
v 0 0.142 -0.24595
v 0 0.142 -0.24595
v 0 0.142 -0.24595
v 0 0.142 -0.24595
v 0 0.142 -0.24595
v 0 0.142 -0.24595
v 0 0.142 -0.24595
v 0 0.142 -0.24595
v 0 0.142 -0.24595
v 0 0.142 -0.24595
v 0 0.142 -0.24595
v 0 0.142 -0.24595
v 0 0.142 -0.24595
v 0 0.142 -0.24595
v 0 0.142 -0.24595
v 0 0.142 -0.24595
v 0 0.142 -0.24595
v 0 0.142 -0.24595
v 0 0.142 -0.24595
v 0 0.142 -0.24595
v 0 0.142 -0.24595
v 0 0.142 -0.24595
v 0 0.142 -0.24595
v 0 0.142 -0.24595
v -0.104 0.13 -0.22517
v -0.1035 0.12117 -0.23026
v -0.102 0.11243 -0.23531
v -0.09952 0.10386 -0.24026
v -0.09608 0.09553 -0.24507
v -0.09172 0.08754 -0.24968
v -0.08647 0.07996 -0.25406
v -0.08039 0.07286 -0.25816
v -0.07354 0.06631 -0.26194
v -0.06598 0.06038 -0.26536
v -0.05778 0.05511 -0.2684
v -0.04903 0.05057 -0.27103
v -0.0398 0.04679 -0.27321
v -0.03019 0.04381 -0.27493
v -0.02029 0.04166 -0.27617
v -0.01019 0.04037 -0.27692
v 0 0.03993 -0.27717
v 0.01019 0.04037 -0.27692
v 0.02029 0.04166 -0.27617
v 0.03019 0.04381 -0.27493
v 0.0398 0.04679 -0.27321
v 0.04903 0.05057 -0.27103
v 0.05778 0.05511 -0.2684
v 0.06598 0.06038 -0.26536
v 0.07354 0.06631 -0.26194
v 0.08039 0.07286 -0.25816
v 0.08647 0.07996 -0.25406
v 0.09172 0.08754 -0.24968
v 0.09608 0.09553 -0.24507
v 0.09952 0.10386 -0.24026
v 0.102 0.11243 -0.23531
v 0.1035 0.12117 -0.23026
v 0.104 0.13 -0.22517
v 0.1035 0.13883 -0.22007
v 0.102 0.14757 -0.21502
v 0.09952 0.15614 -0.21007
v 0.09608 0.16447 -0.20527
v 0.09172 0.17246 -0.20065
v 0.08647 0.18004 -0.19628
v 0.08039 0.18714 -0.19218
v 0.07354 0.19369 -0.1884
v 0.06598 0.19962 -0.18497
v 0.05778 0.20489 -0.18193
v 0.04903 0.20943 -0.17931
v 0.0398 0.21321 -0.17712
v 0.03019 0.21619 -0.17541
v 0.02029 0.21834 -0.17417
v 0.01019 0.21963 -0.17342
v 0 0.22007 -0.17317
v -0.01019 0.21963 -0.17342
v -0.02029 0.21834 -0.17417
v -0.03019 0.21619 -0.17541
v -0.0398 0.21321 -0.17712
v -0.04903 0.20943 -0.17931
v -0.05778 0.20489 -0.18193
v -0.06598 0.19962 -0.18497
v -0.07354 0.19369 -0.1884
v -0.08039 0.18714 -0.19218
v -0.08647 0.18004 -0.19628
v -0.09172 0.17246 -0.20065
v -0.09608 0.16447 -0.20527
v -0.09952 0.15614 -0.21007
v -0.102 0.14757 -0.21502
v -0.1035 0.13883 -0.22007
v -0.144 0.12 -0.20785
v -0.14331 0.10778 -0.2149
v -0.14123 0.09567 -0.22189
v -0.1378 0.0838 -0.22875
v -0.13304 0.07228 -0.2354
v -0.127 0.06121 -0.24179
v -0.11973 0.05072 -0.24785
v -0.11131 0.04089 -0.25352
v -0.10182 0.03182 -0.25876
v -0.09135 0.0236 -0.2635
v -0.08 0.01631 -0.26771
v -0.06788 0.01002 -0.27134
v -0.05511 0.00479 -0.27437
v -0.0418 0.00066 -0.27675
v -0.02809 -0.00231 -0.27846
v -0.01411 -0.00411 -0.2795
v 0 -0.00471 -0.27985
v 0.01411 -0.00411 -0.2795
v 0.02809 -0.00231 -0.27846
v 0.0418 0.00066 -0.27675
v 0.05511 0.00479 -0.27437
v 0.06788 0.01002 -0.27134
v 0.08 0.01631 -0.26771
v 0.09135 0.0236 -0.2635
v 0.10182 0.03182 -0.25876
v 0.11131 0.04089 -0.25352
v 0.11973 0.05072 -0.24785
v 0.127 0.06121 -0.24179
v 0.13304 0.07228 -0.2354
v 0.1378 0.0838 -0.22875
v 0.14123 0.09567 -0.22189
v 0.14331 0.10778 -0.2149
v 0.144 0.12 -0.20785
v 0.14331 0.13222 -0.20079
v 0.14123 0.14433 -0.1938
v 0.1378 0.1562 -0.18695
v 0.13304 0.16772 -0.18029
v 0.127 0.17879 -0.17391
v 0.11973 0.18928 -0.16785
v 0.11131 0.19911 -0.16217
v 0.10182 0.20818 -0.15693
v 0.09135 0.2164 -0.15219
v 0.08 0.22369 -0.14798
v 0.06788 0.22998 -0.14435
v 0.05511 0.23521 -0.14133
v 0.0418 0.23934 -0.13895
v 0.02809 0.24231 -0.13723
v 0.01411 0.24411 -0.13619
v 0 0.24471 -0.13585
v -0.01411 0.24411 -0.13619
v -0.02809 0.24231 -0.13723
v -0.0418 0.23934 -0.13895
v -0.05511 0.23521 -0.14133
v -0.06788 0.22998 -0.14435
v -0.08 0.22369 -0.14798
v -0.09135 0.2164 -0.15219
v -0.10182 0.20818 -0.15693
v -0.11131 0.19911 -0.16217
v -0.11973 0.18928 -0.16785
v -0.127 0.17879 -0.17391
v -0.13304 0.16772 -0.18029
v -0.1378 0.1562 -0.18695
v -0.14123 0.14433 -0.1938
v -0.14331 0.13222 -0.20079
v -0.172 0.11 -0.19053
v -0.17117 0.09557 -0.19886
v -0.1687 0.08128 -0.20711
v -0.16459 0.06726 -0.2152
v -0.15891 0.05366 -0.22305
v -0.15169 0.0406 -0.23059
v -0.14301 0.02821 -0.23775
v -0.13296 0.0166 -0.24445
v -0.12162 0.0059 -0.25063
v -0.10912 -0.00381 -0.25623
v -0.09556 -0.01241 -0.2612
v -0.08108 -0.01984 -0.26549
v -0.06582 -0.02602 -0.26906
v -0.04993 -0.03088 -0.27187
v -0.03356 -0.0344 -0.27389
v -0.01686 -0.03652 -0.27512
v 0 -0.03722 -0.27553
v 0.01686 -0.03652 -0.27512
v 0.03356 -0.0344 -0.27389
v 0.04993 -0.03088 -0.27187
v 0.06582 -0.02602 -0.26906
v 0.08108 -0.01984 -0.26549
v 0.09556 -0.01241 -0.2612
v 0.10912 -0.00381 -0.25623
v 0.12162 0.0059 -0.25063
v 0.13296 0.0166 -0.24445
v 0.14301 0.02821 -0.23775
v 0.15169 0.0406 -0.23059
v 0.15891 0.05366 -0.22305
v 0.16459 0.06726 -0.2152
v 0.1687 0.08128 -0.20711
v 0.17117 0.09557 -0.19886
v 0.172 0.11 -0.19053
v 0.17117 0.12443 -0.18219
v 0.1687 0.13872 -0.17394
v 0.16459 0.15274 -0.16585
v 0.15891 0.16634 -0.158
v 0.15169 0.1794 -0.15046
v 0.14301 0.19179 -0.1433
v 0.13296 0.2034 -0.1366
v 0.12162 0.2141 -0.13042
v 0.10912 0.22381 -0.12482
v 0.09556 0.23241 -0.11985
v 0.08108 0.23984 -0.11556
v 0.06582 0.24602 -0.112
v 0.04993 0.25088 -0.10919
v 0.03356 0.2544 -0.10716
v 0.01686 0.25652 -0.10593
v 0 0.25722 -0.10553
v -0.01686 0.25652 -0.10593
v -0.03356 0.2544 -0.10716
v -0.04993 0.25088 -0.10919
v -0.06582 0.24602 -0.112
v -0.08108 0.23984 -0.11556
v -0.09556 0.23241 -0.11985
v -0.10912 0.22381 -0.12482
v -0.12162 0.2141 -0.13042
v -0.13296 0.2034 -0.1366
v -0.14301 0.19179 -0.1433
v -0.15169 0.1794 -0.15046
v -0.15891 0.16634 -0.158
v -0.16459 0.15274 -0.16585
v -0.1687 0.13872 -0.17394
v -0.17117 0.12443 -0.18219
v -0.196 0.1 -0.17321
v -0.19506 0.08336 -0.18281
v -0.19223 0.06689 -0.19232
v -0.18756 0.05073 -0.20165
v -0.18108 0.03504 -0.21071
v -0.17286 0.01998 -0.2194
v -0.16297 0.0057 -0.22765
v -0.15151 -0.00768 -0.23538
v -0.13859 -0.02002 -0.2425
v -0.12434 -0.03121 -0.24896
v -0.10889 -0.04113 -0.25469
v -0.09239 -0.0497 -0.25963
v -0.07501 -0.05682 -0.26375
v -0.0569 -0.06243 -0.26699
v -0.03824 -0.06648 -0.26932
v -0.01921 -0.06892 -0.27073
v 0 -0.06974 -0.27121
v 0.01921 -0.06892 -0.27073
v 0.03824 -0.06648 -0.26932
v 0.0569 -0.06243 -0.26699
v 0.07501 -0.05682 -0.26375
v 0.09239 -0.0497 -0.25963
v 0.10889 -0.04113 -0.25469
v 0.12434 -0.03121 -0.24896
v 0.13859 -0.02002 -0.2425
v 0.15151 -0.00768 -0.23538
v 0.16297 0.0057 -0.22765
v 0.17286 0.01998 -0.2194
v 0.18108 0.03504 -0.21071
v 0.18756 0.05073 -0.20165
v 0.19223 0.06689 -0.19232
v 0.19506 0.08336 -0.18281
v 0.196 0.1 -0.17321
v 0.19506 0.11664 -0.1636
v 0.19223 0.13311 -0.15409
v 0.18756 0.14927 -0.14476
v 0.18108 0.16496 -0.1357
v 0.17286 0.18002 -0.12701
v 0.16297 0.1943 -0.11876
v 0.15151 0.20768 -0.11103
v 0.13859 0.22002 -0.10391
v 0.12434 0.23121 -0.09745
v 0.10889 0.24113 -0.09172
v 0.09239 0.2497 -0.08678
v 0.07501 0.25682 -0.08266
v 0.0569 0.26243 -0.07942
v 0.03824 0.26648 -0.07709
v 0.01921 0.26892 -0.07568
v 0 0.26974 -0.07521
v -0.01921 0.26892 -0.07568
v -0.03824 0.26648 -0.07709
v -0.0569 0.26243 -0.07942
v -0.07501 0.25682 -0.08266
v -0.09239 0.2497 -0.08678
v -0.10889 0.24113 -0.09172
v -0.12434 0.23121 -0.09745
v -0.13859 0.22002 -0.10391
v -0.15151 0.20768 -0.11103
v -0.16297 0.1943 -0.11876
v -0.17286 0.18002 -0.12701
v -0.18108 0.16496 -0.1357
v -0.18756 0.14927 -0.14476
v -0.19223 0.13311 -0.15409
v -0.19506 0.11664 -0.1636
v -0.216 0.09 -0.15588
v -0.21496 0.07166 -0.16647
v -0.21185 0.05351 -0.17695
v -0.2067 0.0357 -0.18724
v -0.19956 0.01841 -0.19721
v -0.19049 0.00182 -0.2068
v -0.1796 -0.01393 -0.21589
v -0.16697 -0.02867 -0.2244
v -0.15274 -0.04227 -0.23225
v -0.13703 -0.0546 -0.23937
v -0.12 -0.06554 -0.24568
v -0.10182 -0.07497 -0.25113
v -0.08266 -0.08282 -0.25566
v -0.0627 -0.08901 -0.25923
v -0.04214 -0.09347 -0.26181
v -0.02117 -0.09616 -0.26336
v 0 -0.09706 -0.26388
v 0.02117 -0.09616 -0.26336
v 0.04214 -0.09347 -0.26181
v 0.0627 -0.08901 -0.25923
v 0.08266 -0.08282 -0.25566
v 0.10182 -0.07497 -0.25113
v 0.12 -0.06554 -0.24568
v 0.13703 -0.0546 -0.23937
v 0.15274 -0.04227 -0.23225
v 0.16697 -0.02867 -0.2244
v 0.1796 -0.01393 -0.21589
v 0.19049 0.00182 -0.2068
v 0.19956 0.01841 -0.19721
v 0.2067 0.0357 -0.18724
v 0.21185 0.05351 -0.17695
v 0.21496 0.07166 -0.16647
v 0.216 0.09 -0.15588
v 0.21496 0.10834 -0.1453
v 0.21185 0.12649 -0.13481
v 0.2067 0.1443 -0.12453
v 0.19956 0.16159 -0.11455
v 0.19049 0.17818 -0.10497
v 0.1796 0.19393 -0.09588
v 0.16697 0.20867 -0.08737
v 0.15274 0.22227 -0.07952
v 0.13703 0.2346 -0.0724
v 0.12 0.24554 -0.06609
v 0.10182 0.25497 -0.06064
v 0.08266 0.26282 -0.05611
v 0.0627 0.26901 -0.05254
v 0.04214 0.27347 -0.04996
v 0.02117 0.27616 -0.0484
v 0 0.27706 -0.04788
v -0.02117 0.27616 -0.0484
v -0.04214 0.27347 -0.04996
v -0.0627 0.26901 -0.05254
v -0.08266 0.26282 -0.05611
v -0.10182 0.25497 -0.06064
v -0.12 0.24554 -0.06609
v -0.13703 0.2346 -0.0724
v -0.15274 0.22227 -0.07952
v -0.16697 0.20867 -0.08737
v -0.1796 0.19393 -0.09588
v -0.19049 0.17818 -0.10497
v -0.19956 0.16159 -0.11455
v -0.2067 0.1443 -0.12453
v -0.21185 0.12649 -0.13481
v -0.21496 0.10834 -0.1453
v -0.228 0.08 -0.13856
v -0.2269 0.06039 -0.14989
v -0.22362 0.04097 -0.1611
v -0.21818 0.02193 -0.17209
v -0.21064 0.00344 -0.18276
v -0.20108 -0.0143 -0.19301
v -0.18958 -0.03114 -0.20273
v -0.17625 -0.04691 -0.21184
v -0.16122 -0.06146 -0.22023
v -0.14464 -0.07464 -0.22785
v -0.12667 -0.08634 -0.2346
v -0.10748 -0.09643 -0.24043
v -0.08725 -0.10482 -0.24527
v -0.06618 -0.11144 -0.24909
v -0.04448 -0.11621 -0.25184
v -0.02235 -0.11909 -0.25351
v 0 -0.12005 -0.25406
v 0.02235 -0.11909 -0.25351
v 0.04448 -0.11621 -0.25184
v 0.06618 -0.11144 -0.24909
v 0.08725 -0.10482 -0.24527
v 0.10748 -0.09643 -0.24043
v 0.12667 -0.08634 -0.2346
v 0.14464 -0.07464 -0.22785
v 0.16122 -0.06146 -0.22023
v 0.17625 -0.04691 -0.21184
v 0.18958 -0.03114 -0.20273
v 0.20108 -0.0143 -0.19301
v 0.21064 0.00344 -0.18276
v 0.21818 0.02193 -0.17209
v 0.22362 0.04097 -0.1611
v 0.2269 0.06039 -0.14989
v 0.228 0.08 -0.13856
v 0.2269 0.09961 -0.12724
v 0.22362 0.11903 -0.11603
v 0.21818 0.13807 -0.10504
v 0.21064 0.15656 -0.09436
v 0.20108 0.1743 -0.08412
v 0.18958 0.19114 -0.0744
v 0.17625 0.20691 -0.06529
v 0.16122 0.22146 -0.05689
v 0.14464 0.23464 -0.04928
v 0.12667 0.24634 -0.04253
v 0.10748 0.25643 -0.0367
v 0.08725 0.26482 -0.03186
v 0.06618 0.27144 -0.02804
v 0.04448 0.27621 -0.02528
v 0.02235 0.27909 -0.02362
v 0 0.28005 -0.02306
v -0.02235 0.27909 -0.02362
v -0.04448 0.27621 -0.02528
v -0.06618 0.27144 -0.02804
v -0.08725 0.26482 -0.03186
v -0.10748 0.25643 -0.0367
v -0.12667 0.24634 -0.04253
v -0.14464 0.23464 -0.04928
v -0.16122 0.22146 -0.05689
v -0.17625 0.20691 -0.06529
v -0.18958 0.19114 -0.0744
v -0.20108 0.1743 -0.08412
v -0.21064 0.15656 -0.09436
v -0.21818 0.13807 -0.10504
v -0.22362 0.11903 -0.11603
v -0.2269 0.09961 -0.12724
v -0.24 0.07 -0.12124
v -0.23884 0.04929 -0.1332
v -0.23539 0.02878 -0.14504
v -0.22967 0.00866 -0.15666
v -0.22173 -0.01086 -0.16793
v -0.21166 -0.02961 -0.17875
v -0.19955 -0.0474 -0.18902
v -0.18552 -0.06405 -0.19864
v -0.16971 -0.07942 -0.20751
v -0.15225 -0.09334 -0.21555
v -0.13334 -0.1057 -0.22268
v -0.11314 -0.11636 -0.22884
v -0.09184 -0.12523 -0.23396
v -0.06967 -0.13221 -0.23799
v -0.04682 -0.13725 -0.2409
v -0.02352 -0.14029 -0.24266
v 0 -0.14131 -0.24324
v 0.02352 -0.14029 -0.24266
v 0.04682 -0.13725 -0.2409
v 0.06967 -0.13221 -0.23799
v 0.09184 -0.12523 -0.23396
v 0.11314 -0.11636 -0.22884
v 0.13334 -0.1057 -0.22268
v 0.15225 -0.09334 -0.21555
v 0.16971 -0.07942 -0.20751
v 0.18552 -0.06405 -0.19864
v 0.19955 -0.0474 -0.18902
v 0.21166 -0.02961 -0.17875
v 0.22173 -0.01086 -0.16793
v 0.22967 0.00866 -0.15666
v 0.23539 0.02878 -0.14504
v 0.23884 0.04929 -0.1332
v 0.24 0.07 -0.12124
v 0.23884 0.09071 -0.10929
v 0.23539 0.11122 -0.09744
v 0.22967 0.13134 -0.08583
v 0.22173 0.15086 -0.07456
v 0.21166 0.16961 -0.06373
v 0.19955 0.1874 -0.05346
v 0.18552 0.20405 -0.04385
v 0.16971 0.21942 -0.03498
v 0.15225 0.23334 -0.02694
v 0.13334 0.2457 -0.0198
v 0.11314 0.25636 -0.01365
v 0.09184 0.26523 -0.00853
v 0.06967 0.27221 -0.0045
v 0.04682 0.27725 -0.00159
v 0.02352 0.28029 0.00017
v 0 0.28131 0.00076
v -0.02352 0.28029 0.00017
v -0.04682 0.27725 -0.00159
v -0.06967 0.27221 -0.0045
v -0.09184 0.26523 -0.00853
v -0.11314 0.25636 -0.01365
v -0.13334 0.2457 -0.0198
v -0.15225 0.23334 -0.02694
v -0.16971 0.21942 -0.03498
v -0.18552 0.20405 -0.04385
v -0.19955 0.1874 -0.05346
v -0.21166 0.16961 -0.06373
v -0.22173 0.15086 -0.07456
v -0.22967 0.13134 -0.08583
v -0.23539 0.11122 -0.09744
v -0.23884 0.09071 -0.10929
v -0.252 0.062 -0.10739
v -0.25079 0.04061 -0.11974
v -0.24716 0.01942 -0.13197
v -0.24115 -0.00135 -0.14396
v -0.23282 -0.02152 -0.15561
v -0.22224 -0.04088 -0.16678
v -0.20953 -0.05925 -0.17739
v -0.1948 -0.07645 -0.18732
v -0.17819 -0.09232 -0.19648
v -0.15987 -0.1067 -0.20479
v -0.14 -0.11946 -0.21215
v -0.11879 -0.13047 -0.21851
v -0.09644 -0.13963 -0.2238
v -0.07315 -0.14684 -0.22796
v -0.04916 -0.15205 -0.23097
v -0.0247 -0.15519 -0.23278
v 0 -0.15624 -0.23339
v 0.0247 -0.15519 -0.23278
v 0.04916 -0.15205 -0.23097
v 0.07315 -0.14684 -0.22796
v 0.09644 -0.13963 -0.2238
v 0.11879 -0.13047 -0.21851
v 0.14 -0.11946 -0.21215
v 0.15987 -0.1067 -0.20479
v 0.17819 -0.09232 -0.19648
v 0.1948 -0.07645 -0.18732
v 0.20953 -0.05925 -0.17739
v 0.22224 -0.04088 -0.16678
v 0.23282 -0.02152 -0.15561
v 0.24115 -0.00135 -0.14396
v 0.24716 0.01942 -0.13197
v 0.25079 0.04061 -0.11974
v 0.252 0.062 -0.10739
v 0.25079 0.08339 -0.09504
v 0.24716 0.10458 -0.08281
v 0.24115 0.12535 -0.07081
v 0.23282 0.14552 -0.05917
v 0.22224 0.16488 -0.04799
v 0.20953 0.18325 -0.03739
v 0.1948 0.20045 -0.02745
v 0.17819 0.21632 -0.01829
v 0.15987 0.2307 -0.00999
v 0.14 0.24346 -0.00262
v 0.11879 0.25447 0.00373
v 0.09644 0.26363 0.00902
v 0.07315 0.27084 0.01319
v 0.04916 0.27605 0.01619
v 0.0247 0.27919 0.01801
v 0 0.28024 0.01861
v -0.0247 0.27919 0.01801
v -0.04916 0.27605 0.01619
v -0.07315 0.27084 0.01319
v -0.09644 0.26363 0.00902
v -0.11879 0.25447 0.00373
v -0.14 0.24346 -0.00262
v -0.15987 0.2307 -0.00999
v -0.17819 0.21632 -0.01829
v -0.1948 0.20045 -0.02745
v -0.20953 0.18325 -0.03739
v -0.22224 0.16488 -0.04799
v -0.23282 0.14552 -0.05917
v -0.24115 0.12535 -0.07081
v -0.24716 0.10458 -0.08281
v -0.25079 0.08339 -0.09504
v -0.26 0.048 -0.08314
v -0.25875 0.02559 -0.09608
v -0.255 0.0034 -0.10889
v -0.2488 -0.01837 -0.12146
v -0.24021 -0.03949 -0.13365
v -0.2293 -0.05978 -0.14536
v -0.21618 -0.07902 -0.15647
v -0.20098 -0.09704 -0.16688
v -0.18385 -0.11367 -0.17648
v -0.16494 -0.12873 -0.18518
v -0.14445 -0.1421 -0.19289
v -0.12256 -0.15363 -0.19955
v -0.0995 -0.16323 -0.20509
v -0.07547 -0.17079 -0.20945
v -0.05072 -0.17624 -0.2126
v -0.02548 -0.17953 -0.2145
v 0 -0.18063 -0.21514
v 0.02548 -0.17953 -0.2145
v 0.05072 -0.17624 -0.2126
v 0.07547 -0.17079 -0.20945
v 0.0995 -0.16323 -0.20509
v 0.12256 -0.15363 -0.19955
v 0.14445 -0.1421 -0.19289
v 0.16494 -0.12873 -0.18518
v 0.18385 -0.11367 -0.17648
v 0.20098 -0.09704 -0.16688
v 0.21618 -0.07902 -0.15647
v 0.2293 -0.05978 -0.14536
v 0.24021 -0.03949 -0.13365
v 0.2488 -0.01837 -0.12146
v 0.255 0.0034 -0.10889
v 0.25875 0.02559 -0.09608
v 0.26 0.048 -0.08314
v 0.25875 0.07041 -0.0702
v 0.255 0.0926 -0.05739
v 0.2488 0.11437 -0.04482
v 0.24021 0.13549 -0.03262
v 0.2293 0.15578 -0.02091
v 0.21618 0.17502 -0.0098
v 0.20098 0.19304 0.0006
v 0.18385 0.20967 0.0102
v 0.16494 0.22473 0.0189
v 0.14445 0.2381 0.02662
v 0.12256 0.24963 0.03328
v 0.0995 0.25923 0.03881
v 0.07547 0.26679 0.04318
v 0.05072 0.27224 0.04633
v 0.02548 0.27553 0.04823
v 0 0.27663 0.04886
v -0.02548 0.27553 0.04823
v -0.05072 0.27224 0.04633
v -0.07547 0.26679 0.04318
v -0.0995 0.25923 0.03881
v -0.12256 0.24963 0.03328
v -0.14445 0.2381 0.02662
v -0.16494 0.22473 0.0189
v -0.18385 0.20967 0.0102
v -0.20098 0.19304 0.0006
v -0.21618 0.17502 -0.0098
v -0.2293 0.15578 -0.02091
v -0.24021 0.13549 -0.03262
v -0.2488 0.11437 -0.04482
v -0.255 0.0926 -0.05739
v -0.25875 0.07041 -0.0702
v -0.268 0.04 -0.06928
v -0.26671 0.01734 -0.08237
v -0.26285 -0.00511 -0.09533
v -0.25646 -0.02712 -0.10804
v -0.2476 -0.04849 -0.12037
v -0.23635 -0.069 -0.13221
v -0.22283 -0.08846 -0.14345
v -0.20717 -0.10669 -0.15397
v -0.1895 -0.1235 -0.16368
v -0.17002 -0.13874 -0.17248
v -0.14889 -0.15226 -0.18028
v -0.12633 -0.16393 -0.18702
v -0.10256 -0.17363 -0.19262
v -0.0778 -0.18127 -0.19703
v -0.05228 -0.18679 -0.20022
v -0.02627 -0.19012 -0.20214
v 0 -0.19123 -0.20278
v 0.02627 -0.19012 -0.20214
v 0.05228 -0.18679 -0.20022
v 0.0778 -0.18127 -0.19703
v 0.10256 -0.17363 -0.19262
v 0.12633 -0.16393 -0.18702
v 0.14889 -0.15226 -0.18028
v 0.17002 -0.13874 -0.17248
v 0.1895 -0.1235 -0.16368
v 0.20717 -0.10669 -0.15397
v 0.22283 -0.08846 -0.14345
v 0.23635 -0.069 -0.13221
v 0.2476 -0.04849 -0.12037
v 0.25646 -0.02712 -0.10804
v 0.26285 -0.00511 -0.09533
v 0.26671 0.01734 -0.08237
v 0.268 0.04 -0.06928
v 0.26671 0.06266 -0.0562
v 0.26285 0.08511 -0.04324
v 0.25646 0.10712 -0.03053
v 0.2476 0.12849 -0.01819
v 0.23635 0.149 -0.00635
v 0.22283 0.16846 0.00489
v 0.20717 0.18669 0.01541
v 0.1895 0.2035 0.02512
v 0.17002 0.21874 0.03391
v 0.14889 0.23226 0.04172
v 0.12633 0.24393 0.04845
v 0.10256 0.25363 0.05406
v 0.0778 0.26127 0.05847
v 0.05228 0.26679 0.06165
v 0.02627 0.27012 0.06358
v 0 0.27123 0.06422
v -0.02627 0.27012 0.06358
v -0.05228 0.26679 0.06165
v -0.0778 0.26127 0.05847
v -0.10256 0.25363 0.05406
v -0.12633 0.24393 0.04845
v -0.14889 0.23226 0.04172
v -0.17002 0.21874 0.03391
v -0.1895 0.2035 0.02512
v -0.20717 0.18669 0.01541
v -0.22283 0.16846 0.00489
v -0.23635 0.149 -0.00635
v -0.2476 0.12849 -0.01819
v -0.25646 0.10712 -0.03053
v -0.26285 0.08511 -0.04324
v -0.26671 0.06266 -0.0562
v -0.272 0.03 -0.05196
v -0.27069 0.00691 -0.06529
v -0.26677 -0.01596 -0.07849
v -0.26029 -0.03838 -0.09144
v -0.2513 -0.06014 -0.10401
v -0.23988 -0.08104 -0.11607
v -0.22616 -0.10087 -0.12752
v -0.21026 -0.11944 -0.13824
v -0.19233 -0.13657 -0.14813
v -0.17255 -0.15209 -0.15709
v -0.15112 -0.16586 -0.16504
v -0.12822 -0.17774 -0.1719
v -0.10409 -0.18763 -0.17761
v -0.07896 -0.19542 -0.18211
v -0.05306 -0.20103 -0.18535
v -0.02666 -0.20442 -0.18731
v 0 -0.20556 -0.18796
v 0.02666 -0.20442 -0.18731
v 0.05306 -0.20103 -0.18535
v 0.07896 -0.19542 -0.18211
v 0.10409 -0.18763 -0.17761
v 0.12822 -0.17774 -0.1719
v 0.15112 -0.16586 -0.16504
v 0.17255 -0.15209 -0.15709
v 0.19233 -0.13657 -0.14813
v 0.21026 -0.11944 -0.13824
v 0.22616 -0.10087 -0.12752
v 0.23988 -0.08104 -0.11607
v 0.2513 -0.06014 -0.10401
v 0.26029 -0.03838 -0.09144
v 0.26677 -0.01596 -0.07849
v 0.27069 0.00691 -0.06529
v 0.272 0.03 -0.05196
v 0.27069 0.05309 -0.03863
v 0.26677 0.07596 -0.02543
v 0.26029 0.09838 -0.01248
v 0.2513 0.12014 0.00008
v 0.23988 0.14104 0.01215
v 0.22616 0.16087 0.0236
v 0.21026 0.17944 0.03432
v 0.19233 0.19657 0.0442
v 0.17255 0.21209 0.05317
v 0.15112 0.22586 0.06112
v 0.12822 0.23774 0.06798
v 0.10409 0.24763 0.07369
v 0.07896 0.25542 0.07818
v 0.05306 0.26103 0.08143
v 0.02666 0.26442 0.08338
v 0 0.26556 0.08404
v -0.02666 0.26442 0.08338
v -0.05306 0.26103 0.08143
v -0.07896 0.25542 0.07818
v -0.10409 0.24763 0.07369
v -0.12822 0.23774 0.06798
v -0.15112 0.22586 0.06112
v -0.17255 0.21209 0.05317
v -0.19233 0.19657 0.0442
v -0.21026 0.17944 0.03432
v -0.22616 0.16087 0.0236
v -0.23988 0.14104 0.01215
v -0.2513 0.12014 0.00008
v -0.26029 0.09838 -0.01248
v -0.26677 0.07596 -0.02543
v -0.27069 0.05309 -0.03863
v -0.276 0.02 -0.03464
v -0.27467 -0.00334 -0.04812
v -0.2707 -0.02646 -0.06147
v -0.26412 -0.04913 -0.07456
v -0.25499 -0.07114 -0.08726
v -0.24341 -0.09227 -0.09946
v -0.22949 -0.11231 -0.11103
v -0.21335 -0.13109 -0.12187
v -0.19516 -0.1484 -0.13187
v -0.17509 -0.1641 -0.14093
v -0.15334 -0.17802 -0.14897
v -0.13011 -0.19004 -0.15591
v -0.10562 -0.20003 -0.16167
v -0.08012 -0.2079 -0.16622
v -0.05384 -0.21358 -0.1695
v -0.02705 -0.21701 -0.17148
v 0 -0.21816 -0.17214
v 0.02705 -0.21701 -0.17148
v 0.05384 -0.21358 -0.1695
v 0.08012 -0.2079 -0.16622
v 0.10562 -0.20003 -0.16167
v 0.13011 -0.19004 -0.15591
v 0.15334 -0.17802 -0.14897
v 0.17509 -0.1641 -0.14093
v 0.19516 -0.1484 -0.13187
v 0.21335 -0.13109 -0.12187
v 0.22949 -0.11231 -0.11103
v 0.24341 -0.09227 -0.09946
v 0.25499 -0.07114 -0.08726
v 0.26412 -0.04913 -0.07456
v 0.2707 -0.02646 -0.06147
v 0.27467 -0.00334 -0.04812
v 0.276 0.02 -0.03464
v 0.27467 0.04334 -0.02116
v 0.2707 0.06646 -0.00782
v 0.26412 0.08913 0.00527
v 0.25499 0.11114 0.01798
v 0.24341 0.13227 0.03018
v 0.22949 0.15231 0.04175
v 0.21335 0.17109 0.05259
v 0.19516 0.1884 0.06259
v 0.17509 0.2041 0.07165
v 0.15334 0.21802 0.07969
v 0.13011 0.23004 0.08662
v 0.10562 0.24003 0.09239
v 0.08012 0.2479 0.09694
v 0.05384 0.25358 0.10022
v 0.02705 0.25701 0.1022
v 0 0.25816 0.10286
v -0.02705 0.25701 0.1022
v -0.05384 0.25358 0.10022
v -0.08012 0.2479 0.09694
v -0.10562 0.24003 0.09239
v -0.13011 0.23004 0.08662
v -0.15334 0.21802 0.07969
v -0.17509 0.2041 0.07165
v -0.19516 0.1884 0.06259
v -0.21335 0.17109 0.05259
v -0.22949 0.15231 0.04175
v -0.24341 0.13227 0.03018
v -0.25499 0.11114 0.01798
v -0.26412 0.08913 0.00527
v -0.2707 0.06646 -0.00782
v -0.27467 0.04334 -0.02116
v -0.2792 0.005 -0.00866
v -0.27786 -0.01851 -0.02224
v -0.27384 -0.0418 -0.03568
v -0.26718 -0.06464 -0.04886
v -0.25795 -0.0868 -0.06166
v -0.24623 -0.10808 -0.07395
v -0.23215 -0.12828 -0.08561
v -0.21582 -0.14718 -0.09652
v -0.19742 -0.16463 -0.10659
v -0.17712 -0.18044 -0.11572
v -0.15512 -0.19446 -0.12382
v -0.13161 -0.20656 -0.13081
v -0.10685 -0.21663 -0.13662
v -0.08105 -0.22456 -0.1412
v -0.05447 -0.23028 -0.1445
v -0.02737 -0.23373 -0.14649
v 0 -0.23489 -0.14716
v 0.02737 -0.23373 -0.14649
v 0.05447 -0.23028 -0.1445
v 0.08105 -0.22456 -0.1412
v 0.10685 -0.21663 -0.13662
v 0.13161 -0.20656 -0.13081
v 0.15512 -0.19446 -0.12382
v 0.17712 -0.18044 -0.11572
v 0.19742 -0.16463 -0.10659
v 0.21582 -0.14718 -0.09652
v 0.23215 -0.12828 -0.08561
v 0.24623 -0.10808 -0.07395
v 0.25795 -0.0868 -0.06166
v 0.26718 -0.06464 -0.04886
v 0.27384 -0.0418 -0.03568
v 0.27786 -0.01851 -0.02224
v 0.2792 0.005 -0.00866
v 0.27786 0.02851 0.00492
v 0.27384 0.0518 0.01836
v 0.26718 0.07464 0.03154
v 0.25795 0.0968 0.04434
v 0.24623 0.11808 0.05663
v 0.23215 0.13828 0.06829
v 0.21582 0.15718 0.0792
v 0.19742 0.17463 0.08927
v 0.17712 0.19044 0.0984
v 0.15512 0.20446 0.1065
v 0.13161 0.21656 0.11349
v 0.10685 0.22663 0.1193
v 0.08105 0.23456 0.12388
v 0.05447 0.24028 0.12718
v 0.02737 0.24373 0.12917
v 0 0.24489 0.12984
v -0.02737 0.24373 0.12917
v -0.05447 0.24028 0.12718
v -0.08105 0.23456 0.12388
v -0.10685 0.22663 0.1193
v -0.13161 0.21656 0.11349
v -0.15512 0.20446 0.1065
v -0.17712 0.19044 0.0984
v -0.19742 0.17463 0.08927
v -0.21582 0.15718 0.0792
v -0.23215 0.13828 0.06829
v -0.24623 0.11808 0.05663
v -0.25795 0.0968 0.04434
v -0.26718 0.07464 0.03154
v -0.27384 0.0518 0.01836
v -0.27786 0.02851 0.00492
v -0.28 0 0
v -0.27865 -0.02285 -0.01319
v -0.27462 -0.04548 -0.02626
v -0.26794 -0.06768 -0.03907
v -0.25869 -0.08922 -0.05151
v -0.24694 -0.1099 -0.06345
v -0.23281 -0.12952 -0.07478
v -0.21644 -0.1479 -0.08539
v -0.19799 -0.16485 -0.09518
v -0.17763 -0.18022 -0.10405
v -0.15556 -0.19384 -0.11192
v -0.13199 -0.20561 -0.11871
v -0.10715 -0.21539 -0.12435
v -0.08128 -0.2231 -0.1288
v -0.05463 -0.22865 -0.13201
v -0.02744 -0.23201 -0.13395
v 0 -0.23313 -0.1346
v 0.02744 -0.23201 -0.13395
v 0.05463 -0.22865 -0.13201
v 0.08128 -0.2231 -0.1288
v 0.10715 -0.21539 -0.12435
v 0.13199 -0.20561 -0.11871
v 0.15556 -0.19384 -0.11192
v 0.17763 -0.18022 -0.10405
v 0.19799 -0.16485 -0.09518
v 0.21644 -0.1479 -0.08539
v 0.23281 -0.12952 -0.07478
v 0.24694 -0.1099 -0.06345
v 0.25869 -0.08922 -0.05151
v 0.26794 -0.06768 -0.03907
v 0.27462 -0.04548 -0.02626
v 0.27865 -0.02285 -0.01319
v 0.28 0 0
v 0.27865 0.02285 0.01319
v 0.27462 0.04548 0.02626
v 0.26794 0.06768 0.03907
v 0.25869 0.08922 0.05151
v 0.24694 0.1099 0.06345
v 0.23281 0.12952 0.07478
v 0.21644 0.1479 0.08539
v 0.19799 0.16485 0.09518
v 0.17763 0.18022 0.10405
v 0.15556 0.19384 0.11192
v 0.13199 0.20561 0.11871
v 0.10715 0.21539 0.12435
v 0.08128 0.2231 0.1288
v 0.05463 0.22865 0.13201
v 0.02744 0.23201 0.13395
v 0 0.23313 0.1346
v -0.02744 0.23201 0.13395
v -0.05463 0.22865 0.13201
v -0.08128 0.2231 0.1288
v -0.10715 0.21539 0.12435
v -0.13199 0.20561 0.11871
v -0.15556 0.19384 0.11192
v -0.17763 0.18022 0.10405
v -0.19799 0.16485 0.09518
v -0.21644 0.1479 0.08539
v -0.23281 0.12952 0.07478
v -0.24694 0.1099 0.06345
v -0.25869 0.08922 0.05151
v -0.26794 0.06768 0.03907
v -0.27462 0.04548 0.02626
v -0.27865 0.02285 0.01319
v -0.2726 -0.005 0.00866
v -0.27129 -0.02785 -0.00453
v -0.26736 -0.05048 -0.0176
v -0.26086 -0.07268 -0.03041
v -0.25185 -0.09422 -0.04285
v -0.24041 -0.1149 -0.05479
v -0.22666 -0.13452 -0.06612
v -0.21072 -0.1529 -0.07673
v -0.19276 -0.16985 -0.08652
v -0.17294 -0.18522 -0.09539
v -0.15145 -0.19884 -0.10326
v -0.1285 -0.21061 -0.11005
v -0.10432 -0.22039 -0.11569
v -0.07913 -0.2281 -0.12014
v -0.05318 -0.23365 -0.12335
v -0.02672 -0.23701 -0.12529
v 0 -0.23813 -0.12594
v 0.02672 -0.23701 -0.12529
v 0.05318 -0.23365 -0.12335
v 0.07913 -0.2281 -0.12014
v 0.10432 -0.22039 -0.11569
v 0.1285 -0.21061 -0.11005
v 0.15145 -0.19884 -0.10326
v 0.17294 -0.18522 -0.09539
v 0.19276 -0.16985 -0.08652
v 0.21072 -0.1529 -0.07673
v 0.22666 -0.13452 -0.06612
v 0.24041 -0.1149 -0.05479
v 0.25185 -0.09422 -0.04285
v 0.26086 -0.07268 -0.03041
v 0.26736 -0.05048 -0.0176
v 0.27129 -0.02785 -0.00453
v 0.2726 -0.005 0.00866
v 0.27129 0.01785 0.02185
v 0.26736 0.04048 0.03492
v 0.26086 0.06268 0.04773
v 0.25185 0.08422 0.06017
v 0.24041 0.1049 0.07211
v 0.22666 0.12452 0.08344
v 0.21072 0.1429 0.09405
v 0.19276 0.15985 0.10384
v 0.17294 0.17522 0.11271
v 0.15145 0.18884 0.12058
v 0.1285 0.20061 0.12737
v 0.10432 0.21039 0.13301
v 0.07913 0.2181 0.13746
v 0.05318 0.22365 0.14067
v 0.02672 0.22701 0.14261
v 0 0.22813 0.14326
v -0.02672 0.22701 0.14261
v -0.05318 0.22365 0.14067
v -0.07913 0.2181 0.13746
v -0.10432 0.21039 0.13301
v -0.1285 0.20061 0.12737
v -0.15145 0.18884 0.12058
v -0.17294 0.17522 0.11271
v -0.19276 0.15985 0.10384
v -0.21072 0.1429 0.09405
v -0.22666 0.12452 0.08344
v -0.24041 0.1049 0.07211
v -0.25185 0.08422 0.06017
v -0.26086 0.06268 0.04773
v -0.26736 0.04048 0.03492
v -0.27129 0.01785 0.02185
v -0.266 -0.02 0.03464
v -0.26472 -0.04258 0.0216
v -0.26089 -0.06494 0.00869
v -0.25455 -0.08687 -0.00397
v -0.24575 -0.10816 -0.01626
v -0.23459 -0.12859 -0.02805
v -0.22117 -0.14798 -0.03925
v -0.20562 -0.16614 -0.04973
v -0.18809 -0.18289 -0.0594
v -0.16875 -0.19807 -0.06817
v -0.14778 -0.21154 -0.07594
v -0.12539 -0.22316 -0.08265
v -0.10179 -0.23283 -0.08823
v -0.07722 -0.24044 -0.09263
v -0.05189 -0.24594 -0.0958
v -0.02607 -0.24925 -0.09772
v 0 -0.25036 -0.09836
v 0.02607 -0.24925 -0.09772
v 0.05189 -0.24594 -0.0958
v 0.07722 -0.24044 -0.09263
v 0.10179 -0.23283 -0.08823
v 0.12539 -0.22316 -0.08265
v 0.14778 -0.21154 -0.07594
v 0.16875 -0.19807 -0.06817
v 0.18809 -0.18289 -0.0594
v 0.20562 -0.16614 -0.04973
v 0.22117 -0.14798 -0.03925
v 0.23459 -0.12859 -0.02805
v 0.24575 -0.10816 -0.01626
v 0.25455 -0.08687 -0.00397
v 0.26089 -0.06494 0.00869
v 0.26472 -0.04258 0.0216
v 0.266 -0.02 0.03464
v 0.26472 0.00258 0.04768
v 0.26089 0.02494 0.06059
v 0.25455 0.04687 0.07325
v 0.24575 0.06816 0.08554
v 0.23459 0.08859 0.09734
v 0.22117 0.10798 0.10853
v 0.20562 0.12614 0.11902
v 0.18809 0.14289 0.12869
v 0.16875 0.15807 0.13745
v 0.14778 0.17154 0.14523
v 0.12539 0.18316 0.15194
v 0.10179 0.19283 0.15752
v 0.07722 0.20044 0.16191
v 0.05189 0.20594 0.16509
v 0.02607 0.20925 0.167
v 0 0.21036 0.16764
v -0.02607 0.20925 0.167
v -0.05189 0.20594 0.16509
v -0.07722 0.20044 0.16191
v -0.10179 0.19283 0.15752
v -0.12539 0.18316 0.15194
v -0.14778 0.17154 0.14523
v -0.16875 0.15807 0.13745
v -0.18809 0.14289 0.12869
v -0.20562 0.12614 0.11902
v -0.22117 0.10798 0.10853
v -0.23459 0.08859 0.09734
v -0.24575 0.06816 0.08554
v -0.25455 0.04687 0.07325
v -0.26089 0.02494 0.06059
v -0.26472 0.00258 0.04768
v -0.272 -0.03 0.05196
v -0.27069 -0.05309 0.03863
v -0.26677 -0.07596 0.02543
v -0.26029 -0.09838 0.01248
v -0.2513 -0.12014 -0.00008
v -0.23988 -0.14104 -0.01215
v -0.22616 -0.16087 -0.0236
v -0.21026 -0.17944 -0.03432
v -0.19233 -0.19657 -0.0442
v -0.17255 -0.21209 -0.05317
v -0.15112 -0.22586 -0.06112
v -0.12822 -0.23774 -0.06798
v -0.10409 -0.24763 -0.07369
v -0.07896 -0.25542 -0.07818
v -0.05306 -0.26103 -0.08143
v -0.02666 -0.26442 -0.08338
v 0 -0.26556 -0.08404
v 0.02666 -0.26442 -0.08338
v 0.05306 -0.26103 -0.08143
v 0.07896 -0.25542 -0.07818
v 0.10409 -0.24763 -0.07369
v 0.12822 -0.23774 -0.06798
v 0.15112 -0.22586 -0.06112
v 0.17255 -0.21209 -0.05317
v 0.19233 -0.19657 -0.0442
v 0.21026 -0.17944 -0.03432
v 0.22616 -0.16087 -0.0236
v 0.23988 -0.14104 -0.01215
v 0.2513 -0.12014 -0.00008
v 0.26029 -0.09838 0.01248
v 0.26677 -0.07596 0.02543
v 0.27069 -0.05309 0.03863
v 0.272 -0.03 0.05196
v 0.27069 -0.00691 0.06529
v 0.26677 0.01596 0.07849
v 0.26029 0.03838 0.09144
v 0.2513 0.06014 0.10401
v 0.23988 0.08104 0.11607
v 0.22616 0.10087 0.12752
v 0.21026 0.11944 0.13824
v 0.19233 0.13657 0.14813
v 0.17255 0.15209 0.15709
v 0.15112 0.16586 0.16504
v 0.12822 0.17774 0.1719
v 0.10409 0.18763 0.17761
v 0.07896 0.19542 0.18211
v 0.05306 0.20103 0.18535
v 0.02666 0.20442 0.18731
v 0 0.20556 0.18796
v -0.02666 0.20442 0.18731
v -0.05306 0.20103 0.18535
v -0.07896 0.19542 0.18211
v -0.10409 0.18763 0.17761
v -0.12822 0.17774 0.1719
v -0.15112 0.16586 0.16504
v -0.17255 0.15209 0.15709
v -0.19233 0.13657 0.14813
v -0.21026 0.11944 0.13824
v -0.22616 0.10087 0.12752
v -0.23988 0.08104 0.11607
v -0.2513 0.06014 0.10401
v -0.26029 0.03838 0.09144
v -0.26677 0.01596 0.07849
v -0.27069 -0.00691 0.06529
v -0.268 -0.04 0.06928
v -0.26671 -0.06275 0.05615
v -0.26285 -0.08528 0.04314
v -0.25646 -0.10737 0.03038
v -0.2476 -0.12882 0.018
v -0.23635 -0.14941 0.00611
v -0.22283 -0.16894 -0.00516
v -0.20717 -0.18724 -0.01573
v -0.1895 -0.20412 -0.02547
v -0.17002 -0.21941 -0.0343
v -0.14889 -0.23298 -0.04213
v -0.12633 -0.24469 -0.0489
v -0.10256 -0.25443 -0.05452
v -0.0778 -0.2621 -0.05895
v -0.05228 -0.26764 -0.06214
v -0.02627 -0.27098 -0.06407
v 0 -0.27209 -0.06472
v 0.02627 -0.27098 -0.06407
v 0.05228 -0.26764 -0.06214
v 0.0778 -0.2621 -0.05895
v 0.10256 -0.25443 -0.05452
v 0.12633 -0.24469 -0.0489
v 0.14889 -0.23298 -0.04213
v 0.17002 -0.21941 -0.0343
v 0.1895 -0.20412 -0.02547
v 0.20717 -0.18724 -0.01573
v 0.22283 -0.16894 -0.00516
v 0.23635 -0.14941 0.00611
v 0.2476 -0.12882 0.018
v 0.25646 -0.10737 0.03038
v 0.26285 -0.08528 0.04314
v 0.26671 -0.06275 0.05615
v 0.268 -0.04 0.06928
v 0.26671 -0.01725 0.08242
v 0.26285 0.00528 0.09542
v 0.25646 0.02737 0.10818
v 0.2476 0.04882 0.12056
v 0.23635 0.06941 0.13245
v 0.22283 0.08894 0.14373
v 0.20717 0.10724 0.15429
v 0.1895 0.12412 0.16403
v 0.17002 0.13941 0.17287
v 0.14889 0.15298 0.1807
v 0.12633 0.16469 0.18746
v 0.10256 0.17443 0.19308
v 0.0778 0.1821 0.19751
v 0.05228 0.18764 0.20071
v 0.02627 0.19098 0.20264
v 0 0.19209 0.20328
v -0.02627 0.19098 0.20264
v -0.05228 0.18764 0.20071
v -0.0778 0.1821 0.19751
v -0.10256 0.17443 0.19308
v -0.12633 0.16469 0.18746
v -0.14889 0.15298 0.1807
v -0.17002 0.13941 0.17287
v -0.1895 0.12412 0.16403
v -0.20717 0.10724 0.15429
v -0.22283 0.08894 0.14373
v -0.23635 0.06941 0.13245
v -0.2476 0.04882 0.12056
v -0.25646 0.02737 0.10818
v -0.26285 0.00528 0.09542
v -0.26671 -0.01725 0.08242
v -0.26 -0.05 0.0866
v -0.25875 -0.07207 0.07386
v -0.255 -0.09393 0.06124
v -0.2488 -0.11536 0.04887
v -0.24021 -0.13617 0.03685
v -0.2293 -0.15614 0.02532
v -0.21618 -0.1751 0.01438
v -0.20098 -0.19284 0.00413
v -0.18385 -0.20922 -0.00532
v -0.16494 -0.22406 -0.01389
v -0.14445 -0.23722 -0.02149
v -0.12256 -0.24858 -0.02805
v -0.0995 -0.25803 -0.0335
v -0.07547 -0.26547 -0.0378
v -0.05072 -0.27084 -0.0409
v -0.02548 -0.27408 -0.04277
v 0 -0.27517 -0.0434
v 0.02548 -0.27408 -0.04277
v 0.05072 -0.27084 -0.0409
v 0.07547 -0.26547 -0.0378
v 0.0995 -0.25803 -0.0335
v 0.12256 -0.24858 -0.02805
v 0.14445 -0.23722 -0.02149
v 0.16494 -0.22406 -0.01389
v 0.18385 -0.20922 -0.00532
v 0.20098 -0.19284 0.00413
v 0.21618 -0.1751 0.01438
v 0.2293 -0.15614 0.02532
v 0.24021 -0.13617 0.03685
v 0.2488 -0.11536 0.04887
v 0.255 -0.09393 0.06124
v 0.25875 -0.07207 0.07386
v 0.26 -0.05 0.0866
v 0.25875 -0.02793 0.09934
v 0.255 -0.00607 0.11196
v 0.2488 0.01536 0.12434
v 0.24021 0.03617 0.13635
v 0.2293 0.05614 0.14788
v 0.21618 0.0751 0.15883
v 0.20098 0.09284 0.16907
v 0.18385 0.10922 0.17853
v 0.16494 0.12406 0.18709
v 0.14445 0.13722 0.19469
v 0.12256 0.14858 0.20125
v 0.0995 0.15803 0.20671
v 0.07547 0.16547 0.211
v 0.05072 0.17084 0.2141
v 0.02548 0.17408 0.21598
v 0 0.17517 0.2166
v -0.02548 0.17408 0.21598
v -0.05072 0.17084 0.2141
v -0.07547 0.16547 0.211
v -0.0995 0.15803 0.20671
v -0.12256 0.14858 0.20125
v -0.14445 0.13722 0.19469
v -0.16494 0.12406 0.18709
v -0.18385 0.10922 0.17853
v -0.20098 0.09284 0.16907
v -0.21618 0.0751 0.15883
v -0.2293 0.05614 0.14788
v -0.24021 0.03617 0.13635
v -0.2488 0.01536 0.12434
v -0.255 -0.00607 0.11196
v -0.25875 -0.02793 0.09934
v -0.252 -0.06 0.10392
v -0.25079 -0.08139 0.09157
v -0.24716 -0.10258 0.07934
v -0.24115 -0.12335 0.06735
v -0.23282 -0.14352 0.0557
v -0.22224 -0.16288 0.04453
v -0.20953 -0.18125 0.03392
v -0.1948 -0.19845 0.02399
v -0.17819 -0.21432 0.01483
v -0.15987 -0.2287 0.00652
v -0.14 -0.24146 -0.00084
v -0.11879 -0.25247 -0.0072
v -0.09644 -0.26163 -0.01249
v -0.07315 -0.26884 -0.01665
v -0.04916 -0.27405 -0.01966
v -0.0247 -0.27719 -0.02147
v 0 -0.27824 -0.02208
v 0.0247 -0.27719 -0.02147
v 0.04916 -0.27405 -0.01966
v 0.07315 -0.26884 -0.01665
v 0.09644 -0.26163 -0.01249
v 0.11879 -0.25247 -0.0072
v 0.14 -0.24146 -0.00084
v 0.15987 -0.2287 0.00652
v 0.17819 -0.21432 0.01483
v 0.1948 -0.19845 0.02399
v 0.20953 -0.18125 0.03392
v 0.22224 -0.16288 0.04453
v 0.23282 -0.14352 0.0557
v 0.24115 -0.12335 0.06735
v 0.24716 -0.10258 0.07934
v 0.25079 -0.08139 0.09157
v 0.252 -0.06 0.10392
v 0.25079 -0.03861 0.11627
v 0.24716 -0.01742 0.1285
v 0.24115 0.00335 0.1405
v 0.23282 0.02352 0.15214
v 0.22224 0.04288 0.16332
v 0.20953 0.06125 0.17392
v 0.1948 0.07845 0.18386
v 0.17819 0.09432 0.19302
v 0.15987 0.1087 0.20132
v 0.14 0.12146 0.20869
v 0.11879 0.13247 0.21505
v 0.09644 0.14163 0.22033
v 0.07315 0.14884 0.2245
v 0.04916 0.15405 0.2275
v 0.0247 0.15719 0.22932
v 0 0.15824 0.22992
v -0.0247 0.15719 0.22932
v -0.04916 0.15405 0.2275
v -0.07315 0.14884 0.2245
v -0.09644 0.14163 0.22033
v -0.11879 0.13247 0.21505
v -0.14 0.12146 0.20869
v -0.15987 0.1087 0.20132
v -0.17819 0.09432 0.19302
v -0.1948 0.07845 0.18386
v -0.20953 0.06125 0.17392
v -0.22224 0.04288 0.16332
v -0.23282 0.02352 0.15214
v -0.24115 0.00335 0.1405
v -0.24716 -0.01742 0.1285
v -0.25079 -0.03861 0.11627
v -0.24 -0.07 0.12124
v -0.23884 -0.09037 0.10948
v -0.23539 -0.11055 0.09783
v -0.22967 -0.13033 0.08641
v -0.22173 -0.14954 0.07532
v -0.21166 -0.16798 0.06468
v -0.19955 -0.18547 0.05458
v -0.18552 -0.20186 0.04512
v -0.16971 -0.21697 0.03639
v -0.15225 -0.23067 0.02848
v -0.13334 -0.24282 0.02147
v -0.11314 -0.2533 0.01541
v -0.09184 -0.26202 0.01038
v -0.06967 -0.2689 0.00641
v -0.04682 -0.27385 0.00355
v -0.02352 -0.27685 0.00182
v 0 -0.27785 0.00124
v 0.02352 -0.27685 0.00182
v 0.04682 -0.27385 0.00355
v 0.06967 -0.2689 0.00641
v 0.09184 -0.26202 0.01038
v 0.11314 -0.2533 0.01541
v 0.13334 -0.24282 0.02147
v 0.15225 -0.23067 0.02848
v 0.16971 -0.21697 0.03639
v 0.18552 -0.20186 0.04512
v 0.19955 -0.18547 0.05458
v 0.21166 -0.16798 0.06468
v 0.22173 -0.14954 0.07532
v 0.22967 -0.13033 0.08641
v 0.23539 -0.11055 0.09783
v 0.23884 -0.09037 0.10948
v 0.24 -0.07 0.12124
v 0.23884 -0.04963 0.13301
v 0.23539 -0.02945 0.14465
v 0.22967 -0.00967 0.15608
v 0.22173 0.00954 0.16717
v 0.21166 0.02798 0.17781
v 0.19955 0.04547 0.18791
v 0.18552 0.06186 0.19737
v 0.16971 0.07697 0.2061
v 0.15225 0.09067 0.214
v 0.13334 0.10282 0.22102
v 0.11314 0.1133 0.22707
v 0.09184 0.12202 0.23211
v 0.06967 0.1289 0.23608
v 0.04682 0.13385 0.23894
v 0.02352 0.13685 0.24067
v 0 0.13785 0.24124
v -0.02352 0.13685 0.24067
v -0.04682 0.13385 0.23894
v -0.06967 0.1289 0.23608
v -0.09184 0.12202 0.23211
v -0.11314 0.1133 0.22707
v -0.13334 0.10282 0.22102
v -0.15225 0.09067 0.214
v -0.16971 0.07697 0.2061
v -0.18552 0.06186 0.19737
v -0.19955 0.04547 0.18791
v -0.21166 0.02798 0.17781
v -0.22173 0.00954 0.16717
v -0.22967 -0.00967 0.15608
v -0.23539 -0.02945 0.14465
v -0.23884 -0.04963 0.13301
v -0.228 -0.08 0.13856
v -0.2269 -0.09935 0.12739
v -0.22362 -0.11852 0.11632
v -0.21818 -0.13732 0.10547
v -0.21064 -0.15556 0.09494
v -0.20108 -0.17308 0.08482
v -0.18958 -0.1897 0.07523
v -0.17625 -0.20526 0.06624
v -0.16122 -0.21962 0.05795
v -0.14464 -0.23263 0.05044
v -0.12667 -0.24418 0.04378
v -0.10748 -0.25414 0.03803
v -0.08725 -0.26242 0.03324
v -0.06618 -0.26895 0.02947
v -0.04448 -0.27366 0.02675
v -0.02235 -0.2765 0.02511
v 0 -0.27745 0.02456
v 0.02235 -0.2765 0.02511
v 0.04448 -0.27366 0.02675
v 0.06618 -0.26895 0.02947
v 0.08725 -0.26242 0.03324
v 0.10748 -0.25414 0.03803
v 0.12667 -0.24418 0.04378
v 0.14464 -0.23263 0.05044
v 0.16122 -0.21962 0.05795
v 0.17625 -0.20526 0.06624
v 0.18958 -0.1897 0.07523
v 0.20108 -0.17308 0.08482
v 0.21064 -0.15556 0.09494
v 0.21818 -0.13732 0.10547
v 0.22362 -0.11852 0.11632
v 0.2269 -0.09935 0.12739
v 0.228 -0.08 0.13856
v 0.2269 -0.06065 0.14974
v 0.22362 -0.04148 0.1608
v 0.21818 -0.02268 0.17166
v 0.21064 -0.00444 0.18219
v 0.20108 0.01308 0.1923
v 0.18958 0.0297 0.2019
v 0.17625 0.04526 0.21088
v 0.16122 0.05962 0.21917
v 0.14464 0.07263 0.22669
v 0.12667 0.08418 0.23335
v 0.10748 0.09414 0.2391
v 0.08725 0.10242 0.24389
v 0.06618 0.10895 0.24766
v 0.04448 0.11366 0.25037
v 0.02235 0.1165 0.25202
v 0 0.11745 0.25256
v -0.02235 0.1165 0.25202
v -0.04448 0.11366 0.25037
v -0.06618 0.10895 0.24766
v -0.08725 0.10242 0.24389
v -0.10748 0.09414 0.2391
v -0.12667 0.08418 0.23335
v -0.14464 0.07263 0.22669
v -0.16122 0.05962 0.21917
v -0.17625 0.04526 0.21088
v -0.18958 0.0297 0.2019
v -0.20108 0.01308 0.1923
v -0.21064 -0.00444 0.18219
v -0.21818 -0.02268 0.17166
v -0.22362 -0.04148 0.1608
v -0.2269 -0.06065 0.14974
v -0.216 -0.09 0.15588
v -0.21496 -0.10808 0.14545
v -0.21185 -0.12599 0.13511
v -0.2067 -0.14355 0.12497
v -0.19956 -0.16059 0.11513
v -0.19049 -0.17696 0.10568
v -0.1796 -0.19248 0.09672
v -0.16697 -0.20702 0.08832
v -0.15274 -0.22044 0.08058
v -0.13703 -0.23259 0.07356
v -0.12 -0.24338 0.06733
v -0.10182 -0.25268 0.06196
v -0.08266 -0.26042 0.05749
v -0.0627 -0.26652 0.05397
v -0.04214 -0.27092 0.05143
v -0.02117 -0.27358 0.0499
v 0 -0.27446 0.04938
v 0.02117 -0.27358 0.0499
v 0.04214 -0.27092 0.05143
v 0.0627 -0.26652 0.05397
v 0.08266 -0.26042 0.05749
v 0.10182 -0.25268 0.06196
v 0.12 -0.24338 0.06733
v 0.13703 -0.23259 0.07356
v 0.15274 -0.22044 0.08058
v 0.16697 -0.20702 0.08832
v 0.1796 -0.19248 0.09672
v 0.19049 -0.17696 0.10568
v 0.19956 -0.16059 0.11513
v 0.2067 -0.14355 0.12497
v 0.21185 -0.12599 0.13511
v 0.21496 -0.10808 0.14545
v 0.216 -0.09 0.15588
v 0.21496 -0.07192 0.16632
v 0.21185 -0.05401 0.17666
v 0.2067 -0.03645 0.1868
v 0.19956 -0.01941 0.19664
v 0.19049 -0.00304 0.20609
v 0.1796 0.01248 0.21505
v 0.16697 0.02702 0.22345
v 0.15274 0.04044 0.23119
v 0.13703 0.05259 0.23821
v 0.12 0.06338 0.24444
v 0.10182 0.07268 0.24981
v 0.08266 0.08042 0.25428
v 0.0627 0.08652 0.2578
v 0.04214 0.09092 0.26034
v 0.02117 0.09358 0.26187
v 0 0.09446 0.26238
v -0.02117 0.09358 0.26187
v -0.04214 0.09092 0.26034
v -0.0627 0.08652 0.2578
v -0.08266 0.08042 0.25428
v -0.10182 0.07268 0.24981
v -0.12 0.06338 0.24444
v -0.13703 0.05259 0.23821
v -0.15274 0.04044 0.23119
v -0.16697 0.02702 0.22345
v -0.1796 0.01248 0.21505
v -0.19049 -0.00304 0.20609
v -0.19956 -0.01941 0.19664
v -0.2067 -0.03645 0.1868
v -0.21185 -0.05401 0.17666
v -0.21496 -0.07192 0.16632
v -0.196 -0.1 0.17321
v -0.19506 -0.11655 0.16365
v -0.19223 -0.13295 0.15418
v -0.18756 -0.14902 0.1449
v -0.18108 -0.16463 0.13589
v -0.17286 -0.17961 0.12724
v -0.16297 -0.19382 0.11904
v -0.15151 -0.20713 0.11135
v -0.13859 -0.21941 0.10426
v -0.12434 -0.23054 0.09784
v -0.10889 -0.24041 0.09214
v -0.09239 -0.24893 0.08722
v -0.07501 -0.25602 0.08313
v -0.0569 -0.2616 0.0799
v -0.03824 -0.26563 0.07758
v -0.01921 -0.26806 0.07617
v 0 -0.26887 0.07571
v 0.01921 -0.26806 0.07617
v 0.03824 -0.26563 0.07758
v 0.0569 -0.2616 0.0799
v 0.07501 -0.25602 0.08313
v 0.09239 -0.24893 0.08722
v 0.10889 -0.24041 0.09214
v 0.12434 -0.23054 0.09784
v 0.13859 -0.21941 0.10426
v 0.15151 -0.20713 0.11135
v 0.16297 -0.19382 0.11904
v 0.17286 -0.17961 0.12724
v 0.18108 -0.16463 0.13589
v 0.18756 -0.14902 0.1449
v 0.19223 -0.13295 0.15418
v 0.19506 -0.11655 0.16365
v 0.196 -0.1 0.17321
v 0.19506 -0.08345 0.18276
v 0.19223 -0.06705 0.19223
v 0.18756 -0.05098 0.20151
v 0.18108 -0.03537 0.21052
v 0.17286 -0.02039 0.21917
v 0.16297 -0.00618 0.22737
v 0.15151 0.00713 0.23506
v 0.13859 0.01941 0.24215
v 0.12434 0.03054 0.24857
v 0.10889 0.04041 0.25427
v 0.09239 0.04893 0.25919
v 0.07501 0.05602 0.26328
v 0.0569 0.0616 0.26651
v 0.03824 0.06563 0.26883
v 0.01921 0.06806 0.27024
v 0 0.06887 0.27071
v -0.01921 0.06806 0.27024
v -0.03824 0.06563 0.26883
v -0.0569 0.0616 0.26651
v -0.07501 0.05602 0.26328
v -0.09239 0.04893 0.25919
v -0.10889 0.04041 0.25427
v -0.12434 0.03054 0.24857
v -0.13859 0.01941 0.24215
v -0.15151 0.00713 0.23506
v -0.16297 -0.00618 0.22737
v -0.17286 -0.02039 0.21917
v -0.18108 -0.03537 0.21052
v -0.18756 -0.05098 0.20151
v -0.19223 -0.06705 0.19223
v -0.19506 -0.08345 0.18276
v -0.172 -0.11 0.19053
v -0.17117 -0.1246 0.1821
v -0.1687 -0.13906 0.17375
v -0.16459 -0.15324 0.16556
v -0.15891 -0.167 0.15761
v -0.15169 -0.18022 0.14999
v -0.14301 -0.19276 0.14275
v -0.13296 -0.2045 0.13597
v -0.12162 -0.21533 0.12971
v -0.10912 -0.22514 0.12405
v -0.09556 -0.23385 0.11902
v -0.08108 -0.24137 0.11468
v -0.06582 -0.24762 0.11107
v -0.04993 -0.25254 0.10823
v -0.03356 -0.25609 0.10618
v -0.01686 -0.25824 0.10494
v 0 -0.25896 0.10453
v 0.01686 -0.25824 0.10494
v 0.03356 -0.25609 0.10618
v 0.04993 -0.25254 0.10823
v 0.06582 -0.24762 0.11107
v 0.08108 -0.24137 0.11468
v 0.09556 -0.23385 0.11902
v 0.10912 -0.22514 0.12405
v 0.12162 -0.21533 0.12971
v 0.13296 -0.2045 0.13597
v 0.14301 -0.19276 0.14275
v 0.15169 -0.18022 0.14999
v 0.15891 -0.167 0.15761
v 0.16459 -0.15324 0.16556
v 0.1687 -0.13906 0.17375
v 0.17117 -0.1246 0.1821
v 0.172 -0.11 0.19053
v 0.17117 -0.0954 0.19896
v 0.1687 -0.08094 0.2073
v 0.16459 -0.06676 0.21549
v 0.15891 -0.053 0.22344
v 0.15169 -0.03978 0.23107
v 0.14301 -0.02724 0.2383
v 0.13296 -0.0155 0.24508
v 0.12162 -0.00467 0.25134
v 0.10912 0.00514 0.257
v 0.09556 0.01385 0.26203
v 0.08108 0.02137 0.26637
v 0.06582 0.02762 0.26998
v 0.04993 0.03254 0.27282
v 0.03356 0.03609 0.27487
v 0.01686 0.03824 0.27611
v 0 0.03896 0.27653
v -0.01686 0.03824 0.27611
v -0.03356 0.03609 0.27487
v -0.04993 0.03254 0.27282
v -0.06582 0.02762 0.26998
v -0.08108 0.02137 0.26637
v -0.09556 0.01385 0.26203
v -0.10912 0.00514 0.257
v -0.12162 -0.00467 0.25134
v -0.13296 -0.0155 0.24508
v -0.14301 -0.02724 0.2383
v -0.15169 -0.03978 0.23107
v -0.15891 -0.053 0.22344
v -0.16459 -0.06676 0.21549
v -0.1687 -0.08094 0.2073
v -0.17117 -0.0954 0.19896
v -0.144 -0.12 0.20785
v -0.14331 -0.13222 0.20079
v -0.14123 -0.14433 0.1938
v -0.1378 -0.1562 0.18695
v -0.13304 -0.16772 0.18029
v -0.127 -0.17879 0.17391
v -0.11973 -0.18928 0.16785
v -0.11131 -0.19911 0.16217
v -0.10182 -0.20818 0.15693
v -0.09135 -0.2164 0.15219
v -0.08 -0.22369 0.14798
v -0.06788 -0.22998 0.14435
v -0.05511 -0.23521 0.14133
v -0.0418 -0.23934 0.13895
v -0.02809 -0.24231 0.13723
v -0.01411 -0.24411 0.13619
v 0 -0.24471 0.13585
v 0.01411 -0.24411 0.13619
v 0.02809 -0.24231 0.13723
v 0.0418 -0.23934 0.13895
v 0.05511 -0.23521 0.14133
v 0.06788 -0.22998 0.14435
v 0.08 -0.22369 0.14798
v 0.09135 -0.2164 0.15219
v 0.10182 -0.20818 0.15693
v 0.11131 -0.19911 0.16217
v 0.11973 -0.18928 0.16785
v 0.127 -0.17879 0.17391
v 0.13304 -0.16772 0.18029
v 0.1378 -0.1562 0.18695
v 0.14123 -0.14433 0.1938
v 0.14331 -0.13222 0.20079
v 0.144 -0.12 0.20785
v 0.14331 -0.10778 0.2149
v 0.14123 -0.09567 0.22189
v 0.1378 -0.0838 0.22875
v 0.13304 -0.07228 0.2354
v 0.127 -0.06121 0.24179
v 0.11973 -0.05072 0.24785
v 0.11131 -0.04089 0.25352
v 0.10182 -0.03182 0.25876
v 0.09135 -0.0236 0.2635
v 0.08 -0.01631 0.26771
v 0.06788 -0.01002 0.27134
v 0.05511 -0.00479 0.27437
v 0.0418 -0.00066 0.27675
v 0.02809 0.00231 0.27846
v 0.01411 0.00411 0.2795
v 0 0.00471 0.27985
v -0.01411 0.00411 0.2795
v -0.02809 0.00231 0.27846
v -0.0418 -0.00066 0.27675
v -0.05511 -0.00479 0.27437
v -0.06788 -0.01002 0.27134
v -0.08 -0.01631 0.26771
v -0.09135 -0.0236 0.2635
v -0.10182 -0.03182 0.25876
v -0.11131 -0.04089 0.25352
v -0.11973 -0.05072 0.24785
v -0.127 -0.06121 0.24179
v -0.13304 -0.07228 0.2354
v -0.1378 -0.0838 0.22875
v -0.14123 -0.09567 0.22189
v -0.14331 -0.10778 0.2149
v -0.104 -0.13 0.22517
v -0.1035 -0.13883 0.22007
v -0.102 -0.14757 0.21502
v -0.09952 -0.15614 0.21007
v -0.09608 -0.16447 0.20527
v -0.09172 -0.17246 0.20065
v -0.08647 -0.18004 0.19628
v -0.08039 -0.18714 0.19218
v -0.07354 -0.19369 0.1884
v -0.06598 -0.19962 0.18497
v -0.05778 -0.20489 0.18193
v -0.04903 -0.20943 0.17931
v -0.0398 -0.21321 0.17712
v -0.03019 -0.21619 0.17541
v -0.02029 -0.21834 0.17417
v -0.01019 -0.21963 0.17342
v 0 -0.22007 0.17317
v 0.01019 -0.21963 0.17342
v 0.02029 -0.21834 0.17417
v 0.03019 -0.21619 0.17541
v 0.0398 -0.21321 0.17712
v 0.04903 -0.20943 0.17931
v 0.05778 -0.20489 0.18193
v 0.06598 -0.19962 0.18497
v 0.07354 -0.19369 0.1884
v 0.08039 -0.18714 0.19218
v 0.08647 -0.18004 0.19628
v 0.09172 -0.17246 0.20065
v 0.09608 -0.16447 0.20527
v 0.09952 -0.15614 0.21007
v 0.102 -0.14757 0.21502
v 0.1035 -0.13883 0.22007
v 0.104 -0.13 0.22517
v 0.1035 -0.12117 0.23026
v 0.102 -0.11243 0.23531
v 0.09952 -0.10386 0.24026
v 0.09608 -0.09553 0.24507
v 0.09172 -0.08754 0.24968
v 0.08647 -0.07996 0.25406
v 0.08039 -0.07286 0.25816
v 0.07354 -0.06631 0.26194
v 0.06598 -0.06038 0.26536
v 0.05778 -0.05511 0.2684
v 0.04903 -0.05057 0.27103
v 0.0398 -0.04679 0.27321
v 0.03019 -0.04381 0.27493
v 0.02029 -0.04166 0.27617
v 0.01019 -0.04037 0.27692
v 0 -0.03993 0.27717
v -0.01019 -0.04037 0.27692
v -0.02029 -0.04166 0.27617
v -0.03019 -0.04381 0.27493
v -0.0398 -0.04679 0.27321
v -0.04903 -0.05057 0.27103
v -0.05778 -0.05511 0.2684
v -0.06598 -0.06038 0.26536
v -0.07354 -0.06631 0.26194
v -0.08039 -0.07286 0.25816
v -0.08647 -0.07996 0.25406
v -0.09172 -0.08754 0.24968
v -0.09608 -0.09553 0.24507
v -0.09952 -0.10386 0.24026
v -0.102 -0.11243 0.23531
v -0.1035 -0.12117 0.23026
v 0 -0.1385 0.23989
v 0 -0.1385 0.23989
v 0 -0.1385 0.23989
v 0 -0.1385 0.23989
v 0 -0.1385 0.23989
v 0 -0.1385 0.23989
v 0 -0.1385 0.23989
v 0 -0.1385 0.23989
v 0 -0.1385 0.23989
v 0 -0.1385 0.23989
v 0 -0.1385 0.23989
v 0 -0.1385 0.23989
v 0 -0.1385 0.23989
v 0 -0.1385 0.23989
v 0 -0.1385 0.23989
v 0 -0.1385 0.23989
v 0 -0.1385 0.23989
v 0 -0.1385 0.23989
v 0 -0.1385 0.23989
v 0 -0.1385 0.23989
v 0 -0.1385 0.23989
v 0 -0.1385 0.23989
v 0 -0.1385 0.23989
v 0 -0.1385 0.23989
v 0 -0.1385 0.23989
v 0 -0.1385 0.23989
v 0 -0.1385 0.23989
v 0 -0.1385 0.23989
v 0 -0.1385 0.23989
v 0 -0.1385 0.23989
v 0 -0.1385 0.23989
v 0 -0.1385 0.23989
v 0 -0.1385 0.23989
v 0 -0.1385 0.23989
v 0 -0.1385 0.23989
v 0 -0.1385 0.23989
v 0 -0.1385 0.23989
v 0 -0.1385 0.23989
v 0 -0.1385 0.23989
v 0 -0.1385 0.23989
v 0 -0.1385 0.23989
v 0 -0.1385 0.23989
v 0 -0.1385 0.23989
v 0 -0.1385 0.23989
v 0 -0.1385 0.23989
v 0 -0.1385 0.23989
v 0 -0.1385 0.23989
v 0 -0.1385 0.23989
v 0 -0.1385 0.23989
v 0 -0.1385 0.23989
v 0 -0.1385 0.23989
v 0 -0.1385 0.23989
v 0 -0.1385 0.23989
v 0 -0.1385 0.23989
v 0 -0.1385 0.23989
v 0 -0.1385 0.23989
v 0 -0.1385 0.23989
v 0 -0.1385 0.23989
v 0 -0.1385 0.23989
v 0 -0.1385 0.23989
v 0 -0.1385 0.23989
v 0 -0.1385 0.23989
v 0 -0.1385 0.23989
v 0 -0.1385 0.23989
v 0.09577 -0.26311 0.03
v 0.09577 -0.26311 0.03
v 0.09577 -0.26311 0.03
v 0.09577 -0.26311 0.03
v 0.09577 -0.26311 0.03
v 0.09577 -0.26311 0.03
v 0.09577 -0.26311 0.03
v 0.09577 -0.26311 0.03
v 0.09577 -0.26311 0.03
v 0.09577 -0.26311 0.03
v 0.09577 -0.26311 0.03
v 0.09577 -0.26311 0.03
v 0.09577 -0.26311 0.03
v 0.09577 -0.26311 0.03
v 0.09577 -0.26311 0.03
v 0.09577 -0.26311 0.03
v 0.09577 -0.26311 0.03
v 0.09577 -0.26311 0.03
v 0.09577 -0.26311 0.03
v 0.09577 -0.26311 0.03
v 0.09919 -0.27251 0.09
v 0.11661 -0.26617 0.08706
v 0.13233 -0.26045 0.07854
v 0.1448 -0.25591 0.06527
v 0.15281 -0.25299 0.04854
v 0.15557 -0.25199 0.03
v 0.15281 -0.25299 0.01146
v 0.1448 -0.25591 -0.00527
v 0.13233 -0.26045 -0.01854
v 0.11661 -0.26617 -0.02706
v 0.09919 -0.27251 -0.03
v 0.08176 -0.27885 -0.02706
v 0.06605 -0.28457 -0.01854
v 0.05357 -0.28911 -0.00527
v 0.04556 -0.29203 0.01146
v 0.0428 -0.29303 0.03
v 0.04556 -0.29203 0.04854
v 0.05357 -0.28911 0.06527
v 0.06605 -0.28457 0.07854
v 0.08176 -0.27885 0.08706
v 0.07524 -0.20673 0.09
v 0.09267 -0.20039 0.08706
v 0.10838 -0.19467 0.07854
v 0.12086 -0.19013 0.06527
v 0.12887 -0.18722 0.04854
v 0.13163 -0.18621 0.03
v 0.12887 -0.18722 0.01146
v 0.12086 -0.19013 -0.00527
v 0.10838 -0.19467 -0.01854
v 0.09267 -0.20039 -0.02706
v 0.07524 -0.20673 -0.03
v 0.05782 -0.21307 -0.02706
v 0.0421 -0.21879 -0.01854
v 0.02963 -0.22333 -0.00527
v 0.02162 -0.22625 0.01146
v 0.01886 -0.22725 0.03
v 0.02162 -0.22625 0.04854
v 0.02963 -0.22333 0.06527
v 0.0421 -0.21879 0.07854
v 0.05782 -0.21307 0.08706
v 0 0 0.09
v 0.01742 0.00634 0.08706
v 0.03314 0.01206 0.07854
v 0.04561 0.0166 0.06527
v 0.05362 0.01952 0.04854
v 0.05638 0.02052 0.03
v 0.05362 0.01952 0.01146
v 0.04561 0.0166 -0.00527
v 0.03314 0.01206 -0.01854
v 0.01742 0.00634 -0.02706
v 0 0 -0.03
v -0.01742 -0.00634 -0.02706
v -0.03314 -0.01206 -0.01854
v -0.04561 -0.0166 -0.00527
v -0.05362 -0.01952 0.01146
v -0.05638 -0.02052 0.03
v -0.05362 -0.01952 0.04854
v -0.04561 -0.0166 0.06527
v -0.03314 -0.01206 0.07854
v -0.01742 -0.00634 0.08706
v 0.47883 -1.31557 0.03
v 0.47883 -1.31557 0.03
v 0.47883 -1.31557 0.03
v 0.47883 -1.31557 0.03
v 0.47883 -1.31557 0.03
v 0.47883 -1.31557 0.03
v 0.47883 -1.31557 0.03
v 0.47883 -1.31557 0.03
v 0.47883 -1.31557 0.03
v 0.47883 -1.31557 0.03
v 0.47883 -1.31557 0.03
v 0.47883 -1.31557 0.03
v 0.47883 -1.31557 0.03
v 0.47883 -1.31557 0.03
v 0.47883 -1.31557 0.03
v 0.47883 -1.31557 0.03
v 0.47883 -1.31557 0.03
v 0.47883 -1.31557 0.03
v 0.47883 -1.31557 0.03
v 0.47883 -1.31557 0.03
v 0.47883 -1.31557 0.033
v 0.4797 -1.31525 0.03285
v 0.48049 -1.31497 0.03243
v 0.48111 -1.31474 0.03176
v 0.48151 -1.31459 0.03093
v 0.48165 -1.31454 0.03
v 0.48151 -1.31459 0.02907
v 0.48111 -1.31474 0.02824
v 0.48049 -1.31497 0.02757
v 0.4797 -1.31525 0.02715
v 0.47883 -1.31557 0.027
v 0.47796 -1.31589 0.02715
v 0.47717 -1.31617 0.02757
v 0.47655 -1.3164 0.02824
v 0.47615 -1.31655 0.02907
v 0.47601 -1.3166 0.03
v 0.47615 -1.31655 0.03093
v 0.47655 -1.3164 0.03176
v 0.47717 -1.31617 0.03243
v 0.47796 -1.31589 0.03285
v 0.47883 -1.31557 0.033
v 0.4797 -1.31525 0.03285
v 0.48049 -1.31497 0.03243
v 0.48111 -1.31474 0.03176
v 0.48151 -1.31459 0.03093
v 0.48165 -1.31454 0.03
v 0.48151 -1.31459 0.02907
v 0.48111 -1.31474 0.02824
v 0.48049 -1.31497 0.02757
v 0.4797 -1.31525 0.02715
v 0.47883 -1.31557 0.027
v 0.47796 -1.31589 0.02715
v 0.47717 -1.31617 0.02757
v 0.47655 -1.3164 0.02824
v 0.47615 -1.31655 0.02907
v 0.47601 -1.3166 0.03
v 0.47615 -1.31655 0.03093
v 0.47655 -1.3164 0.03176
v 0.47717 -1.31617 0.03243
v 0.47796 -1.31589 0.03285
v 0 0 0.033
v 0.00087 0.00032 0.03285
v 0.00166 0.0006 0.03243
v 0.00228 0.00083 0.03176
v 0.00268 0.00098 0.03093
v 0.00282 0.00103 0.03
v 0.00268 0.00098 0.02907
v 0.00228 0.00083 0.02824
v 0.00166 0.0006 0.02757
v 0.00087 0.00032 0.02715
v 0 0 0.027
v -0.00087 -0.00032 0.02715
v -0.00166 -0.0006 0.02757
v -0.00228 -0.00083 0.02824
v -0.00268 -0.00098 0.02907
v -0.00282 -0.00103 0.03
v -0.00268 -0.00098 0.03093
v -0.00228 -0.00083 0.03176
v -0.00166 -0.0006 0.03243
v -0.00087 -0.00032 0.03285
v 0.13229 -0.3755 0.03
v 0.13229 -0.3755 0.03
v 0.13229 -0.3755 0.03
v 0.13229 -0.3755 0.03
v 0.13229 -0.3755 0.03
v 0.13229 -0.3755 0.03
v 0.13229 -0.3755 0.03
v 0.13229 -0.3755 0.03
v 0.13229 -0.3755 0.03
v 0.13229 -0.3755 0.03
v 0.13229 -0.3755 0.03
v 0.13229 -0.3755 0.03
v 0.13229 -0.3755 0.03
v 0.13229 -0.3755 0.03
v 0.13229 -0.3755 0.03
v 0.13229 -0.3755 0.03
v 0.13229 -0.3755 0.03
v 0.13229 -0.3755 0.03
v 0.13229 -0.3755 0.03
v 0.13229 -0.3755 0.03
v 0.13572 -0.37344 0.033
v 0.13651 -0.37296 0.03285
v 0.13723 -0.37253 0.03243
v 0.1378 -0.37219 0.03176
v 0.13817 -0.37197 0.03093
v 0.13829 -0.37189 0.03
v 0.13817 -0.37197 0.02907
v 0.1378 -0.37219 0.02824
v 0.13723 -0.37253 0.02757
v 0.13651 -0.37296 0.02715
v 0.13572 -0.37344 0.027
v 0.13493 -0.37392 0.02715
v 0.13421 -0.37435 0.02757
v 0.13364 -0.37469 0.02824
v 0.13327 -0.37491 0.02907
v 0.13315 -0.37498 0.03
v 0.13327 -0.37491 0.03093
v 0.13364 -0.37469 0.03176
v 0.13421 -0.37435 0.03243
v 0.13493 -0.37392 0.03285
v 0.1476 -0.16798 0.033
v 0.14839 -0.1675 0.03285
v 0.14911 -0.16707 0.03243
v 0.14968 -0.16673 0.03176
v 0.15004 -0.16651 0.03093
v 0.15017 -0.16643 0.03
v 0.15004 -0.16651 0.02907
v 0.14968 -0.16673 0.02824
v 0.14911 -0.16707 0.02757
v 0.14839 -0.1675 0.02715
v 0.1476 -0.16798 0.027
v 0.1468 -0.16845 0.02715
v 0.14608 -0.16888 0.02757
v 0.14551 -0.16923 0.02824
v 0.14515 -0.16944 0.02907
v 0.14502 -0.16952 0.03
v 0.14515 -0.16944 0.03093
v 0.14551 -0.16923 0.03176
v 0.14608 -0.16888 0.03243
v 0.1468 -0.16845 0.03285
v 0 0 0.033
v 0.00079 0.00048 0.03285
v 0.00151 0.00091 0.03243
v 0.00208 0.00125 0.03176
v 0.00245 0.00147 0.03093
v 0.00257 0.00155 0.03
v 0.00245 0.00147 0.02907
v 0.00208 0.00125 0.02824
v 0.00151 0.00091 0.02757
v 0.00079 0.00048 0.02715
v 0 0 0.027
v -0.00079 -0.00048 0.02715
v -0.00151 -0.00091 0.02757
v -0.00208 -0.00125 0.02824
v -0.00245 -0.00147 0.02907
v -0.00257 -0.00155 0.03
v -0.00245 -0.00147 0.03093
v -0.00208 -0.00125 0.03176
v -0.00151 -0.00091 0.03243
v -0.00079 -0.00048 0.03285
v 0.13288 -0.37535 0.03
v 0.13288 -0.37535 0.03
v 0.13288 -0.37535 0.03
v 0.13288 -0.37535 0.03
v 0.13288 -0.37535 0.03
v 0.13288 -0.37535 0.03
v 0.13288 -0.37535 0.03
v 0.13288 -0.37535 0.03
v 0.13288 -0.37535 0.03
v 0.13288 -0.37535 0.03
v 0.13288 -0.37535 0.03
v 0.13288 -0.37535 0.03
v 0.13288 -0.37535 0.03
v 0.13288 -0.37535 0.03
v 0.13288 -0.37535 0.03
v 0.13288 -0.37535 0.03
v 0.13288 -0.37535 0.03
v 0.13288 -0.37535 0.03
v 0.13288 -0.37535 0.03
v 0.13288 -0.37535 0.03
v 0.13534 -0.37162 0.033
v 0.13615 -0.37115 0.03285
v 0.13687 -0.37073 0.03243
v 0.13744 -0.3704 0.03176
v 0.13781 -0.37019 0.03093
v 0.13794 -0.37012 0.03
v 0.13781 -0.37019 0.02907
v 0.13744 -0.3704 0.02824
v 0.13687 -0.37073 0.02757
v 0.13615 -0.37115 0.02715
v 0.13534 -0.37162 0.027
v 0.13454 -0.37208 0.02715
v 0.13382 -0.3725 0.02757
v 0.13324 -0.37283 0.02824
v 0.13287 -0.37304 0.02907
v 0.13274 -0.37312 0.03
v 0.13287 -0.37304 0.03093
v 0.13324 -0.37283 0.03176
v 0.13382 -0.3725 0.03243
v 0.13454 -0.37208 0.03285
v 0.01607 -0.24303 0.033
v 0.01687 -0.24256 0.03285
v 0.01759 -0.24214 0.03243
v 0.01817 -0.24181 0.03176
v 0.01854 -0.2416 0.03093
v 0.01867 -0.24153 0.03
v 0.01854 -0.2416 0.02907
v 0.01817 -0.24181 0.02824
v 0.01759 -0.24214 0.02757
v 0.01687 -0.24256 0.02715
v 0.01607 -0.24303 0.027
v 0.01526 -0.24349 0.02715
v 0.01454 -0.24391 0.02757
v 0.01397 -0.24424 0.02824
v 0.0136 -0.24445 0.02907
v 0.01347 -0.24453 0.03
v 0.0136 -0.24445 0.03093
v 0.01397 -0.24424 0.03176
v 0.01454 -0.24391 0.03243
v 0.01526 -0.24349 0.03285
v -0.003 0 0.033
v -0.0022 0.00046 0.03285
v -0.00147 0.00088 0.03243
v -0.0009 0.00121 0.03176
v -0.00053 0.00143 0.03093
v -0.0004 0.0015 0.03
v -0.00053 0.00143 0.02907
v -0.0009 0.00121 0.02824
v -0.00147 0.00088 0.02757
v -0.0022 0.00046 0.02715
v -0.003 0 0.027
v -0.0038 -0.00046 0.02715
v -0.00453 -0.00088 0.02757
v -0.0051 -0.00121 0.02824
v -0.00547 -0.00143 0.02907
v -0.0056 -0.0015 0.03
v -0.00547 -0.00143 0.03093
v -0.0051 -0.00121 0.03176
v -0.00453 -0.00088 0.03243
v -0.0038 -0.00046 0.03285
v 0.11287 -0.3101 0.03
v 0.11287 -0.3101 0.03
v 0.11287 -0.3101 0.03
v 0.11287 -0.3101 0.03
v 0.11287 -0.3101 0.03
v 0.11287 -0.3101 0.03
v 0.11287 -0.3101 0.03
v 0.11287 -0.3101 0.03
v 0.11287 -0.3101 0.03
v 0.11287 -0.3101 0.03
v 0.11287 -0.3101 0.03
v 0.11287 -0.3101 0.03
v 0.11287 -0.3101 0.03
v 0.11287 -0.3101 0.03
v 0.11287 -0.3101 0.03
v 0.11287 -0.3101 0.03
v 0.11287 -0.3101 0.03
v 0.11287 -0.3101 0.03
v 0.11287 -0.3101 0.03
v 0.11287 -0.3101 0.03
v 0.13373 -0.36742 0.033
v 0.1346 -0.3671 0.03285
v 0.13539 -0.36682 0.03243
v 0.13601 -0.36659 0.03176
v 0.13641 -0.36644 0.03093
v 0.13655 -0.36639 0.03
v 0.13641 -0.36644 0.02907
v 0.13601 -0.36659 0.02824
v 0.13539 -0.36682 0.02757
v 0.1346 -0.3671 0.02715
v 0.13373 -0.36742 0.027
v 0.13286 -0.36774 0.02715
v 0.13207 -0.36802 0.02757
v 0.13145 -0.36825 0.02824
v 0.13105 -0.3684 0.02907
v 0.13091 -0.36845 0.03
v 0.13105 -0.3684 0.03093
v 0.13145 -0.36825 0.03176
v 0.13207 -0.36802 0.03243
v 0.13286 -0.36774 0.03285
v 0.07524 -0.20673 0.103
v 0.07612 -0.20642 0.10285
v 0.0769 -0.20613 0.10243
v 0.07753 -0.2059 0.10176
v 0.07793 -0.20576 0.10093
v 0.07806 -0.20571 0.1
v 0.07793 -0.20576 0.09907
v 0.07753 -0.2059 0.09824
v 0.0769 -0.20613 0.09757
v 0.07612 -0.20642 0.09715
v 0.07524 -0.20673 0.097
v 0.07437 -0.20705 0.09715
v 0.07359 -0.20734 0.09757
v 0.07296 -0.20756 0.09824
v 0.07256 -0.20771 0.09907
v 0.07243 -0.20776 0.1
v 0.07256 -0.20771 0.10093
v 0.07296 -0.20756 0.10176
v 0.07359 -0.20734 0.10243
v 0.07437 -0.20705 0.10285
v 0 0 0.103
v 0.00087 0.00032 0.10285
v 0.00166 0.0006 0.10243
v 0.00228 0.00083 0.10176
v 0.00268 0.00098 0.10093
v 0.00282 0.00103 0.1
v 0.00268 0.00098 0.09907
v 0.00228 0.00083 0.09824
v 0.00166 0.0006 0.09757
v 0.00087 0.00032 0.09715
v 0 0 0.097
v -0.00087 -0.00032 0.09715
v -0.00166 -0.0006 0.09757
v -0.00228 -0.00083 0.09824
v -0.00268 -0.00098 0.09907
v -0.00282 -0.00103 0.1
v -0.00268 -0.00098 0.10093
v -0.00228 -0.00083 0.10176
v -0.00166 -0.0006 0.10243
v -0.00087 -0.00032 0.10285
v 0.11287 -0.3101 0
v 0.11287 -0.3101 0
v 0.11287 -0.3101 0
v 0.11287 -0.3101 0
v 0.11287 -0.3101 0
v 0.11287 -0.3101 0
v 0.11287 -0.3101 0
v 0.11287 -0.3101 0
v 0.11287 -0.3101 0
v 0.11287 -0.3101 0
v 0.11287 -0.3101 0
v 0.11287 -0.3101 0
v 0.11287 -0.3101 0
v 0.11287 -0.3101 0
v 0.11287 -0.3101 0
v 0.11287 -0.3101 0
v 0.11287 -0.3101 0
v 0.11287 -0.3101 0
v 0.11287 -0.3101 0
v 0.11287 -0.3101 0
v 0.13373 -0.36742 0.033
v 0.1346 -0.3671 0.03285
v 0.13539 -0.36682 0.03243
v 0.13601 -0.36659 0.03176
v 0.13641 -0.36644 0.03093
v 0.13655 -0.36639 0.03
v 0.13641 -0.36644 0.02907
v 0.13601 -0.36659 0.02824
v 0.13539 -0.36682 0.02757
v 0.1346 -0.3671 0.02715
v 0.13373 -0.36742 0.027
v 0.13286 -0.36774 0.02715
v 0.13207 -0.36802 0.02757
v 0.13145 -0.36825 0.02824
v 0.13105 -0.3684 0.02907
v 0.13091 -0.36845 0.03
v 0.13105 -0.3684 0.03093
v 0.13145 -0.36825 0.03176
v 0.13207 -0.36802 0.03243
v 0.13286 -0.36774 0.03285
v 0.07524 -0.20673 -0.037
v 0.07612 -0.20642 -0.03715
v 0.0769 -0.20613 -0.03757
v 0.07753 -0.2059 -0.03824
v 0.07793 -0.20576 -0.03907
v 0.07806 -0.20571 -0.04
v 0.07793 -0.20576 -0.04093
v 0.07753 -0.2059 -0.04176
v 0.0769 -0.20613 -0.04243
v 0.07612 -0.20642 -0.04285
v 0.07524 -0.20673 -0.043
v 0.07437 -0.20705 -0.04285
v 0.07359 -0.20734 -0.04243
v 0.07296 -0.20756 -0.04176
v 0.07256 -0.20771 -0.04093
v 0.07243 -0.20776 -0.04
v 0.07256 -0.20771 -0.03907
v 0.07296 -0.20756 -0.03824
v 0.07359 -0.20734 -0.03757
v 0.07437 -0.20705 -0.03715
v 0 0 -0.037
v 0.00087 0.00032 -0.03715
v 0.00166 0.0006 -0.03757
v 0.00228 0.00083 -0.03824
v 0.00268 0.00098 -0.03907
v 0.00282 0.00103 -0.04
v 0.00268 0.00098 -0.04093
v 0.00228 0.00083 -0.04176
v 0.00166 0.0006 -0.04243
v 0.00087 0.00032 -0.04285
v 0 0 -0.043
v -0.00087 -0.00032 -0.04285
v -0.00166 -0.0006 -0.04243
v -0.00228 -0.00083 -0.04176
v -0.00268 -0.00098 -0.04093
v -0.00282 -0.00103 -0.04
v -0.00268 -0.00098 -0.03907
v -0.00228 -0.00083 -0.03824
v -0.00166 -0.0006 -0.03757
v -0.00087 -0.00032 -0.03715

vt 0.0125 0.525
vt 0.0125 0.725
vt 0.025 0.725
vt 0.025 0.525
vt 0.0125 0.525
vt 0.025 0.725
vt 0.025 0.525
vt 0.025 0.725
vt 0.0375 0.725
vt 0.0375 0.525
vt 0.025 0.525
vt 0.0375 0.725
vt 0.0375 0.525
vt 0.0375 0.725
vt 0.05 0.725
vt 0.05 0.525
vt 0.0375 0.525
vt 0.05 0.725
vt 0.05 0.525
vt 0.05 0.725
vt 0.0625 0.725
vt 0.0625 0.525
vt 0.05 0.525
vt 0.0625 0.725
vt 0.0625 0.525
vt 0.0625 0.725
vt 0.075 0.725
vt 0.075 0.525
vt 0.0625 0.525
vt 0.075 0.725
vt 0.075 0.525
vt 0.075 0.725
vt 0.0875 0.725
vt 0.0875 0.525
vt 0.075 0.525
vt 0.0875 0.725
vt 0.0875 0.525
vt 0.0875 0.725
vt 0.1 0.725
vt 0.1 0.525
vt 0.0875 0.525
vt 0.1 0.725
vt 0.1 0.525
vt 0.1 0.725
vt 0.1125 0.725
vt 0.1125 0.525
vt 0.1 0.525
vt 0.1125 0.725
vt 0.0125 0.525
vt 0.0125 0.725
vt 0.025 0.725
vt 0.025 0.525
vt 0.0125 0.525
vt 0.025 0.725
vt 0.025 0.525
vt 0.025 0.725
vt 0.0375 0.725
vt 0.0375 0.525
vt 0.025 0.525
vt 0.0375 0.725
vt 0.0375 0.525
vt 0.0375 0.725
vt 0.05 0.725
vt 0.05 0.525
vt 0.0375 0.525
vt 0.05 0.725
vt 0.05 0.525
vt 0.05 0.725
vt 0.0625 0.725
vt 0.0625 0.525
vt 0.05 0.525
vt 0.0625 0.725
vt 0.0625 0.525
vt 0.0625 0.725
vt 0.075 0.725
vt 0.075 0.525
vt 0.0625 0.525
vt 0.075 0.725
vt 0.075 0.525
vt 0.075 0.725
vt 0.0875 0.725
vt 0.0875 0.525
vt 0.075 0.525
vt 0.0875 0.725
vt 0.0875 0.525
vt 0.0875 0.725
vt 0.1 0.725
vt 0.1 0.525
vt 0.0875 0.525
vt 0.1 0.725
vt 0.1 0.525
vt 0.1 0.725
vt 0.1125 0.725
vt 0.1125 0.525
vt 0.1 0.525
vt 0.1125 0.725
vt 0.0125 0.525
vt 0.0125 0.725
vt 0.025 0.725
vt 0.025 0.525
vt 0.0125 0.525
vt 0.025 0.725
vt 0.025 0.525
vt 0.025 0.725
vt 0.0375 0.725
vt 0.0375 0.525
vt 0.025 0.525
vt 0.0375 0.725
vt 0.0375 0.525
vt 0.0375 0.725
vt 0.05 0.725
vt 0.05 0.525
vt 0.0375 0.525
vt 0.05 0.725
vt 0.05 0.525
vt 0.05 0.725
vt 0.0625 0.725
vt 0.0625 0.525
vt 0.05 0.525
vt 0.0625 0.725
vt 0.0625 0.525
vt 0.0625 0.725
vt 0.075 0.725
vt 0.075 0.525
vt 0.0625 0.525
vt 0.075 0.725
vt 0.075 0.525
vt 0.075 0.725
vt 0.0875 0.725
vt 0.0875 0.525
vt 0.075 0.525
vt 0.0875 0.725
vt 0.0875 0.525
vt 0.0875 0.725
vt 0.1 0.725
vt 0.1 0.525
vt 0.0875 0.525
vt 0.1 0.725
vt 0.1 0.525
vt 0.1 0.725
vt 0.1125 0.725
vt 0.1125 0.525
vt 0.1 0.525
vt 0.1125 0.725
vt 0.0125 0.525
vt 0.0125 0.725
vt 0.025 0.725
vt 0.025 0.525
vt 0.0125 0.525
vt 0.025 0.725
vt 0.025 0.525
vt 0.025 0.725
vt 0.0375 0.725
vt 0.0375 0.525
vt 0.025 0.525
vt 0.0375 0.725
vt 0.0375 0.525
vt 0.0375 0.725
vt 0.05 0.725
vt 0.05 0.525
vt 0.0375 0.525
vt 0.05 0.725
vt 0.05 0.525
vt 0.05 0.725
vt 0.0625 0.725
vt 0.0625 0.525
vt 0.05 0.525
vt 0.0625 0.725
vt 0.0625 0.525
vt 0.0625 0.725
vt 0.075 0.725
vt 0.075 0.525
vt 0.0625 0.525
vt 0.075 0.725
vt 0.075 0.525
vt 0.075 0.725
vt 0.0875 0.725
vt 0.0875 0.525
vt 0.075 0.525
vt 0.0875 0.725
vt 0.0875 0.525
vt 0.0875 0.725
vt 0.1 0.725
vt 0.1 0.525
vt 0.0875 0.525
vt 0.1 0.725
vt 0.1 0.525
vt 0.1 0.725
vt 0.1125 0.725
vt 0.1125 0.525
vt 0.1 0.525
vt 0.1125 0.725
vt 0.0125 0.525
vt 0.0125 0.725
vt 0.025 0.525
vt 0.0125 0.725
vt 0.025 0.725
vt 0.025 0.525
vt 0.025 0.525
vt 0.025 0.725
vt 0.0375 0.525
vt 0.025 0.725
vt 0.0375 0.725
vt 0.0375 0.525
vt 0.0375 0.525
vt 0.0375 0.725
vt 0.05 0.525
vt 0.0375 0.725
vt 0.05 0.725
vt 0.05 0.525
vt 0.05 0.525
vt 0.05 0.725
vt 0.0625 0.525
vt 0.05 0.725
vt 0.0625 0.725
vt 0.0625 0.525
vt 0.0625 0.525
vt 0.0625 0.725
vt 0.075 0.525
vt 0.0625 0.725
vt 0.075 0.725
vt 0.075 0.525
vt 0.075 0.525
vt 0.075 0.725
vt 0.0875 0.525
vt 0.075 0.725
vt 0.0875 0.725
vt 0.0875 0.525
vt 0.0875 0.525
vt 0.0875 0.725
vt 0.1 0.525
vt 0.0875 0.725
vt 0.1 0.725
vt 0.1 0.525
vt 0.1 0.525
vt 0.1 0.725
vt 0.1125 0.525
vt 0.1 0.725
vt 0.1125 0.725
vt 0.1125 0.525
vt 0.0125 0.525
vt 0.0125 0.725
vt 0.025 0.525
vt 0.0125 0.725
vt 0.025 0.725
vt 0.025 0.525
vt 0.025 0.525
vt 0.025 0.725
vt 0.0375 0.525
vt 0.025 0.725
vt 0.0375 0.725
vt 0.0375 0.525
vt 0.0375 0.525
vt 0.0375 0.725
vt 0.05 0.525
vt 0.0375 0.725
vt 0.05 0.725
vt 0.05 0.525
vt 0.05 0.525
vt 0.05 0.725
vt 0.0625 0.525
vt 0.05 0.725
vt 0.0625 0.725
vt 0.0625 0.525
vt 0.0625 0.525
vt 0.0625 0.725
vt 0.075 0.525
vt 0.0625 0.725
vt 0.075 0.725
vt 0.075 0.525
vt 0.075 0.525
vt 0.075 0.725
vt 0.0875 0.525
vt 0.075 0.725
vt 0.0875 0.725
vt 0.0875 0.525
vt 0.0875 0.525
vt 0.0875 0.725
vt 0.1 0.525
vt 0.0875 0.725
vt 0.1 0.725
vt 0.1 0.525
vt 0.1 0.525
vt 0.1 0.725
vt 0.1125 0.525
vt 0.1 0.725
vt 0.1125 0.725
vt 0.1125 0.525
vt 0.0125 0.525
vt 0.0125 0.725
vt 0.025 0.525
vt 0.0125 0.725
vt 0.025 0.725
vt 0.025 0.525
vt 0.025 0.525
vt 0.025 0.725
vt 0.0375 0.525
vt 0.025 0.725
vt 0.0375 0.725
vt 0.0375 0.525
vt 0.0375 0.525
vt 0.0375 0.725
vt 0.05 0.525
vt 0.0375 0.725
vt 0.05 0.725
vt 0.05 0.525
vt 0.05 0.525
vt 0.05 0.725
vt 0.0625 0.525
vt 0.05 0.725
vt 0.0625 0.725
vt 0.0625 0.525
vt 0.0625 0.525
vt 0.0625 0.725
vt 0.075 0.525
vt 0.0625 0.725
vt 0.075 0.725
vt 0.075 0.525
vt 0.075 0.525
vt 0.075 0.725
vt 0.0875 0.525
vt 0.075 0.725
vt 0.0875 0.725
vt 0.0875 0.525
vt 0.0875 0.525
vt 0.0875 0.725
vt 0.1 0.525
vt 0.0875 0.725
vt 0.1 0.725
vt 0.1 0.525
vt 0.1 0.525
vt 0.1 0.725
vt 0.1125 0.525
vt 0.1 0.725
vt 0.1125 0.725
vt 0.1125 0.525
vt 0.0125 0.525
vt 0.0125 0.725
vt 0.025 0.525
vt 0.0125 0.725
vt 0.025 0.725
vt 0.025 0.525
vt 0.025 0.525
vt 0.025 0.725
vt 0.0375 0.525
vt 0.025 0.725
vt 0.0375 0.725
vt 0.0375 0.525
vt 0.0375 0.525
vt 0.0375 0.725
vt 0.05 0.525
vt 0.0375 0.725
vt 0.05 0.725
vt 0.05 0.525
vt 0.05 0.525
vt 0.05 0.725
vt 0.0625 0.525
vt 0.05 0.725
vt 0.0625 0.725
vt 0.0625 0.525
vt 0.0625 0.525
vt 0.0625 0.725
vt 0.075 0.525
vt 0.0625 0.725
vt 0.075 0.725
vt 0.075 0.525
vt 0.075 0.525
vt 0.075 0.725
vt 0.0875 0.525
vt 0.075 0.725
vt 0.0875 0.725
vt 0.0875 0.525
vt 0.0875 0.525
vt 0.0875 0.725
vt 0.1 0.525
vt 0.0875 0.725
vt 0.1 0.725
vt 0.1 0.525
vt 0.1 0.525
vt 0.1 0.725
vt 0.1125 0.525
vt 0.1 0.725
vt 0.1125 0.725
vt 0.1125 0.525
vt 0.0125 0.525
vt 0.0125 0.725
vt 0.025 0.725
vt 0.025 0.525
vt 0.0125 0.525
vt 0.025 0.725
vt 0.025 0.525
vt 0.025 0.725
vt 0.0375 0.725
vt 0.0375 0.525
vt 0.025 0.525
vt 0.0375 0.725
vt 0.0375 0.525
vt 0.0375 0.725
vt 0.05 0.725
vt 0.05 0.525
vt 0.0375 0.525
vt 0.05 0.725
vt 0.05 0.525
vt 0.05 0.725
vt 0.0625 0.725
vt 0.0625 0.525
vt 0.05 0.525
vt 0.0625 0.725
vt 0.0625 0.525
vt 0.0625 0.725
vt 0.075 0.725
vt 0.075 0.525
vt 0.0625 0.525
vt 0.075 0.725
vt 0.075 0.525
vt 0.075 0.725
vt 0.0875 0.725
vt 0.0875 0.525
vt 0.075 0.525
vt 0.0875 0.725
vt 0.0875 0.525
vt 0.0875 0.725
vt 0.1 0.725
vt 0.1 0.525
vt 0.0875 0.525
vt 0.1 0.725
vt 0.1 0.525
vt 0.1 0.725
vt 0.1125 0.725
vt 0.1125 0.525
vt 0.1 0.525
vt 0.1125 0.725
vt 0.0125 0.525
vt 0.0125 0.725
vt 0.025 0.725
vt 0.025 0.525
vt 0.0125 0.525
vt 0.025 0.725
vt 0.025 0.525
vt 0.025 0.725
vt 0.0375 0.725
vt 0.0375 0.525
vt 0.025 0.525
vt 0.0375 0.725
vt 0.0375 0.525
vt 0.0375 0.725
vt 0.05 0.725
vt 0.05 0.525
vt 0.0375 0.525
vt 0.05 0.725
vt 0.05 0.525
vt 0.05 0.725
vt 0.0625 0.725
vt 0.0625 0.525
vt 0.05 0.525
vt 0.0625 0.725
vt 0.0625 0.525
vt 0.0625 0.725
vt 0.075 0.725
vt 0.075 0.525
vt 0.0625 0.525
vt 0.075 0.725
vt 0.075 0.525
vt 0.075 0.725
vt 0.0875 0.725
vt 0.0875 0.525
vt 0.075 0.525
vt 0.0875 0.725
vt 0.0875 0.525
vt 0.0875 0.725
vt 0.1 0.725
vt 0.1 0.525
vt 0.0875 0.525
vt 0.1 0.725
vt 0.1 0.525
vt 0.1 0.725
vt 0.1125 0.725
vt 0.1125 0.525
vt 0.1 0.525
vt 0.1125 0.725
vt 0.0125 0.525
vt 0.0125 0.725
vt 0.025 0.725
vt 0.025 0.525
vt 0.0125 0.525
vt 0.025 0.725
vt 0.025 0.525
vt 0.025 0.725
vt 0.0375 0.725
vt 0.0375 0.525
vt 0.025 0.525
vt 0.0375 0.725
vt 0.0375 0.525
vt 0.0375 0.725
vt 0.05 0.725
vt 0.05 0.525
vt 0.0375 0.525
vt 0.05 0.725
vt 0.05 0.525
vt 0.05 0.725
vt 0.0625 0.725
vt 0.0625 0.525
vt 0.05 0.525
vt 0.0625 0.725
vt 0.0625 0.525
vt 0.0625 0.725
vt 0.075 0.725
vt 0.075 0.525
vt 0.0625 0.525
vt 0.075 0.725
vt 0.075 0.525
vt 0.075 0.725
vt 0.0875 0.725
vt 0.0875 0.525
vt 0.075 0.525
vt 0.0875 0.725
vt 0.0875 0.525
vt 0.0875 0.725
vt 0.1 0.725
vt 0.1 0.525
vt 0.0875 0.525
vt 0.1 0.725
vt 0.1 0.525
vt 0.1 0.725
vt 0.1125 0.725
vt 0.1125 0.525
vt 0.1 0.525
vt 0.1125 0.725
vt 0.0125 0.525
vt 0.0125 0.725
vt 0.025 0.725
vt 0.025 0.525
vt 0.0125 0.525
vt 0.025 0.725
vt 0.025 0.525
vt 0.025 0.725
vt 0.0375 0.725
vt 0.0375 0.525
vt 0.025 0.525
vt 0.0375 0.725
vt 0.0375 0.525
vt 0.0375 0.725
vt 0.05 0.725
vt 0.05 0.525
vt 0.0375 0.525
vt 0.05 0.725
vt 0.05 0.525
vt 0.05 0.725
vt 0.0625 0.725
vt 0.0625 0.525
vt 0.05 0.525
vt 0.0625 0.725
vt 0.0625 0.525
vt 0.0625 0.725
vt 0.075 0.725
vt 0.075 0.525
vt 0.0625 0.525
vt 0.075 0.725
vt 0.075 0.525
vt 0.075 0.725
vt 0.0875 0.725
vt 0.0875 0.525
vt 0.075 0.525
vt 0.0875 0.725
vt 0.0875 0.525
vt 0.0875 0.725
vt 0.1 0.725
vt 0.1 0.525
vt 0.0875 0.525
vt 0.1 0.725
vt 0.1 0.525
vt 0.1 0.725
vt 0.1125 0.725
vt 0.1125 0.525
vt 0.1 0.525
vt 0.1125 0.725
vt 0.0125 0.525
vt 0.0125 0.725
vt 0.025 0.525
vt 0.0125 0.725
vt 0.025 0.725
vt 0.025 0.525
vt 0.025 0.525
vt 0.025 0.725
vt 0.0375 0.525
vt 0.025 0.725
vt 0.0375 0.725
vt 0.0375 0.525
vt 0.0375 0.525
vt 0.0375 0.725
vt 0.05 0.525
vt 0.0375 0.725
vt 0.05 0.725
vt 0.05 0.525
vt 0.05 0.525
vt 0.05 0.725
vt 0.0625 0.525
vt 0.05 0.725
vt 0.0625 0.725
vt 0.0625 0.525
vt 0.0625 0.525
vt 0.0625 0.725
vt 0.075 0.525
vt 0.0625 0.725
vt 0.075 0.725
vt 0.075 0.525
vt 0.075 0.525
vt 0.075 0.725
vt 0.0875 0.525
vt 0.075 0.725
vt 0.0875 0.725
vt 0.0875 0.525
vt 0.0875 0.525
vt 0.0875 0.725
vt 0.1 0.525
vt 0.0875 0.725
vt 0.1 0.725
vt 0.1 0.525
vt 0.1 0.525
vt 0.1 0.725
vt 0.1125 0.525
vt 0.1 0.725
vt 0.1125 0.725
vt 0.1125 0.525
vt 0.0125 0.525
vt 0.0125 0.725
vt 0.025 0.525
vt 0.0125 0.725
vt 0.025 0.725
vt 0.025 0.525
vt 0.025 0.525
vt 0.025 0.725
vt 0.0375 0.525
vt 0.025 0.725
vt 0.0375 0.725
vt 0.0375 0.525
vt 0.0375 0.525
vt 0.0375 0.725
vt 0.05 0.525
vt 0.0375 0.725
vt 0.05 0.725
vt 0.05 0.525
vt 0.05 0.525
vt 0.05 0.725
vt 0.0625 0.525
vt 0.05 0.725
vt 0.0625 0.725
vt 0.0625 0.525
vt 0.0625 0.525
vt 0.0625 0.725
vt 0.075 0.525
vt 0.0625 0.725
vt 0.075 0.725
vt 0.075 0.525
vt 0.075 0.525
vt 0.075 0.725
vt 0.0875 0.525
vt 0.075 0.725
vt 0.0875 0.725
vt 0.0875 0.525
vt 0.0875 0.525
vt 0.0875 0.725
vt 0.1 0.525
vt 0.0875 0.725
vt 0.1 0.725
vt 0.1 0.525
vt 0.1 0.525
vt 0.1 0.725
vt 0.1125 0.525
vt 0.1 0.725
vt 0.1125 0.725
vt 0.1125 0.525
vt 0.0125 0.525
vt 0.0125 0.725
vt 0.025 0.525
vt 0.0125 0.725
vt 0.025 0.725
vt 0.025 0.525
vt 0.025 0.525
vt 0.025 0.725
vt 0.0375 0.525
vt 0.025 0.725
vt 0.0375 0.725
vt 0.0375 0.525
vt 0.0375 0.525
vt 0.0375 0.725
vt 0.05 0.525
vt 0.0375 0.725
vt 0.05 0.725
vt 0.05 0.525
vt 0.05 0.525
vt 0.05 0.725
vt 0.0625 0.525
vt 0.05 0.725
vt 0.0625 0.725
vt 0.0625 0.525
vt 0.0625 0.525
vt 0.0625 0.725
vt 0.075 0.525
vt 0.0625 0.725
vt 0.075 0.725
vt 0.075 0.525
vt 0.075 0.525
vt 0.075 0.725
vt 0.0875 0.525
vt 0.075 0.725
vt 0.0875 0.725
vt 0.0875 0.525
vt 0.0875 0.525
vt 0.0875 0.725
vt 0.1 0.525
vt 0.0875 0.725
vt 0.1 0.725
vt 0.1 0.525
vt 0.1 0.525
vt 0.1 0.725
vt 0.1125 0.525
vt 0.1 0.725
vt 0.1125 0.725
vt 0.1125 0.525
vt 0.0125 0.525
vt 0.0125 0.725
vt 0.025 0.525
vt 0.0125 0.725
vt 0.025 0.725
vt 0.025 0.525
vt 0.025 0.525
vt 0.025 0.725
vt 0.0375 0.525
vt 0.025 0.725
vt 0.0375 0.725
vt 0.0375 0.525
vt 0.0375 0.525
vt 0.0375 0.725
vt 0.05 0.525
vt 0.0375 0.725
vt 0.05 0.725
vt 0.05 0.525
vt 0.05 0.525
vt 0.05 0.725
vt 0.0625 0.525
vt 0.05 0.725
vt 0.0625 0.725
vt 0.0625 0.525
vt 0.0625 0.525
vt 0.0625 0.725
vt 0.075 0.525
vt 0.0625 0.725
vt 0.075 0.725
vt 0.075 0.525
vt 0.075 0.525
vt 0.075 0.725
vt 0.0875 0.525
vt 0.075 0.725
vt 0.0875 0.725
vt 0.0875 0.525
vt 0.0875 0.525
vt 0.0875 0.725
vt 0.1 0.525
vt 0.0875 0.725
vt 0.1 0.725
vt 0.1 0.525
vt 0.1 0.525
vt 0.1 0.725
vt 0.1125 0.525
vt 0.1 0.725
vt 0.1125 0.725
vt 0.1125 0.525
vt 0.0125 0.525
vt 0.0125 0.725
vt 0.025 0.725
vt 0.025 0.525
vt 0.0125 0.525
vt 0.025 0.725
vt 0.025 0.525
vt 0.025 0.725
vt 0.0375 0.725
vt 0.0375 0.525
vt 0.025 0.525
vt 0.0375 0.725
vt 0.0375 0.525
vt 0.0375 0.725
vt 0.05 0.725
vt 0.05 0.525
vt 0.0375 0.525
vt 0.05 0.725
vt 0.05 0.525
vt 0.05 0.725
vt 0.0625 0.725
vt 0.0625 0.525
vt 0.05 0.525
vt 0.0625 0.725
vt 0.0625 0.525
vt 0.0625 0.725
vt 0.075 0.725
vt 0.075 0.525
vt 0.0625 0.525
vt 0.075 0.725
vt 0.075 0.525
vt 0.075 0.725
vt 0.0875 0.725
vt 0.0875 0.525
vt 0.075 0.525
vt 0.0875 0.725
vt 0.0875 0.525
vt 0.0875 0.725
vt 0.1 0.725
vt 0.1 0.525
vt 0.0875 0.525
vt 0.1 0.725
vt 0.1 0.525
vt 0.1 0.725
vt 0.1125 0.725
vt 0.1125 0.525
vt 0.1 0.525
vt 0.1125 0.725
vt 0.0125 0.525
vt 0.0125 0.725
vt 0.025 0.725
vt 0.025 0.525
vt 0.0125 0.525
vt 0.025 0.725
vt 0.025 0.525
vt 0.025 0.725
vt 0.0375 0.725
vt 0.0375 0.525
vt 0.025 0.525
vt 0.0375 0.725
vt 0.0375 0.525
vt 0.0375 0.725
vt 0.05 0.725
vt 0.05 0.525
vt 0.0375 0.525
vt 0.05 0.725
vt 0.05 0.525
vt 0.05 0.725
vt 0.0625 0.725
vt 0.0625 0.525
vt 0.05 0.525
vt 0.0625 0.725
vt 0.0625 0.525
vt 0.0625 0.725
vt 0.075 0.725
vt 0.075 0.525
vt 0.0625 0.525
vt 0.075 0.725
vt 0.075 0.525
vt 0.075 0.725
vt 0.0875 0.725
vt 0.0875 0.525
vt 0.075 0.525
vt 0.0875 0.725
vt 0.0875 0.525
vt 0.0875 0.725
vt 0.1 0.725
vt 0.1 0.525
vt 0.0875 0.525
vt 0.1 0.725
vt 0.1 0.525
vt 0.1 0.725
vt 0.1125 0.725
vt 0.1125 0.525
vt 0.1 0.525
vt 0.1125 0.725
vt 0.0125 0.525
vt 0.0125 0.725
vt 0.025 0.725
vt 0.025 0.525
vt 0.0125 0.525
vt 0.025 0.725
vt 0.025 0.525
vt 0.025 0.725
vt 0.0375 0.725
vt 0.0375 0.525
vt 0.025 0.525
vt 0.0375 0.725
vt 0.0375 0.525
vt 0.0375 0.725
vt 0.05 0.725
vt 0.05 0.525
vt 0.0375 0.525
vt 0.05 0.725
vt 0.05 0.525
vt 0.05 0.725
vt 0.0625 0.725
vt 0.0625 0.525
vt 0.05 0.525
vt 0.0625 0.725
vt 0.0625 0.525
vt 0.0625 0.725
vt 0.075 0.725
vt 0.075 0.525
vt 0.0625 0.525
vt 0.075 0.725
vt 0.075 0.525
vt 0.075 0.725
vt 0.0875 0.725
vt 0.0875 0.525
vt 0.075 0.525
vt 0.0875 0.725
vt 0.0875 0.525
vt 0.0875 0.725
vt 0.1 0.725
vt 0.1 0.525
vt 0.0875 0.525
vt 0.1 0.725
vt 0.1 0.525
vt 0.1 0.725
vt 0.1125 0.725
vt 0.1125 0.525
vt 0.1 0.525
vt 0.1125 0.725
vt 0.0125 0.525
vt 0.0125 0.725
vt 0.025 0.725
vt 0.025 0.525
vt 0.0125 0.525
vt 0.025 0.725
vt 0.025 0.525
vt 0.025 0.725
vt 0.0375 0.725
vt 0.0375 0.525
vt 0.025 0.525
vt 0.0375 0.725
vt 0.0375 0.525
vt 0.0375 0.725
vt 0.05 0.725
vt 0.05 0.525
vt 0.0375 0.525
vt 0.05 0.725
vt 0.05 0.525
vt 0.05 0.725
vt 0.0625 0.725
vt 0.0625 0.525
vt 0.05 0.525
vt 0.0625 0.725
vt 0.0625 0.525
vt 0.0625 0.725
vt 0.075 0.725
vt 0.075 0.525
vt 0.0625 0.525
vt 0.075 0.725
vt 0.075 0.525
vt 0.075 0.725
vt 0.0875 0.725
vt 0.0875 0.525
vt 0.075 0.525
vt 0.0875 0.725
vt 0.0875 0.525
vt 0.0875 0.725
vt 0.1 0.725
vt 0.1 0.525
vt 0.0875 0.525
vt 0.1 0.725
vt 0.1 0.525
vt 0.1 0.725
vt 0.1125 0.725
vt 0.1125 0.525
vt 0.1 0.525
vt 0.1125 0.725
vt 0.0125 0.525
vt 0.0125 0.725
vt 0.025 0.525
vt 0.0125 0.725
vt 0.025 0.725
vt 0.025 0.525
vt 0.025 0.525
vt 0.025 0.725
vt 0.0375 0.525
vt 0.025 0.725
vt 0.0375 0.725
vt 0.0375 0.525
vt 0.0375 0.525
vt 0.0375 0.725
vt 0.05 0.525
vt 0.0375 0.725
vt 0.05 0.725
vt 0.05 0.525
vt 0.05 0.525
vt 0.05 0.725
vt 0.0625 0.525
vt 0.05 0.725
vt 0.0625 0.725
vt 0.0625 0.525
vt 0.0625 0.525
vt 0.0625 0.725
vt 0.075 0.525
vt 0.0625 0.725
vt 0.075 0.725
vt 0.075 0.525
vt 0.075 0.525
vt 0.075 0.725
vt 0.0875 0.525
vt 0.075 0.725
vt 0.0875 0.725
vt 0.0875 0.525
vt 0.0875 0.525
vt 0.0875 0.725
vt 0.1 0.525
vt 0.0875 0.725
vt 0.1 0.725
vt 0.1 0.525
vt 0.1 0.525
vt 0.1 0.725
vt 0.1125 0.525
vt 0.1 0.725
vt 0.1125 0.725
vt 0.1125 0.525
vt 0.0125 0.525
vt 0.0125 0.725
vt 0.025 0.525
vt 0.0125 0.725
vt 0.025 0.725
vt 0.025 0.525
vt 0.025 0.525
vt 0.025 0.725
vt 0.0375 0.525
vt 0.025 0.725
vt 0.0375 0.725
vt 0.0375 0.525
vt 0.0375 0.525
vt 0.0375 0.725
vt 0.05 0.525
vt 0.0375 0.725
vt 0.05 0.725
vt 0.05 0.525
vt 0.05 0.525
vt 0.05 0.725
vt 0.0625 0.525
vt 0.05 0.725
vt 0.0625 0.725
vt 0.0625 0.525
vt 0.0625 0.525
vt 0.0625 0.725
vt 0.075 0.525
vt 0.0625 0.725
vt 0.075 0.725
vt 0.075 0.525
vt 0.075 0.525
vt 0.075 0.725
vt 0.0875 0.525
vt 0.075 0.725
vt 0.0875 0.725
vt 0.0875 0.525
vt 0.0875 0.525
vt 0.0875 0.725
vt 0.1 0.525
vt 0.0875 0.725
vt 0.1 0.725
vt 0.1 0.525
vt 0.1 0.525
vt 0.1 0.725
vt 0.1125 0.525
vt 0.1 0.725
vt 0.1125 0.725
vt 0.1125 0.525
vt 0.0125 0.525
vt 0.0125 0.725
vt 0.025 0.525
vt 0.0125 0.725
vt 0.025 0.725
vt 0.025 0.525
vt 0.025 0.525
vt 0.025 0.725
vt 0.0375 0.525
vt 0.025 0.725
vt 0.0375 0.725
vt 0.0375 0.525
vt 0.0375 0.525
vt 0.0375 0.725
vt 0.05 0.525
vt 0.0375 0.725
vt 0.05 0.725
vt 0.05 0.525
vt 0.05 0.525
vt 0.05 0.725
vt 0.0625 0.525
vt 0.05 0.725
vt 0.0625 0.725
vt 0.0625 0.525
vt 0.0625 0.525
vt 0.0625 0.725
vt 0.075 0.525
vt 0.0625 0.725
vt 0.075 0.725
vt 0.075 0.525
vt 0.075 0.525
vt 0.075 0.725
vt 0.0875 0.525
vt 0.075 0.725
vt 0.0875 0.725
vt 0.0875 0.525
vt 0.0875 0.525
vt 0.0875 0.725
vt 0.1 0.525
vt 0.0875 0.725
vt 0.1 0.725
vt 0.1 0.525
vt 0.1 0.525
vt 0.1 0.725
vt 0.1125 0.525
vt 0.1 0.725
vt 0.1125 0.725
vt 0.1125 0.525
vt 0.0125 0.525
vt 0.0125 0.725
vt 0.025 0.525
vt 0.0125 0.725
vt 0.025 0.725
vt 0.025 0.525
vt 0.025 0.525
vt 0.025 0.725
vt 0.0375 0.525
vt 0.025 0.725
vt 0.0375 0.725
vt 0.0375 0.525
vt 0.0375 0.525
vt 0.0375 0.725
vt 0.05 0.525
vt 0.0375 0.725
vt 0.05 0.725
vt 0.05 0.525
vt 0.05 0.525
vt 0.05 0.725
vt 0.0625 0.525
vt 0.05 0.725
vt 0.0625 0.725
vt 0.0625 0.525
vt 0.0625 0.525
vt 0.0625 0.725
vt 0.075 0.525
vt 0.0625 0.725
vt 0.075 0.725
vt 0.075 0.525
vt 0.075 0.525
vt 0.075 0.725
vt 0.0875 0.525
vt 0.075 0.725
vt 0.0875 0.725
vt 0.0875 0.525
vt 0.0875 0.525
vt 0.0875 0.725
vt 0.1 0.525
vt 0.0875 0.725
vt 0.1 0.725
vt 0.1 0.525
vt 0.1 0.525
vt 0.1 0.725
vt 0.1125 0.525
vt 0.1 0.725
vt 0.1125 0.725
vt 0.1125 0.525
vt 0.0125 0.525
vt 0.0125 0.725
vt 0.025 0.725
vt 0.025 0.525
vt 0.0125 0.525
vt 0.025 0.725
vt 0.025 0.525
vt 0.025 0.725
vt 0.0375 0.725
vt 0.0375 0.525
vt 0.025 0.525
vt 0.0375 0.725
vt 0.0375 0.525
vt 0.0375 0.725
vt 0.05 0.725
vt 0.05 0.525
vt 0.0375 0.525
vt 0.05 0.725
vt 0.05 0.525
vt 0.05 0.725
vt 0.0625 0.725
vt 0.0625 0.525
vt 0.05 0.525
vt 0.0625 0.725
vt 0.0625 0.525
vt 0.0625 0.725
vt 0.075 0.725
vt 0.075 0.525
vt 0.0625 0.525
vt 0.075 0.725
vt 0.075 0.525
vt 0.075 0.725
vt 0.0875 0.725
vt 0.0875 0.525
vt 0.075 0.525
vt 0.0875 0.725
vt 0.0875 0.525
vt 0.0875 0.725
vt 0.1 0.725
vt 0.1 0.525
vt 0.0875 0.525
vt 0.1 0.725
vt 0.1 0.525
vt 0.1 0.725
vt 0.1125 0.725
vt 0.1125 0.525
vt 0.1 0.525
vt 0.1125 0.725
vt 0.0125 0.525
vt 0.0125 0.725
vt 0.025 0.725
vt 0.025 0.525
vt 0.0125 0.525
vt 0.025 0.725
vt 0.025 0.525
vt 0.025 0.725
vt 0.0375 0.725
vt 0.0375 0.525
vt 0.025 0.525
vt 0.0375 0.725
vt 0.0375 0.525
vt 0.0375 0.725
vt 0.05 0.725
vt 0.05 0.525
vt 0.0375 0.525
vt 0.05 0.725
vt 0.05 0.525
vt 0.05 0.725
vt 0.0625 0.725
vt 0.0625 0.525
vt 0.05 0.525
vt 0.0625 0.725
vt 0.0625 0.525
vt 0.0625 0.725
vt 0.075 0.725
vt 0.075 0.525
vt 0.0625 0.525
vt 0.075 0.725
vt 0.075 0.525
vt 0.075 0.725
vt 0.0875 0.725
vt 0.0875 0.525
vt 0.075 0.525
vt 0.0875 0.725
vt 0.0875 0.525
vt 0.0875 0.725
vt 0.1 0.725
vt 0.1 0.525
vt 0.0875 0.525
vt 0.1 0.725
vt 0.1 0.525
vt 0.1 0.725
vt 0.1125 0.725
vt 0.1125 0.525
vt 0.1 0.525
vt 0.1125 0.725
vt 0.0125 0.525
vt 0.0125 0.725
vt 0.025 0.725
vt 0.025 0.525
vt 0.0125 0.525
vt 0.025 0.725
vt 0.025 0.525
vt 0.025 0.725
vt 0.0375 0.725
vt 0.0375 0.525
vt 0.025 0.525
vt 0.0375 0.725
vt 0.0375 0.525
vt 0.0375 0.725
vt 0.05 0.725
vt 0.05 0.525
vt 0.0375 0.525
vt 0.05 0.725
vt 0.05 0.525
vt 0.05 0.725
vt 0.0625 0.725
vt 0.0625 0.525
vt 0.05 0.525
vt 0.0625 0.725
vt 0.0625 0.525
vt 0.0625 0.725
vt 0.075 0.725
vt 0.075 0.525
vt 0.0625 0.525
vt 0.075 0.725
vt 0.075 0.525
vt 0.075 0.725
vt 0.0875 0.725
vt 0.0875 0.525
vt 0.075 0.525
vt 0.0875 0.725
vt 0.0875 0.525
vt 0.0875 0.725
vt 0.1 0.725
vt 0.1 0.525
vt 0.0875 0.525
vt 0.1 0.725
vt 0.1 0.525
vt 0.1 0.725
vt 0.1125 0.725
vt 0.1125 0.525
vt 0.1 0.525
vt 0.1125 0.725
vt 0.0125 0.525
vt 0.0125 0.725
vt 0.025 0.725
vt 0.025 0.525
vt 0.0125 0.525
vt 0.025 0.725
vt 0.025 0.525
vt 0.025 0.725
vt 0.0375 0.725
vt 0.0375 0.525
vt 0.025 0.525
vt 0.0375 0.725
vt 0.0375 0.525
vt 0.0375 0.725
vt 0.05 0.725
vt 0.05 0.525
vt 0.0375 0.525
vt 0.05 0.725
vt 0.05 0.525
vt 0.05 0.725
vt 0.0625 0.725
vt 0.0625 0.525
vt 0.05 0.525
vt 0.0625 0.725
vt 0.0625 0.525
vt 0.0625 0.725
vt 0.075 0.725
vt 0.075 0.525
vt 0.0625 0.525
vt 0.075 0.725
vt 0.075 0.525
vt 0.075 0.725
vt 0.0875 0.725
vt 0.0875 0.525
vt 0.075 0.525
vt 0.0875 0.725
vt 0.0875 0.525
vt 0.0875 0.725
vt 0.1 0.725
vt 0.1 0.525
vt 0.0875 0.525
vt 0.1 0.725
vt 0.1 0.525
vt 0.1 0.725
vt 0.1125 0.725
vt 0.1125 0.525
vt 0.1 0.525
vt 0.1125 0.725
vt 0.0125 0.525
vt 0.0125 0.725
vt 0.025 0.525
vt 0.0125 0.725
vt 0.025 0.725
vt 0.025 0.525
vt 0.025 0.525
vt 0.025 0.725
vt 0.0375 0.525
vt 0.025 0.725
vt 0.0375 0.725
vt 0.0375 0.525
vt 0.0375 0.525
vt 0.0375 0.725
vt 0.05 0.525
vt 0.0375 0.725
vt 0.05 0.725
vt 0.05 0.525
vt 0.05 0.525
vt 0.05 0.725
vt 0.0625 0.525
vt 0.05 0.725
vt 0.0625 0.725
vt 0.0625 0.525
vt 0.0625 0.525
vt 0.0625 0.725
vt 0.075 0.525
vt 0.0625 0.725
vt 0.075 0.725
vt 0.075 0.525
vt 0.075 0.525
vt 0.075 0.725
vt 0.0875 0.525
vt 0.075 0.725
vt 0.0875 0.725
vt 0.0875 0.525
vt 0.0875 0.525
vt 0.0875 0.725
vt 0.1 0.525
vt 0.0875 0.725
vt 0.1 0.725
vt 0.1 0.525
vt 0.1 0.525
vt 0.1 0.725
vt 0.1125 0.525
vt 0.1 0.725
vt 0.1125 0.725
vt 0.1125 0.525
vt 0.0125 0.525
vt 0.0125 0.725
vt 0.025 0.525
vt 0.0125 0.725
vt 0.025 0.725
vt 0.025 0.525
vt 0.025 0.525
vt 0.025 0.725
vt 0.0375 0.525
vt 0.025 0.725
vt 0.0375 0.725
vt 0.0375 0.525
vt 0.0375 0.525
vt 0.0375 0.725
vt 0.05 0.525
vt 0.0375 0.725
vt 0.05 0.725
vt 0.05 0.525
vt 0.05 0.525
vt 0.05 0.725
vt 0.0625 0.525
vt 0.05 0.725
vt 0.0625 0.725
vt 0.0625 0.525
vt 0.0625 0.525
vt 0.0625 0.725
vt 0.075 0.525
vt 0.0625 0.725
vt 0.075 0.725
vt 0.075 0.525
vt 0.075 0.525
vt 0.075 0.725
vt 0.0875 0.525
vt 0.075 0.725
vt 0.0875 0.725
vt 0.0875 0.525
vt 0.0875 0.525
vt 0.0875 0.725
vt 0.1 0.525
vt 0.0875 0.725
vt 0.1 0.725
vt 0.1 0.525
vt 0.1 0.525
vt 0.1 0.725
vt 0.1125 0.525
vt 0.1 0.725
vt 0.1125 0.725
vt 0.1125 0.525
vt 0.0125 0.525
vt 0.0125 0.725
vt 0.025 0.525
vt 0.0125 0.725
vt 0.025 0.725
vt 0.025 0.525
vt 0.025 0.525
vt 0.025 0.725
vt 0.0375 0.525
vt 0.025 0.725
vt 0.0375 0.725
vt 0.0375 0.525
vt 0.0375 0.525
vt 0.0375 0.725
vt 0.05 0.525
vt 0.0375 0.725
vt 0.05 0.725
vt 0.05 0.525
vt 0.05 0.525
vt 0.05 0.725
vt 0.0625 0.525
vt 0.05 0.725
vt 0.0625 0.725
vt 0.0625 0.525
vt 0.0625 0.525
vt 0.0625 0.725
vt 0.075 0.525
vt 0.0625 0.725
vt 0.075 0.725
vt 0.075 0.525
vt 0.075 0.525
vt 0.075 0.725
vt 0.0875 0.525
vt 0.075 0.725
vt 0.0875 0.725
vt 0.0875 0.525
vt 0.0875 0.525
vt 0.0875 0.725
vt 0.1 0.525
vt 0.0875 0.725
vt 0.1 0.725
vt 0.1 0.525
vt 0.1 0.525
vt 0.1 0.725
vt 0.1125 0.525
vt 0.1 0.725
vt 0.1125 0.725
vt 0.1125 0.525
vt 0.0125 0.525
vt 0.0125 0.725
vt 0.025 0.525
vt 0.0125 0.725
vt 0.025 0.725
vt 0.025 0.525
vt 0.025 0.525
vt 0.025 0.725
vt 0.0375 0.525
vt 0.025 0.725
vt 0.0375 0.725
vt 0.0375 0.525
vt 0.0375 0.525
vt 0.0375 0.725
vt 0.05 0.525
vt 0.0375 0.725
vt 0.05 0.725
vt 0.05 0.525
vt 0.05 0.525
vt 0.05 0.725
vt 0.0625 0.525
vt 0.05 0.725
vt 0.0625 0.725
vt 0.0625 0.525
vt 0.0625 0.525
vt 0.0625 0.725
vt 0.075 0.525
vt 0.0625 0.725
vt 0.075 0.725
vt 0.075 0.525
vt 0.075 0.525
vt 0.075 0.725
vt 0.0875 0.525
vt 0.075 0.725
vt 0.0875 0.725
vt 0.0875 0.525
vt 0.0875 0.525
vt 0.0875 0.725
vt 0.1 0.525
vt 0.0875 0.725
vt 0.1 0.725
vt 0.1 0.525
vt 0.1 0.525
vt 0.1 0.725
vt 0.1125 0.525
vt 0.1 0.725
vt 0.1125 0.725
vt 0.1125 0.525
vt 0.0125 0.525
vt 0.0125 0.725
vt 0.025 0.725
vt 0.025 0.525
vt 0.0125 0.525
vt 0.025 0.725
vt 0.025 0.525
vt 0.025 0.725
vt 0.0375 0.725
vt 0.0375 0.525
vt 0.025 0.525
vt 0.0375 0.725
vt 0.0375 0.525
vt 0.0375 0.725
vt 0.05 0.725
vt 0.05 0.525
vt 0.0375 0.525
vt 0.05 0.725
vt 0.05 0.525
vt 0.05 0.725
vt 0.0625 0.725
vt 0.0625 0.525
vt 0.05 0.525
vt 0.0625 0.725
vt 0.0625 0.525
vt 0.0625 0.725
vt 0.075 0.725
vt 0.075 0.525
vt 0.0625 0.525
vt 0.075 0.725
vt 0.075 0.525
vt 0.075 0.725
vt 0.0875 0.725
vt 0.0875 0.525
vt 0.075 0.525
vt 0.0875 0.725
vt 0.0875 0.525
vt 0.0875 0.725
vt 0.1 0.725
vt 0.1 0.525
vt 0.0875 0.525
vt 0.1 0.725
vt 0.1 0.525
vt 0.1 0.725
vt 0.1125 0.725
vt 0.1125 0.525
vt 0.1 0.525
vt 0.1125 0.725
vt 0.0125 0.525
vt 0.0125 0.725
vt 0.025 0.725
vt 0.025 0.525
vt 0.0125 0.525
vt 0.025 0.725
vt 0.025 0.525
vt 0.025 0.725
vt 0.0375 0.725
vt 0.0375 0.525
vt 0.025 0.525
vt 0.0375 0.725
vt 0.0375 0.525
vt 0.0375 0.725
vt 0.05 0.725
vt 0.05 0.525
vt 0.0375 0.525
vt 0.05 0.725
vt 0.05 0.525
vt 0.05 0.725
vt 0.0625 0.725
vt 0.0625 0.525
vt 0.05 0.525
vt 0.0625 0.725
vt 0.0625 0.525
vt 0.0625 0.725
vt 0.075 0.725
vt 0.075 0.525
vt 0.0625 0.525
vt 0.075 0.725
vt 0.075 0.525
vt 0.075 0.725
vt 0.0875 0.725
vt 0.0875 0.525
vt 0.075 0.525
vt 0.0875 0.725
vt 0.0875 0.525
vt 0.0875 0.725
vt 0.1 0.725
vt 0.1 0.525
vt 0.0875 0.525
vt 0.1 0.725
vt 0.1 0.525
vt 0.1 0.725
vt 0.1125 0.725
vt 0.1125 0.525
vt 0.1 0.525
vt 0.1125 0.725
vt 0.0125 0.525
vt 0.0125 0.725
vt 0.025 0.725
vt 0.025 0.525
vt 0.0125 0.525
vt 0.025 0.725
vt 0.025 0.525
vt 0.025 0.725
vt 0.0375 0.725
vt 0.0375 0.525
vt 0.025 0.525
vt 0.0375 0.725
vt 0.0375 0.525
vt 0.0375 0.725
vt 0.05 0.725
vt 0.05 0.525
vt 0.0375 0.525
vt 0.05 0.725
vt 0.05 0.525
vt 0.05 0.725
vt 0.0625 0.725
vt 0.0625 0.525
vt 0.05 0.525
vt 0.0625 0.725
vt 0.0625 0.525
vt 0.0625 0.725
vt 0.075 0.725
vt 0.075 0.525
vt 0.0625 0.525
vt 0.075 0.725
vt 0.075 0.525
vt 0.075 0.725
vt 0.0875 0.725
vt 0.0875 0.525
vt 0.075 0.525
vt 0.0875 0.725
vt 0.0875 0.525
vt 0.0875 0.725
vt 0.1 0.725
vt 0.1 0.525
vt 0.0875 0.525
vt 0.1 0.725
vt 0.1 0.525
vt 0.1 0.725
vt 0.1125 0.725
vt 0.1125 0.525
vt 0.1 0.525
vt 0.1125 0.725
vt 0.0125 0.525
vt 0.0125 0.725
vt 0.025 0.725
vt 0.025 0.525
vt 0.0125 0.525
vt 0.025 0.725
vt 0.025 0.525
vt 0.025 0.725
vt 0.0375 0.725
vt 0.0375 0.525
vt 0.025 0.525
vt 0.0375 0.725
vt 0.0375 0.525
vt 0.0375 0.725
vt 0.05 0.725
vt 0.05 0.525
vt 0.0375 0.525
vt 0.05 0.725
vt 0.05 0.525
vt 0.05 0.725
vt 0.0625 0.725
vt 0.0625 0.525
vt 0.05 0.525
vt 0.0625 0.725
vt 0.0625 0.525
vt 0.0625 0.725
vt 0.075 0.725
vt 0.075 0.525
vt 0.0625 0.525
vt 0.075 0.725
vt 0.075 0.525
vt 0.075 0.725
vt 0.0875 0.725
vt 0.0875 0.525
vt 0.075 0.525
vt 0.0875 0.725
vt 0.0875 0.525
vt 0.0875 0.725
vt 0.1 0.725
vt 0.1 0.525
vt 0.0875 0.525
vt 0.1 0.725
vt 0.1 0.525
vt 0.1 0.725
vt 0.1125 0.725
vt 0.1125 0.525
vt 0.1 0.525
vt 0.1125 0.725
vt 0.0125 0.525
vt 0.0125 0.725
vt 0.025 0.525
vt 0.0125 0.725
vt 0.025 0.725
vt 0.025 0.525
vt 0.025 0.525
vt 0.025 0.725
vt 0.0375 0.525
vt 0.025 0.725
vt 0.0375 0.725
vt 0.0375 0.525
vt 0.0375 0.525
vt 0.0375 0.725
vt 0.05 0.525
vt 0.0375 0.725
vt 0.05 0.725
vt 0.05 0.525
vt 0.05 0.525
vt 0.05 0.725
vt 0.0625 0.525
vt 0.05 0.725
vt 0.0625 0.725
vt 0.0625 0.525
vt 0.0625 0.525
vt 0.0625 0.725
vt 0.075 0.525
vt 0.0625 0.725
vt 0.075 0.725
vt 0.075 0.525
vt 0.075 0.525
vt 0.075 0.725
vt 0.0875 0.525
vt 0.075 0.725
vt 0.0875 0.725
vt 0.0875 0.525
vt 0.0875 0.525
vt 0.0875 0.725
vt 0.1 0.525
vt 0.0875 0.725
vt 0.1 0.725
vt 0.1 0.525
vt 0.1 0.525
vt 0.1 0.725
vt 0.1125 0.525
vt 0.1 0.725
vt 0.1125 0.725
vt 0.1125 0.525
vt 0.0125 0.525
vt 0.0125 0.725
vt 0.025 0.525
vt 0.0125 0.725
vt 0.025 0.725
vt 0.025 0.525
vt 0.025 0.525
vt 0.025 0.725
vt 0.0375 0.525
vt 0.025 0.725
vt 0.0375 0.725
vt 0.0375 0.525
vt 0.0375 0.525
vt 0.0375 0.725
vt 0.05 0.525
vt 0.0375 0.725
vt 0.05 0.725
vt 0.05 0.525
vt 0.05 0.525
vt 0.05 0.725
vt 0.0625 0.525
vt 0.05 0.725
vt 0.0625 0.725
vt 0.0625 0.525
vt 0.0625 0.525
vt 0.0625 0.725
vt 0.075 0.525
vt 0.0625 0.725
vt 0.075 0.725
vt 0.075 0.525
vt 0.075 0.525
vt 0.075 0.725
vt 0.0875 0.525
vt 0.075 0.725
vt 0.0875 0.725
vt 0.0875 0.525
vt 0.0875 0.525
vt 0.0875 0.725
vt 0.1 0.525
vt 0.0875 0.725
vt 0.1 0.725
vt 0.1 0.525
vt 0.1 0.525
vt 0.1 0.725
vt 0.1125 0.525
vt 0.1 0.725
vt 0.1125 0.725
vt 0.1125 0.525
vt 0.0125 0.525
vt 0.0125 0.725
vt 0.025 0.525
vt 0.0125 0.725
vt 0.025 0.725
vt 0.025 0.525
vt 0.025 0.525
vt 0.025 0.725
vt 0.0375 0.525
vt 0.025 0.725
vt 0.0375 0.725
vt 0.0375 0.525
vt 0.0375 0.525
vt 0.0375 0.725
vt 0.05 0.525
vt 0.0375 0.725
vt 0.05 0.725
vt 0.05 0.525
vt 0.05 0.525
vt 0.05 0.725
vt 0.0625 0.525
vt 0.05 0.725
vt 0.0625 0.725
vt 0.0625 0.525
vt 0.0625 0.525
vt 0.0625 0.725
vt 0.075 0.525
vt 0.0625 0.725
vt 0.075 0.725
vt 0.075 0.525
vt 0.075 0.525
vt 0.075 0.725
vt 0.0875 0.525
vt 0.075 0.725
vt 0.0875 0.725
vt 0.0875 0.525
vt 0.0875 0.525
vt 0.0875 0.725
vt 0.1 0.525
vt 0.0875 0.725
vt 0.1 0.725
vt 0.1 0.525
vt 0.1 0.525
vt 0.1 0.725
vt 0.1125 0.525
vt 0.1 0.725
vt 0.1125 0.725
vt 0.1125 0.525
vt 0.0125 0.525
vt 0.0125 0.725
vt 0.025 0.525
vt 0.0125 0.725
vt 0.025 0.725
vt 0.025 0.525
vt 0.025 0.525
vt 0.025 0.725
vt 0.0375 0.525
vt 0.025 0.725
vt 0.0375 0.725
vt 0.0375 0.525
vt 0.0375 0.525
vt 0.0375 0.725
vt 0.05 0.525
vt 0.0375 0.725
vt 0.05 0.725
vt 0.05 0.525
vt 0.05 0.525
vt 0.05 0.725
vt 0.0625 0.525
vt 0.05 0.725
vt 0.0625 0.725
vt 0.0625 0.525
vt 0.0625 0.525
vt 0.0625 0.725
vt 0.075 0.525
vt 0.0625 0.725
vt 0.075 0.725
vt 0.075 0.525
vt 0.075 0.525
vt 0.075 0.725
vt 0.0875 0.525
vt 0.075 0.725
vt 0.0875 0.725
vt 0.0875 0.525
vt 0.0875 0.525
vt 0.0875 0.725
vt 0.1 0.525
vt 0.0875 0.725
vt 0.1 0.725
vt 0.1 0.525
vt 0.1 0.525
vt 0.1 0.725
vt 0.1125 0.525
vt 0.1 0.725
vt 0.1125 0.725
vt 0.1125 0.525
vt 0.0125 0.525
vt 0.0125 0.725
vt 0.025 0.725
vt 0.025 0.525
vt 0.0125 0.525
vt 0.025 0.725
vt 0.025 0.525
vt 0.025 0.725
vt 0.0375 0.725
vt 0.0375 0.525
vt 0.025 0.525
vt 0.0375 0.725
vt 0.0375 0.525
vt 0.0375 0.725
vt 0.05 0.725
vt 0.05 0.525
vt 0.0375 0.525
vt 0.05 0.725
vt 0.05 0.525
vt 0.05 0.725
vt 0.0625 0.725
vt 0.0625 0.525
vt 0.05 0.525
vt 0.0625 0.725
vt 0.0625 0.525
vt 0.0625 0.725
vt 0.075 0.725
vt 0.075 0.525
vt 0.0625 0.525
vt 0.075 0.725
vt 0.075 0.525
vt 0.075 0.725
vt 0.0875 0.725
vt 0.0875 0.525
vt 0.075 0.525
vt 0.0875 0.725
vt 0.0875 0.525
vt 0.0875 0.725
vt 0.1 0.725
vt 0.1 0.525
vt 0.0875 0.525
vt 0.1 0.725
vt 0.1 0.525
vt 0.1 0.725
vt 0.1125 0.725
vt 0.1125 0.525
vt 0.1 0.525
vt 0.1125 0.725
vt 0.0125 0.525
vt 0.0125 0.725
vt 0.025 0.725
vt 0.025 0.525
vt 0.0125 0.525
vt 0.025 0.725
vt 0.025 0.525
vt 0.025 0.725
vt 0.0375 0.725
vt 0.0375 0.525
vt 0.025 0.525
vt 0.0375 0.725
vt 0.0375 0.525
vt 0.0375 0.725
vt 0.05 0.725
vt 0.05 0.525
vt 0.0375 0.525
vt 0.05 0.725
vt 0.05 0.525
vt 0.05 0.725
vt 0.0625 0.725
vt 0.0625 0.525
vt 0.05 0.525
vt 0.0625 0.725
vt 0.0625 0.525
vt 0.0625 0.725
vt 0.075 0.725
vt 0.075 0.525
vt 0.0625 0.525
vt 0.075 0.725
vt 0.075 0.525
vt 0.075 0.725
vt 0.0875 0.725
vt 0.0875 0.525
vt 0.075 0.525
vt 0.0875 0.725
vt 0.0875 0.525
vt 0.0875 0.725
vt 0.1 0.725
vt 0.1 0.525
vt 0.0875 0.525
vt 0.1 0.725
vt 0.1 0.525
vt 0.1 0.725
vt 0.1125 0.725
vt 0.1125 0.525
vt 0.1 0.525
vt 0.1125 0.725
vt 0.0125 0.525
vt 0.0125 0.725
vt 0.025 0.725
vt 0.025 0.525
vt 0.0125 0.525
vt 0.025 0.725
vt 0.025 0.525
vt 0.025 0.725
vt 0.0375 0.725
vt 0.0375 0.525
vt 0.025 0.525
vt 0.0375 0.725
vt 0.0375 0.525
vt 0.0375 0.725
vt 0.05 0.725
vt 0.05 0.525
vt 0.0375 0.525
vt 0.05 0.725
vt 0.05 0.525
vt 0.05 0.725
vt 0.0625 0.725
vt 0.0625 0.525
vt 0.05 0.525
vt 0.0625 0.725
vt 0.0625 0.525
vt 0.0625 0.725
vt 0.075 0.725
vt 0.075 0.525
vt 0.0625 0.525
vt 0.075 0.725
vt 0.075 0.525
vt 0.075 0.725
vt 0.0875 0.725
vt 0.0875 0.525
vt 0.075 0.525
vt 0.0875 0.725
vt 0.0875 0.525
vt 0.0875 0.725
vt 0.1 0.725
vt 0.1 0.525
vt 0.0875 0.525
vt 0.1 0.725
vt 0.1 0.525
vt 0.1 0.725
vt 0.1125 0.725
vt 0.1125 0.525
vt 0.1 0.525
vt 0.1125 0.725
vt 0.0125 0.525
vt 0.0125 0.725
vt 0.025 0.725
vt 0.025 0.525
vt 0.0125 0.525
vt 0.025 0.725
vt 0.025 0.525
vt 0.025 0.725
vt 0.0375 0.725
vt 0.0375 0.525
vt 0.025 0.525
vt 0.0375 0.725
vt 0.0375 0.525
vt 0.0375 0.725
vt 0.05 0.725
vt 0.05 0.525
vt 0.0375 0.525
vt 0.05 0.725
vt 0.05 0.525
vt 0.05 0.725
vt 0.0625 0.725
vt 0.0625 0.525
vt 0.05 0.525
vt 0.0625 0.725
vt 0.0625 0.525
vt 0.0625 0.725
vt 0.075 0.725
vt 0.075 0.525
vt 0.0625 0.525
vt 0.075 0.725
vt 0.075 0.525
vt 0.075 0.725
vt 0.0875 0.725
vt 0.0875 0.525
vt 0.075 0.525
vt 0.0875 0.725
vt 0.0875 0.525
vt 0.0875 0.725
vt 0.1 0.725
vt 0.1 0.525
vt 0.0875 0.525
vt 0.1 0.725
vt 0.1 0.525
vt 0.1 0.725
vt 0.1125 0.725
vt 0.1125 0.525
vt 0.1 0.525
vt 0.1125 0.725
vt 0.0125 0.525
vt 0.0125 0.725
vt 0.025 0.525
vt 0.0125 0.725
vt 0.025 0.725
vt 0.025 0.525
vt 0.025 0.525
vt 0.025 0.725
vt 0.0375 0.525
vt 0.025 0.725
vt 0.0375 0.725
vt 0.0375 0.525
vt 0.0375 0.525
vt 0.0375 0.725
vt 0.05 0.525
vt 0.0375 0.725
vt 0.05 0.725
vt 0.05 0.525
vt 0.05 0.525
vt 0.05 0.725
vt 0.0625 0.525
vt 0.05 0.725
vt 0.0625 0.725
vt 0.0625 0.525
vt 0.0625 0.525
vt 0.0625 0.725
vt 0.075 0.525
vt 0.0625 0.725
vt 0.075 0.725
vt 0.075 0.525
vt 0.075 0.525
vt 0.075 0.725
vt 0.0875 0.525
vt 0.075 0.725
vt 0.0875 0.725
vt 0.0875 0.525
vt 0.0875 0.525
vt 0.0875 0.725
vt 0.1 0.525
vt 0.0875 0.725
vt 0.1 0.725
vt 0.1 0.525
vt 0.1 0.525
vt 0.1 0.725
vt 0.1125 0.525
vt 0.1 0.725
vt 0.1125 0.725
vt 0.1125 0.525
vt 0.0125 0.525
vt 0.0125 0.725
vt 0.025 0.525
vt 0.0125 0.725
vt 0.025 0.725
vt 0.025 0.525
vt 0.025 0.525
vt 0.025 0.725
vt 0.0375 0.525
vt 0.025 0.725
vt 0.0375 0.725
vt 0.0375 0.525
vt 0.0375 0.525
vt 0.0375 0.725
vt 0.05 0.525
vt 0.0375 0.725
vt 0.05 0.725
vt 0.05 0.525
vt 0.05 0.525
vt 0.05 0.725
vt 0.0625 0.525
vt 0.05 0.725
vt 0.0625 0.725
vt 0.0625 0.525
vt 0.0625 0.525
vt 0.0625 0.725
vt 0.075 0.525
vt 0.0625 0.725
vt 0.075 0.725
vt 0.075 0.525
vt 0.075 0.525
vt 0.075 0.725
vt 0.0875 0.525
vt 0.075 0.725
vt 0.0875 0.725
vt 0.0875 0.525
vt 0.0875 0.525
vt 0.0875 0.725
vt 0.1 0.525
vt 0.0875 0.725
vt 0.1 0.725
vt 0.1 0.525
vt 0.1 0.525
vt 0.1 0.725
vt 0.1125 0.525
vt 0.1 0.725
vt 0.1125 0.725
vt 0.1125 0.525
vt 0.0125 0.525
vt 0.0125 0.725
vt 0.025 0.525
vt 0.0125 0.725
vt 0.025 0.725
vt 0.025 0.525
vt 0.025 0.525
vt 0.025 0.725
vt 0.0375 0.525
vt 0.025 0.725
vt 0.0375 0.725
vt 0.0375 0.525
vt 0.0375 0.525
vt 0.0375 0.725
vt 0.05 0.525
vt 0.0375 0.725
vt 0.05 0.725
vt 0.05 0.525
vt 0.05 0.525
vt 0.05 0.725
vt 0.0625 0.525
vt 0.05 0.725
vt 0.0625 0.725
vt 0.0625 0.525
vt 0.0625 0.525
vt 0.0625 0.725
vt 0.075 0.525
vt 0.0625 0.725
vt 0.075 0.725
vt 0.075 0.525
vt 0.075 0.525
vt 0.075 0.725
vt 0.0875 0.525
vt 0.075 0.725
vt 0.0875 0.725
vt 0.0875 0.525
vt 0.0875 0.525
vt 0.0875 0.725
vt 0.1 0.525
vt 0.0875 0.725
vt 0.1 0.725
vt 0.1 0.525
vt 0.1 0.525
vt 0.1 0.725
vt 0.1125 0.525
vt 0.1 0.725
vt 0.1125 0.725
vt 0.1125 0.525
vt 0.0125 0.525
vt 0.0125 0.725
vt 0.025 0.525
vt 0.0125 0.725
vt 0.025 0.725
vt 0.025 0.525
vt 0.025 0.525
vt 0.025 0.725
vt 0.0375 0.525
vt 0.025 0.725
vt 0.0375 0.725
vt 0.0375 0.525
vt 0.0375 0.525
vt 0.0375 0.725
vt 0.05 0.525
vt 0.0375 0.725
vt 0.05 0.725
vt 0.05 0.525
vt 0.05 0.525
vt 0.05 0.725
vt 0.0625 0.525
vt 0.05 0.725
vt 0.0625 0.725
vt 0.0625 0.525
vt 0.0625 0.525
vt 0.0625 0.725
vt 0.075 0.525
vt 0.0625 0.725
vt 0.075 0.725
vt 0.075 0.525
vt 0.075 0.525
vt 0.075 0.725
vt 0.0875 0.525
vt 0.075 0.725
vt 0.0875 0.725
vt 0.0875 0.525
vt 0.0875 0.525
vt 0.0875 0.725
vt 0.1 0.525
vt 0.0875 0.725
vt 0.1 0.725
vt 0.1 0.525
vt 0.1 0.525
vt 0.1 0.725
vt 0.1125 0.525
vt 0.1 0.725
vt 0.1125 0.725
vt 0.1125 0.525
vt 0.0125 0.525
vt 0.0125 0.725
vt 0.025 0.725
vt 0.025 0.525
vt 0.0125 0.525
vt 0.025 0.725
vt 0.025 0.525
vt 0.025 0.725
vt 0.0375 0.725
vt 0.0375 0.525
vt 0.025 0.525
vt 0.0375 0.725
vt 0.0375 0.525
vt 0.0375 0.725
vt 0.05 0.725
vt 0.05 0.525
vt 0.0375 0.525
vt 0.05 0.725
vt 0.05 0.525
vt 0.05 0.725
vt 0.0625 0.725
vt 0.0625 0.525
vt 0.05 0.525
vt 0.0625 0.725
vt 0.0625 0.525
vt 0.0625 0.725
vt 0.075 0.725
vt 0.075 0.525
vt 0.0625 0.525
vt 0.075 0.725
vt 0.075 0.525
vt 0.075 0.725
vt 0.0875 0.725
vt 0.0875 0.525
vt 0.075 0.525
vt 0.0875 0.725
vt 0.0875 0.525
vt 0.0875 0.725
vt 0.1 0.725
vt 0.1 0.525
vt 0.0875 0.525
vt 0.1 0.725
vt 0.1 0.525
vt 0.1 0.725
vt 0.1125 0.725
vt 0.1125 0.525
vt 0.1 0.525
vt 0.1125 0.725
vt 0.0125 0.525
vt 0.0125 0.725
vt 0.025 0.725
vt 0.025 0.525
vt 0.0125 0.525
vt 0.025 0.725
vt 0.025 0.525
vt 0.025 0.725
vt 0.0375 0.725
vt 0.0375 0.525
vt 0.025 0.525
vt 0.0375 0.725
vt 0.0375 0.525
vt 0.0375 0.725
vt 0.05 0.725
vt 0.05 0.525
vt 0.0375 0.525
vt 0.05 0.725
vt 0.05 0.525
vt 0.05 0.725
vt 0.0625 0.725
vt 0.0625 0.525
vt 0.05 0.525
vt 0.0625 0.725
vt 0.0625 0.525
vt 0.0625 0.725
vt 0.075 0.725
vt 0.075 0.525
vt 0.0625 0.525
vt 0.075 0.725
vt 0.075 0.525
vt 0.075 0.725
vt 0.0875 0.725
vt 0.0875 0.525
vt 0.075 0.525
vt 0.0875 0.725
vt 0.0875 0.525
vt 0.0875 0.725
vt 0.1 0.725
vt 0.1 0.525
vt 0.0875 0.525
vt 0.1 0.725
vt 0.1 0.525
vt 0.1 0.725
vt 0.1125 0.725
vt 0.1125 0.525
vt 0.1 0.525
vt 0.1125 0.725
vt 0.0125 0.525
vt 0.0125 0.725
vt 0.025 0.725
vt 0.025 0.525
vt 0.0125 0.525
vt 0.025 0.725
vt 0.025 0.525
vt 0.025 0.725
vt 0.0375 0.725
vt 0.0375 0.525
vt 0.025 0.525
vt 0.0375 0.725
vt 0.0375 0.525
vt 0.0375 0.725
vt 0.05 0.725
vt 0.05 0.525
vt 0.0375 0.525
vt 0.05 0.725
vt 0.05 0.525
vt 0.05 0.725
vt 0.0625 0.725
vt 0.0625 0.525
vt 0.05 0.525
vt 0.0625 0.725
vt 0.0625 0.525
vt 0.0625 0.725
vt 0.075 0.725
vt 0.075 0.525
vt 0.0625 0.525
vt 0.075 0.725
vt 0.075 0.525
vt 0.075 0.725
vt 0.0875 0.725
vt 0.0875 0.525
vt 0.075 0.525
vt 0.0875 0.725
vt 0.0875 0.525
vt 0.0875 0.725
vt 0.1 0.725
vt 0.1 0.525
vt 0.0875 0.525
vt 0.1 0.725
vt 0.1 0.525
vt 0.1 0.725
vt 0.1125 0.725
vt 0.1125 0.525
vt 0.1 0.525
vt 0.1125 0.725
vt 0.0125 0.525
vt 0.0125 0.725
vt 0.025 0.725
vt 0.025 0.525
vt 0.0125 0.525
vt 0.025 0.725
vt 0.025 0.525
vt 0.025 0.725
vt 0.0375 0.725
vt 0.0375 0.525
vt 0.025 0.525
vt 0.0375 0.725
vt 0.0375 0.525
vt 0.0375 0.725
vt 0.05 0.725
vt 0.05 0.525
vt 0.0375 0.525
vt 0.05 0.725
vt 0.05 0.525
vt 0.05 0.725
vt 0.0625 0.725
vt 0.0625 0.525
vt 0.05 0.525
vt 0.0625 0.725
vt 0.0625 0.525
vt 0.0625 0.725
vt 0.075 0.725
vt 0.075 0.525
vt 0.0625 0.525
vt 0.075 0.725
vt 0.075 0.525
vt 0.075 0.725
vt 0.0875 0.725
vt 0.0875 0.525
vt 0.075 0.525
vt 0.0875 0.725
vt 0.0875 0.525
vt 0.0875 0.725
vt 0.1 0.725
vt 0.1 0.525
vt 0.0875 0.525
vt 0.1 0.725
vt 0.1 0.525
vt 0.1 0.725
vt 0.1125 0.725
vt 0.1125 0.525
vt 0.1 0.525
vt 0.1125 0.725
vt 0.0125 0.525
vt 0.0125 0.725
vt 0.025 0.525
vt 0.0125 0.725
vt 0.025 0.725
vt 0.025 0.525
vt 0.025 0.525
vt 0.025 0.725
vt 0.0375 0.525
vt 0.025 0.725
vt 0.0375 0.725
vt 0.0375 0.525
vt 0.0375 0.525
vt 0.0375 0.725
vt 0.05 0.525
vt 0.0375 0.725
vt 0.05 0.725
vt 0.05 0.525
vt 0.05 0.525
vt 0.05 0.725
vt 0.0625 0.525
vt 0.05 0.725
vt 0.0625 0.725
vt 0.0625 0.525
vt 0.0625 0.525
vt 0.0625 0.725
vt 0.075 0.525
vt 0.0625 0.725
vt 0.075 0.725
vt 0.075 0.525
vt 0.075 0.525
vt 0.075 0.725
vt 0.0875 0.525
vt 0.075 0.725
vt 0.0875 0.725
vt 0.0875 0.525
vt 0.0875 0.525
vt 0.0875 0.725
vt 0.1 0.525
vt 0.0875 0.725
vt 0.1 0.725
vt 0.1 0.525
vt 0.1 0.525
vt 0.1 0.725
vt 0.1125 0.525
vt 0.1 0.725
vt 0.1125 0.725
vt 0.1125 0.525
vt 0.0125 0.525
vt 0.0125 0.725
vt 0.025 0.525
vt 0.0125 0.725
vt 0.025 0.725
vt 0.025 0.525
vt 0.025 0.525
vt 0.025 0.725
vt 0.0375 0.525
vt 0.025 0.725
vt 0.0375 0.725
vt 0.0375 0.525
vt 0.0375 0.525
vt 0.0375 0.725
vt 0.05 0.525
vt 0.0375 0.725
vt 0.05 0.725
vt 0.05 0.525
vt 0.05 0.525
vt 0.05 0.725
vt 0.0625 0.525
vt 0.05 0.725
vt 0.0625 0.725
vt 0.0625 0.525
vt 0.0625 0.525
vt 0.0625 0.725
vt 0.075 0.525
vt 0.0625 0.725
vt 0.075 0.725
vt 0.075 0.525
vt 0.075 0.525
vt 0.075 0.725
vt 0.0875 0.525
vt 0.075 0.725
vt 0.0875 0.725
vt 0.0875 0.525
vt 0.0875 0.525
vt 0.0875 0.725
vt 0.1 0.525
vt 0.0875 0.725
vt 0.1 0.725
vt 0.1 0.525
vt 0.1 0.525
vt 0.1 0.725
vt 0.1125 0.525
vt 0.1 0.725
vt 0.1125 0.725
vt 0.1125 0.525
vt 0.0125 0.525
vt 0.0125 0.725
vt 0.025 0.525
vt 0.0125 0.725
vt 0.025 0.725
vt 0.025 0.525
vt 0.025 0.525
vt 0.025 0.725
vt 0.0375 0.525
vt 0.025 0.725
vt 0.0375 0.725
vt 0.0375 0.525
vt 0.0375 0.525
vt 0.0375 0.725
vt 0.05 0.525
vt 0.0375 0.725
vt 0.05 0.725
vt 0.05 0.525
vt 0.05 0.525
vt 0.05 0.725
vt 0.0625 0.525
vt 0.05 0.725
vt 0.0625 0.725
vt 0.0625 0.525
vt 0.0625 0.525
vt 0.0625 0.725
vt 0.075 0.525
vt 0.0625 0.725
vt 0.075 0.725
vt 0.075 0.525
vt 0.075 0.525
vt 0.075 0.725
vt 0.0875 0.525
vt 0.075 0.725
vt 0.0875 0.725
vt 0.0875 0.525
vt 0.0875 0.525
vt 0.0875 0.725
vt 0.1 0.525
vt 0.0875 0.725
vt 0.1 0.725
vt 0.1 0.525
vt 0.1 0.525
vt 0.1 0.725
vt 0.1125 0.525
vt 0.1 0.725
vt 0.1125 0.725
vt 0.1125 0.525
vt 0.0125 0.525
vt 0.0125 0.725
vt 0.025 0.525
vt 0.0125 0.725
vt 0.025 0.725
vt 0.025 0.525
vt 0.025 0.525
vt 0.025 0.725
vt 0.0375 0.525
vt 0.025 0.725
vt 0.0375 0.725
vt 0.0375 0.525
vt 0.0375 0.525
vt 0.0375 0.725
vt 0.05 0.525
vt 0.0375 0.725
vt 0.05 0.725
vt 0.05 0.525
vt 0.05 0.525
vt 0.05 0.725
vt 0.0625 0.525
vt 0.05 0.725
vt 0.0625 0.725
vt 0.0625 0.525
vt 0.0625 0.525
vt 0.0625 0.725
vt 0.075 0.525
vt 0.0625 0.725
vt 0.075 0.725
vt 0.075 0.525
vt 0.075 0.525
vt 0.075 0.725
vt 0.0875 0.525
vt 0.075 0.725
vt 0.0875 0.725
vt 0.0875 0.525
vt 0.0875 0.525
vt 0.0875 0.725
vt 0.1 0.525
vt 0.0875 0.725
vt 0.1 0.725
vt 0.1 0.525
vt 0.1 0.525
vt 0.1 0.725
vt 0.1125 0.525
vt 0.1 0.725
vt 0.1125 0.725
vt 0.1125 0.525
vt 0.0125 0.525
vt 0.0125 0.725
vt 0.025 0.725
vt 0.025 0.525
vt 0.0125 0.525
vt 0.025 0.725
vt 0.025 0.525
vt 0.025 0.725
vt 0.0375 0.725
vt 0.0375 0.525
vt 0.025 0.525
vt 0.0375 0.725
vt 0.0375 0.525
vt 0.0375 0.725
vt 0.05 0.725
vt 0.05 0.525
vt 0.0375 0.525
vt 0.05 0.725
vt 0.05 0.525
vt 0.05 0.725
vt 0.0625 0.725
vt 0.0625 0.525
vt 0.05 0.525
vt 0.0625 0.725
vt 0.0625 0.525
vt 0.0625 0.725
vt 0.075 0.725
vt 0.075 0.525
vt 0.0625 0.525
vt 0.075 0.725
vt 0.075 0.525
vt 0.075 0.725
vt 0.0875 0.725
vt 0.0875 0.525
vt 0.075 0.525
vt 0.0875 0.725
vt 0.0875 0.525
vt 0.0875 0.725
vt 0.1 0.725
vt 0.1 0.525
vt 0.0875 0.525
vt 0.1 0.725
vt 0.1 0.525
vt 0.1 0.725
vt 0.1125 0.725
vt 0.1125 0.525
vt 0.1 0.525
vt 0.1125 0.725
vt 0.0125 0.525
vt 0.0125 0.725
vt 0.025 0.725
vt 0.025 0.525
vt 0.0125 0.525
vt 0.025 0.725
vt 0.025 0.525
vt 0.025 0.725
vt 0.0375 0.725
vt 0.0375 0.525
vt 0.025 0.525
vt 0.0375 0.725
vt 0.0375 0.525
vt 0.0375 0.725
vt 0.05 0.725
vt 0.05 0.525
vt 0.0375 0.525
vt 0.05 0.725
vt 0.05 0.525
vt 0.05 0.725
vt 0.0625 0.725
vt 0.0625 0.525
vt 0.05 0.525
vt 0.0625 0.725
vt 0.0625 0.525
vt 0.0625 0.725
vt 0.075 0.725
vt 0.075 0.525
vt 0.0625 0.525
vt 0.075 0.725
vt 0.075 0.525
vt 0.075 0.725
vt 0.0875 0.725
vt 0.0875 0.525
vt 0.075 0.525
vt 0.0875 0.725
vt 0.0875 0.525
vt 0.0875 0.725
vt 0.1 0.725
vt 0.1 0.525
vt 0.0875 0.525
vt 0.1 0.725
vt 0.1 0.525
vt 0.1 0.725
vt 0.1125 0.725
vt 0.1125 0.525
vt 0.1 0.525
vt 0.1125 0.725
vt 0.0125 0.525
vt 0.0125 0.725
vt 0.025 0.725
vt 0.025 0.525
vt 0.0125 0.525
vt 0.025 0.725
vt 0.025 0.525
vt 0.025 0.725
vt 0.0375 0.725
vt 0.0375 0.525
vt 0.025 0.525
vt 0.0375 0.725
vt 0.0375 0.525
vt 0.0375 0.725
vt 0.05 0.725
vt 0.05 0.525
vt 0.0375 0.525
vt 0.05 0.725
vt 0.05 0.525
vt 0.05 0.725
vt 0.0625 0.725
vt 0.0625 0.525
vt 0.05 0.525
vt 0.0625 0.725
vt 0.0625 0.525
vt 0.0625 0.725
vt 0.075 0.725
vt 0.075 0.525
vt 0.0625 0.525
vt 0.075 0.725
vt 0.075 0.525
vt 0.075 0.725
vt 0.0875 0.725
vt 0.0875 0.525
vt 0.075 0.525
vt 0.0875 0.725
vt 0.0875 0.525
vt 0.0875 0.725
vt 0.1 0.725
vt 0.1 0.525
vt 0.0875 0.525
vt 0.1 0.725
vt 0.1 0.525
vt 0.1 0.725
vt 0.1125 0.725
vt 0.1125 0.525
vt 0.1 0.525
vt 0.1125 0.725
vt 0.0125 0.525
vt 0.0125 0.725
vt 0.025 0.725
vt 0.025 0.525
vt 0.0125 0.525
vt 0.025 0.725
vt 0.025 0.525
vt 0.025 0.725
vt 0.0375 0.725
vt 0.0375 0.525
vt 0.025 0.525
vt 0.0375 0.725
vt 0.0375 0.525
vt 0.0375 0.725
vt 0.05 0.725
vt 0.05 0.525
vt 0.0375 0.525
vt 0.05 0.725
vt 0.05 0.525
vt 0.05 0.725
vt 0.0625 0.725
vt 0.0625 0.525
vt 0.05 0.525
vt 0.0625 0.725
vt 0.0625 0.525
vt 0.0625 0.725
vt 0.075 0.725
vt 0.075 0.525
vt 0.0625 0.525
vt 0.075 0.725
vt 0.075 0.525
vt 0.075 0.725
vt 0.0875 0.725
vt 0.0875 0.525
vt 0.075 0.525
vt 0.0875 0.725
vt 0.0875 0.525
vt 0.0875 0.725
vt 0.1 0.725
vt 0.1 0.525
vt 0.0875 0.525
vt 0.1 0.725
vt 0.1 0.525
vt 0.1 0.725
vt 0.1125 0.725
vt 0.1125 0.525
vt 0.1 0.525
vt 0.1125 0.725
vt 0.0125 0.525
vt 0.0125 0.725
vt 0.025 0.525
vt 0.0125 0.725
vt 0.025 0.725
vt 0.025 0.525
vt 0.025 0.525
vt 0.025 0.725
vt 0.0375 0.525
vt 0.025 0.725
vt 0.0375 0.725
vt 0.0375 0.525
vt 0.0375 0.525
vt 0.0375 0.725
vt 0.05 0.525
vt 0.0375 0.725
vt 0.05 0.725
vt 0.05 0.525
vt 0.05 0.525
vt 0.05 0.725
vt 0.0625 0.525
vt 0.05 0.725
vt 0.0625 0.725
vt 0.0625 0.525
vt 0.0625 0.525
vt 0.0625 0.725
vt 0.075 0.525
vt 0.0625 0.725
vt 0.075 0.725
vt 0.075 0.525
vt 0.075 0.525
vt 0.075 0.725
vt 0.0875 0.525
vt 0.075 0.725
vt 0.0875 0.725
vt 0.0875 0.525
vt 0.0875 0.525
vt 0.0875 0.725
vt 0.1 0.525
vt 0.0875 0.725
vt 0.1 0.725
vt 0.1 0.525
vt 0.1 0.525
vt 0.1 0.725
vt 0.1125 0.525
vt 0.1 0.725
vt 0.1125 0.725
vt 0.1125 0.525
vt 0.0125 0.525
vt 0.0125 0.725
vt 0.025 0.525
vt 0.0125 0.725
vt 0.025 0.725
vt 0.025 0.525
vt 0.025 0.525
vt 0.025 0.725
vt 0.0375 0.525
vt 0.025 0.725
vt 0.0375 0.725
vt 0.0375 0.525
vt 0.0375 0.525
vt 0.0375 0.725
vt 0.05 0.525
vt 0.0375 0.725
vt 0.05 0.725
vt 0.05 0.525
vt 0.05 0.525
vt 0.05 0.725
vt 0.0625 0.525
vt 0.05 0.725
vt 0.0625 0.725
vt 0.0625 0.525
vt 0.0625 0.525
vt 0.0625 0.725
vt 0.075 0.525
vt 0.0625 0.725
vt 0.075 0.725
vt 0.075 0.525
vt 0.075 0.525
vt 0.075 0.725
vt 0.0875 0.525
vt 0.075 0.725
vt 0.0875 0.725
vt 0.0875 0.525
vt 0.0875 0.525
vt 0.0875 0.725
vt 0.1 0.525
vt 0.0875 0.725
vt 0.1 0.725
vt 0.1 0.525
vt 0.1 0.525
vt 0.1 0.725
vt 0.1125 0.525
vt 0.1 0.725
vt 0.1125 0.725
vt 0.1125 0.525
vt 0.0125 0.525
vt 0.0125 0.725
vt 0.025 0.525
vt 0.0125 0.725
vt 0.025 0.725
vt 0.025 0.525
vt 0.025 0.525
vt 0.025 0.725
vt 0.0375 0.525
vt 0.025 0.725
vt 0.0375 0.725
vt 0.0375 0.525
vt 0.0375 0.525
vt 0.0375 0.725
vt 0.05 0.525
vt 0.0375 0.725
vt 0.05 0.725
vt 0.05 0.525
vt 0.05 0.525
vt 0.05 0.725
vt 0.0625 0.525
vt 0.05 0.725
vt 0.0625 0.725
vt 0.0625 0.525
vt 0.0625 0.525
vt 0.0625 0.725
vt 0.075 0.525
vt 0.0625 0.725
vt 0.075 0.725
vt 0.075 0.525
vt 0.075 0.525
vt 0.075 0.725
vt 0.0875 0.525
vt 0.075 0.725
vt 0.0875 0.725
vt 0.0875 0.525
vt 0.0875 0.525
vt 0.0875 0.725
vt 0.1 0.525
vt 0.0875 0.725
vt 0.1 0.725
vt 0.1 0.525
vt 0.1 0.525
vt 0.1 0.725
vt 0.1125 0.525
vt 0.1 0.725
vt 0.1125 0.725
vt 0.1125 0.525
vt 0.0125 0.525
vt 0.0125 0.725
vt 0.025 0.525
vt 0.0125 0.725
vt 0.025 0.725
vt 0.025 0.525
vt 0.025 0.525
vt 0.025 0.725
vt 0.0375 0.525
vt 0.025 0.725
vt 0.0375 0.725
vt 0.0375 0.525
vt 0.0375 0.525
vt 0.0375 0.725
vt 0.05 0.525
vt 0.0375 0.725
vt 0.05 0.725
vt 0.05 0.525
vt 0.05 0.525
vt 0.05 0.725
vt 0.0625 0.525
vt 0.05 0.725
vt 0.0625 0.725
vt 0.0625 0.525
vt 0.0625 0.525
vt 0.0625 0.725
vt 0.075 0.525
vt 0.0625 0.725
vt 0.075 0.725
vt 0.075 0.525
vt 0.075 0.525
vt 0.075 0.725
vt 0.0875 0.525
vt 0.075 0.725
vt 0.0875 0.725
vt 0.0875 0.525
vt 0.0875 0.525
vt 0.0875 0.725
vt 0.1 0.525
vt 0.0875 0.725
vt 0.1 0.725
vt 0.1 0.525
vt 0.1 0.525
vt 0.1 0.725
vt 0.1125 0.525
vt 0.1 0.725
vt 0.1125 0.725
vt 0.1125 0.525
vt 0.0125 0.525
vt 0.0125 0.725
vt 0.025 0.725
vt 0.025 0.525
vt 0.0125 0.525
vt 0.025 0.725
vt 0.025 0.525
vt 0.025 0.725
vt 0.0375 0.725
vt 0.0375 0.525
vt 0.025 0.525
vt 0.0375 0.725
vt 0.0375 0.525
vt 0.0375 0.725
vt 0.05 0.725
vt 0.05 0.525
vt 0.0375 0.525
vt 0.05 0.725
vt 0.05 0.525
vt 0.05 0.725
vt 0.0625 0.725
vt 0.0625 0.525
vt 0.05 0.525
vt 0.0625 0.725
vt 0.0625 0.525
vt 0.0625 0.725
vt 0.075 0.725
vt 0.075 0.525
vt 0.0625 0.525
vt 0.075 0.725
vt 0.075 0.525
vt 0.075 0.725
vt 0.0875 0.725
vt 0.0875 0.525
vt 0.075 0.525
vt 0.0875 0.725
vt 0.0875 0.525
vt 0.0875 0.725
vt 0.1 0.725
vt 0.1 0.525
vt 0.0875 0.525
vt 0.1 0.725
vt 0.1 0.525
vt 0.1 0.725
vt 0.1125 0.725
vt 0.1125 0.525
vt 0.1 0.525
vt 0.1125 0.725
vt 0.0125 0.525
vt 0.0125 0.725
vt 0.025 0.725
vt 0.025 0.525
vt 0.0125 0.525
vt 0.025 0.725
vt 0.025 0.525
vt 0.025 0.725
vt 0.0375 0.725
vt 0.0375 0.525
vt 0.025 0.525
vt 0.0375 0.725
vt 0.0375 0.525
vt 0.0375 0.725
vt 0.05 0.725
vt 0.05 0.525
vt 0.0375 0.525
vt 0.05 0.725
vt 0.05 0.525
vt 0.05 0.725
vt 0.0625 0.725
vt 0.0625 0.525
vt 0.05 0.525
vt 0.0625 0.725
vt 0.0625 0.525
vt 0.0625 0.725
vt 0.075 0.725
vt 0.075 0.525
vt 0.0625 0.525
vt 0.075 0.725
vt 0.075 0.525
vt 0.075 0.725
vt 0.0875 0.725
vt 0.0875 0.525
vt 0.075 0.525
vt 0.0875 0.725
vt 0.0875 0.525
vt 0.0875 0.725
vt 0.1 0.725
vt 0.1 0.525
vt 0.0875 0.525
vt 0.1 0.725
vt 0.1 0.525
vt 0.1 0.725
vt 0.1125 0.725
vt 0.1125 0.525
vt 0.1 0.525
vt 0.1125 0.725
vt 0.0125 0.525
vt 0.0125 0.725
vt 0.025 0.725
vt 0.025 0.525
vt 0.0125 0.525
vt 0.025 0.725
vt 0.025 0.525
vt 0.025 0.725
vt 0.0375 0.725
vt 0.0375 0.525
vt 0.025 0.525
vt 0.0375 0.725
vt 0.0375 0.525
vt 0.0375 0.725
vt 0.05 0.725
vt 0.05 0.525
vt 0.0375 0.525
vt 0.05 0.725
vt 0.05 0.525
vt 0.05 0.725
vt 0.0625 0.725
vt 0.0625 0.525
vt 0.05 0.525
vt 0.0625 0.725
vt 0.0625 0.525
vt 0.0625 0.725
vt 0.075 0.725
vt 0.075 0.525
vt 0.0625 0.525
vt 0.075 0.725
vt 0.075 0.525
vt 0.075 0.725
vt 0.0875 0.725
vt 0.0875 0.525
vt 0.075 0.525
vt 0.0875 0.725
vt 0.0875 0.525
vt 0.0875 0.725
vt 0.1 0.725
vt 0.1 0.525
vt 0.0875 0.525
vt 0.1 0.725
vt 0.1 0.525
vt 0.1 0.725
vt 0.1125 0.725
vt 0.1125 0.525
vt 0.1 0.525
vt 0.1125 0.725
vt 0.0125 0.525
vt 0.0125 0.725
vt 0.025 0.725
vt 0.025 0.525
vt 0.0125 0.525
vt 0.025 0.725
vt 0.025 0.525
vt 0.025 0.725
vt 0.0375 0.725
vt 0.0375 0.525
vt 0.025 0.525
vt 0.0375 0.725
vt 0.0375 0.525
vt 0.0375 0.725
vt 0.05 0.725
vt 0.05 0.525
vt 0.0375 0.525
vt 0.05 0.725
vt 0.05 0.525
vt 0.05 0.725
vt 0.0625 0.725
vt 0.0625 0.525
vt 0.05 0.525
vt 0.0625 0.725
vt 0.0625 0.525
vt 0.0625 0.725
vt 0.075 0.725
vt 0.075 0.525
vt 0.0625 0.525
vt 0.075 0.725
vt 0.075 0.525
vt 0.075 0.725
vt 0.0875 0.725
vt 0.0875 0.525
vt 0.075 0.525
vt 0.0875 0.725
vt 0.0875 0.525
vt 0.0875 0.725
vt 0.1 0.725
vt 0.1 0.525
vt 0.0875 0.525
vt 0.1 0.725
vt 0.1 0.525
vt 0.1 0.725
vt 0.1125 0.725
vt 0.1125 0.525
vt 0.1 0.525
vt 0.1125 0.725
vt 0.0125 0.525
vt 0.0125 0.725
vt 0.025 0.525
vt 0.0125 0.725
vt 0.025 0.725
vt 0.025 0.525
vt 0.025 0.525
vt 0.025 0.725
vt 0.0375 0.525
vt 0.025 0.725
vt 0.0375 0.725
vt 0.0375 0.525
vt 0.0375 0.525
vt 0.0375 0.725
vt 0.05 0.525
vt 0.0375 0.725
vt 0.05 0.725
vt 0.05 0.525
vt 0.05 0.525
vt 0.05 0.725
vt 0.0625 0.525
vt 0.05 0.725
vt 0.0625 0.725
vt 0.0625 0.525
vt 0.0625 0.525
vt 0.0625 0.725
vt 0.075 0.525
vt 0.0625 0.725
vt 0.075 0.725
vt 0.075 0.525
vt 0.075 0.525
vt 0.075 0.725
vt 0.0875 0.525
vt 0.075 0.725
vt 0.0875 0.725
vt 0.0875 0.525
vt 0.0875 0.525
vt 0.0875 0.725
vt 0.1 0.525
vt 0.0875 0.725
vt 0.1 0.725
vt 0.1 0.525
vt 0.1 0.525
vt 0.1 0.725
vt 0.1125 0.525
vt 0.1 0.725
vt 0.1125 0.725
vt 0.1125 0.525
vt 0.0125 0.525
vt 0.0125 0.725
vt 0.025 0.525
vt 0.0125 0.725
vt 0.025 0.725
vt 0.025 0.525
vt 0.025 0.525
vt 0.025 0.725
vt 0.0375 0.525
vt 0.025 0.725
vt 0.0375 0.725
vt 0.0375 0.525
vt 0.0375 0.525
vt 0.0375 0.725
vt 0.05 0.525
vt 0.0375 0.725
vt 0.05 0.725
vt 0.05 0.525
vt 0.05 0.525
vt 0.05 0.725
vt 0.0625 0.525
vt 0.05 0.725
vt 0.0625 0.725
vt 0.0625 0.525
vt 0.0625 0.525
vt 0.0625 0.725
vt 0.075 0.525
vt 0.0625 0.725
vt 0.075 0.725
vt 0.075 0.525
vt 0.075 0.525
vt 0.075 0.725
vt 0.0875 0.525
vt 0.075 0.725
vt 0.0875 0.725
vt 0.0875 0.525
vt 0.0875 0.525
vt 0.0875 0.725
vt 0.1 0.525
vt 0.0875 0.725
vt 0.1 0.725
vt 0.1 0.525
vt 0.1 0.525
vt 0.1 0.725
vt 0.1125 0.525
vt 0.1 0.725
vt 0.1125 0.725
vt 0.1125 0.525
vt 0.0125 0.525
vt 0.0125 0.725
vt 0.025 0.525
vt 0.0125 0.725
vt 0.025 0.725
vt 0.025 0.525
vt 0.025 0.525
vt 0.025 0.725
vt 0.0375 0.525
vt 0.025 0.725
vt 0.0375 0.725
vt 0.0375 0.525
vt 0.0375 0.525
vt 0.0375 0.725
vt 0.05 0.525
vt 0.0375 0.725
vt 0.05 0.725
vt 0.05 0.525
vt 0.05 0.525
vt 0.05 0.725
vt 0.0625 0.525
vt 0.05 0.725
vt 0.0625 0.725
vt 0.0625 0.525
vt 0.0625 0.525
vt 0.0625 0.725
vt 0.075 0.525
vt 0.0625 0.725
vt 0.075 0.725
vt 0.075 0.525
vt 0.075 0.525
vt 0.075 0.725
vt 0.0875 0.525
vt 0.075 0.725
vt 0.0875 0.725
vt 0.0875 0.525
vt 0.0875 0.525
vt 0.0875 0.725
vt 0.1 0.525
vt 0.0875 0.725
vt 0.1 0.725
vt 0.1 0.525
vt 0.1 0.525
vt 0.1 0.725
vt 0.1125 0.525
vt 0.1 0.725
vt 0.1125 0.725
vt 0.1125 0.525
vt 0.0125 0.525
vt 0.0125 0.725
vt 0.025 0.525
vt 0.0125 0.725
vt 0.025 0.725
vt 0.025 0.525
vt 0.025 0.525
vt 0.025 0.725
vt 0.0375 0.525
vt 0.025 0.725
vt 0.0375 0.725
vt 0.0375 0.525
vt 0.0375 0.525
vt 0.0375 0.725
vt 0.05 0.525
vt 0.0375 0.725
vt 0.05 0.725
vt 0.05 0.525
vt 0.05 0.525
vt 0.05 0.725
vt 0.0625 0.525
vt 0.05 0.725
vt 0.0625 0.725
vt 0.0625 0.525
vt 0.0625 0.525
vt 0.0625 0.725
vt 0.075 0.525
vt 0.0625 0.725
vt 0.075 0.725
vt 0.075 0.525
vt 0.075 0.525
vt 0.075 0.725
vt 0.0875 0.525
vt 0.075 0.725
vt 0.0875 0.725
vt 0.0875 0.525
vt 0.0875 0.525
vt 0.0875 0.725
vt 0.1 0.525
vt 0.0875 0.725
vt 0.1 0.725
vt 0.1 0.525
vt 0.1 0.525
vt 0.1 0.725
vt 0.1125 0.525
vt 0.1 0.725
vt 0.1125 0.725
vt 0.1125 0.525
vt 0.0125 0.525
vt 0.0125 0.725
vt 0.025 0.725
vt 0.025 0.525
vt 0.0125 0.525
vt 0.025 0.725
vt 0.025 0.525
vt 0.025 0.725
vt 0.0375 0.725
vt 0.0375 0.525
vt 0.025 0.525
vt 0.0375 0.725
vt 0.0375 0.525
vt 0.0375 0.725
vt 0.05 0.725
vt 0.05 0.525
vt 0.0375 0.525
vt 0.05 0.725
vt 0.05 0.525
vt 0.05 0.725
vt 0.0625 0.725
vt 0.0625 0.525
vt 0.05 0.525
vt 0.0625 0.725
vt 0.0625 0.525
vt 0.0625 0.725
vt 0.075 0.725
vt 0.075 0.525
vt 0.0625 0.525
vt 0.075 0.725
vt 0.075 0.525
vt 0.075 0.725
vt 0.0875 0.725
vt 0.0875 0.525
vt 0.075 0.525
vt 0.0875 0.725
vt 0.0875 0.525
vt 0.0875 0.725
vt 0.1 0.725
vt 0.1 0.525
vt 0.0875 0.525
vt 0.1 0.725
vt 0.1 0.525
vt 0.1 0.725
vt 0.1125 0.725
vt 0.1125 0.525
vt 0.1 0.525
vt 0.1125 0.725
vt 0.0125 0.525
vt 0.0125 0.725
vt 0.025 0.725
vt 0.025 0.525
vt 0.0125 0.525
vt 0.025 0.725
vt 0.025 0.525
vt 0.025 0.725
vt 0.0375 0.725
vt 0.0375 0.525
vt 0.025 0.525
vt 0.0375 0.725
vt 0.0375 0.525
vt 0.0375 0.725
vt 0.05 0.725
vt 0.05 0.525
vt 0.0375 0.525
vt 0.05 0.725
vt 0.05 0.525
vt 0.05 0.725
vt 0.0625 0.725
vt 0.0625 0.525
vt 0.05 0.525
vt 0.0625 0.725
vt 0.0625 0.525
vt 0.0625 0.725
vt 0.075 0.725
vt 0.075 0.525
vt 0.0625 0.525
vt 0.075 0.725
vt 0.075 0.525
vt 0.075 0.725
vt 0.0875 0.725
vt 0.0875 0.525
vt 0.075 0.525
vt 0.0875 0.725
vt 0.0875 0.525
vt 0.0875 0.725
vt 0.1 0.725
vt 0.1 0.525
vt 0.0875 0.525
vt 0.1 0.725
vt 0.1 0.525
vt 0.1 0.725
vt 0.1125 0.725
vt 0.1125 0.525
vt 0.1 0.525
vt 0.1125 0.725
vt 0.0125 0.525
vt 0.0125 0.725
vt 0.025 0.725
vt 0.025 0.525
vt 0.0125 0.525
vt 0.025 0.725
vt 0.025 0.525
vt 0.025 0.725
vt 0.0375 0.725
vt 0.0375 0.525
vt 0.025 0.525
vt 0.0375 0.725
vt 0.0375 0.525
vt 0.0375 0.725
vt 0.05 0.725
vt 0.05 0.525
vt 0.0375 0.525
vt 0.05 0.725
vt 0.05 0.525
vt 0.05 0.725
vt 0.0625 0.725
vt 0.0625 0.525
vt 0.05 0.525
vt 0.0625 0.725
vt 0.0625 0.525
vt 0.0625 0.725
vt 0.075 0.725
vt 0.075 0.525
vt 0.0625 0.525
vt 0.075 0.725
vt 0.075 0.525
vt 0.075 0.725
vt 0.0875 0.725
vt 0.0875 0.525
vt 0.075 0.525
vt 0.0875 0.725
vt 0.0875 0.525
vt 0.0875 0.725
vt 0.1 0.725
vt 0.1 0.525
vt 0.0875 0.525
vt 0.1 0.725
vt 0.1 0.525
vt 0.1 0.725
vt 0.1125 0.725
vt 0.1125 0.525
vt 0.1 0.525
vt 0.1125 0.725
vt 0.0125 0.525
vt 0.0125 0.725
vt 0.025 0.725
vt 0.025 0.525
vt 0.0125 0.525
vt 0.025 0.725
vt 0.025 0.525
vt 0.025 0.725
vt 0.0375 0.725
vt 0.0375 0.525
vt 0.025 0.525
vt 0.0375 0.725
vt 0.0375 0.525
vt 0.0375 0.725
vt 0.05 0.725
vt 0.05 0.525
vt 0.0375 0.525
vt 0.05 0.725
vt 0.05 0.525
vt 0.05 0.725
vt 0.0625 0.725
vt 0.0625 0.525
vt 0.05 0.525
vt 0.0625 0.725
vt 0.0625 0.525
vt 0.0625 0.725
vt 0.075 0.725
vt 0.075 0.525
vt 0.0625 0.525
vt 0.075 0.725
vt 0.075 0.525
vt 0.075 0.725
vt 0.0875 0.725
vt 0.0875 0.525
vt 0.075 0.525
vt 0.0875 0.725
vt 0.0875 0.525
vt 0.0875 0.725
vt 0.1 0.725
vt 0.1 0.525
vt 0.0875 0.525
vt 0.1 0.725
vt 0.1 0.525
vt 0.1 0.725
vt 0.1125 0.725
vt 0.1125 0.525
vt 0.1 0.525
vt 0.1125 0.725
vt 0.0125 0.525
vt 0.0125 0.725
vt 0.025 0.525
vt 0.0125 0.725
vt 0.025 0.725
vt 0.025 0.525
vt 0.025 0.525
vt 0.025 0.725
vt 0.0375 0.525
vt 0.025 0.725
vt 0.0375 0.725
vt 0.0375 0.525
vt 0.0375 0.525
vt 0.0375 0.725
vt 0.05 0.525
vt 0.0375 0.725
vt 0.05 0.725
vt 0.05 0.525
vt 0.05 0.525
vt 0.05 0.725
vt 0.0625 0.525
vt 0.05 0.725
vt 0.0625 0.725
vt 0.0625 0.525
vt 0.0625 0.525
vt 0.0625 0.725
vt 0.075 0.525
vt 0.0625 0.725
vt 0.075 0.725
vt 0.075 0.525
vt 0.075 0.525
vt 0.075 0.725
vt 0.0875 0.525
vt 0.075 0.725
vt 0.0875 0.725
vt 0.0875 0.525
vt 0.0875 0.525
vt 0.0875 0.725
vt 0.1 0.525
vt 0.0875 0.725
vt 0.1 0.725
vt 0.1 0.525
vt 0.1 0.525
vt 0.1 0.725
vt 0.1125 0.525
vt 0.1 0.725
vt 0.1125 0.725
vt 0.1125 0.525
vt 0.0125 0.525
vt 0.0125 0.725
vt 0.025 0.525
vt 0.0125 0.725
vt 0.025 0.725
vt 0.025 0.525
vt 0.025 0.525
vt 0.025 0.725
vt 0.0375 0.525
vt 0.025 0.725
vt 0.0375 0.725
vt 0.0375 0.525
vt 0.0375 0.525
vt 0.0375 0.725
vt 0.05 0.525
vt 0.0375 0.725
vt 0.05 0.725
vt 0.05 0.525
vt 0.05 0.525
vt 0.05 0.725
vt 0.0625 0.525
vt 0.05 0.725
vt 0.0625 0.725
vt 0.0625 0.525
vt 0.0625 0.525
vt 0.0625 0.725
vt 0.075 0.525
vt 0.0625 0.725
vt 0.075 0.725
vt 0.075 0.525
vt 0.075 0.525
vt 0.075 0.725
vt 0.0875 0.525
vt 0.075 0.725
vt 0.0875 0.725
vt 0.0875 0.525
vt 0.0875 0.525
vt 0.0875 0.725
vt 0.1 0.525
vt 0.0875 0.725
vt 0.1 0.725
vt 0.1 0.525
vt 0.1 0.525
vt 0.1 0.725
vt 0.1125 0.525
vt 0.1 0.725
vt 0.1125 0.725
vt 0.1125 0.525
vt 0.0125 0.525
vt 0.0125 0.725
vt 0.025 0.525
vt 0.0125 0.725
vt 0.025 0.725
vt 0.025 0.525
vt 0.025 0.525
vt 0.025 0.725
vt 0.0375 0.525
vt 0.025 0.725
vt 0.0375 0.725
vt 0.0375 0.525
vt 0.0375 0.525
vt 0.0375 0.725
vt 0.05 0.525
vt 0.0375 0.725
vt 0.05 0.725
vt 0.05 0.525
vt 0.05 0.525
vt 0.05 0.725
vt 0.0625 0.525
vt 0.05 0.725
vt 0.0625 0.725
vt 0.0625 0.525
vt 0.0625 0.525
vt 0.0625 0.725
vt 0.075 0.525
vt 0.0625 0.725
vt 0.075 0.725
vt 0.075 0.525
vt 0.075 0.525
vt 0.075 0.725
vt 0.0875 0.525
vt 0.075 0.725
vt 0.0875 0.725
vt 0.0875 0.525
vt 0.0875 0.525
vt 0.0875 0.725
vt 0.1 0.525
vt 0.0875 0.725
vt 0.1 0.725
vt 0.1 0.525
vt 0.1 0.525
vt 0.1 0.725
vt 0.1125 0.525
vt 0.1 0.725
vt 0.1125 0.725
vt 0.1125 0.525
vt 0.0125 0.525
vt 0.0125 0.725
vt 0.025 0.525
vt 0.0125 0.725
vt 0.025 0.725
vt 0.025 0.525
vt 0.025 0.525
vt 0.025 0.725
vt 0.0375 0.525
vt 0.025 0.725
vt 0.0375 0.725
vt 0.0375 0.525
vt 0.0375 0.525
vt 0.0375 0.725
vt 0.05 0.525
vt 0.0375 0.725
vt 0.05 0.725
vt 0.05 0.525
vt 0.05 0.525
vt 0.05 0.725
vt 0.0625 0.525
vt 0.05 0.725
vt 0.0625 0.725
vt 0.0625 0.525
vt 0.0625 0.525
vt 0.0625 0.725
vt 0.075 0.525
vt 0.0625 0.725
vt 0.075 0.725
vt 0.075 0.525
vt 0.075 0.525
vt 0.075 0.725
vt 0.0875 0.525
vt 0.075 0.725
vt 0.0875 0.725
vt 0.0875 0.525
vt 0.0875 0.525
vt 0.0875 0.725
vt 0.1 0.525
vt 0.0875 0.725
vt 0.1 0.725
vt 0.1 0.525
vt 0.1 0.525
vt 0.1 0.725
vt 0.1125 0.525
vt 0.1 0.725
vt 0.1125 0.725
vt 0.1125 0.525
vt 0.0125 0.525
vt 0.0125 0.725
vt 0.025 0.725
vt 0.025 0.525
vt 0.0125 0.525
vt 0.025 0.725
vt 0.025 0.525
vt 0.025 0.725
vt 0.0375 0.725
vt 0.0375 0.525
vt 0.025 0.525
vt 0.0375 0.725
vt 0.0375 0.525
vt 0.0375 0.725
vt 0.05 0.725
vt 0.05 0.525
vt 0.0375 0.525
vt 0.05 0.725
vt 0.05 0.525
vt 0.05 0.725
vt 0.0625 0.725
vt 0.0625 0.525
vt 0.05 0.525
vt 0.0625 0.725
vt 0.0625 0.525
vt 0.0625 0.725
vt 0.075 0.725
vt 0.075 0.525
vt 0.0625 0.525
vt 0.075 0.725
vt 0.075 0.525
vt 0.075 0.725
vt 0.0875 0.725
vt 0.0875 0.525
vt 0.075 0.525
vt 0.0875 0.725
vt 0.0875 0.525
vt 0.0875 0.725
vt 0.1 0.725
vt 0.1 0.525
vt 0.0875 0.525
vt 0.1 0.725
vt 0.1 0.525
vt 0.1 0.725
vt 0.1125 0.725
vt 0.1125 0.525
vt 0.1 0.525
vt 0.1125 0.725
vt 0.0125 0.525
vt 0.0125 0.725
vt 0.025 0.725
vt 0.025 0.525
vt 0.0125 0.525
vt 0.025 0.725
vt 0.025 0.525
vt 0.025 0.725
vt 0.0375 0.725
vt 0.0375 0.525
vt 0.025 0.525
vt 0.0375 0.725
vt 0.0375 0.525
vt 0.0375 0.725
vt 0.05 0.725
vt 0.05 0.525
vt 0.0375 0.525
vt 0.05 0.725
vt 0.05 0.525
vt 0.05 0.725
vt 0.0625 0.725
vt 0.0625 0.525
vt 0.05 0.525
vt 0.0625 0.725
vt 0.0625 0.525
vt 0.0625 0.725
vt 0.075 0.725
vt 0.075 0.525
vt 0.0625 0.525
vt 0.075 0.725
vt 0.075 0.525
vt 0.075 0.725
vt 0.0875 0.725
vt 0.0875 0.525
vt 0.075 0.525
vt 0.0875 0.725
vt 0.0875 0.525
vt 0.0875 0.725
vt 0.1 0.725
vt 0.1 0.525
vt 0.0875 0.525
vt 0.1 0.725
vt 0.1 0.525
vt 0.1 0.725
vt 0.1125 0.725
vt 0.1125 0.525
vt 0.1 0.525
vt 0.1125 0.725
vt 0.0125 0.525
vt 0.0125 0.725
vt 0.025 0.725
vt 0.025 0.525
vt 0.0125 0.525
vt 0.025 0.725
vt 0.025 0.525
vt 0.025 0.725
vt 0.0375 0.725
vt 0.0375 0.525
vt 0.025 0.525
vt 0.0375 0.725
vt 0.0375 0.525
vt 0.0375 0.725
vt 0.05 0.725
vt 0.05 0.525
vt 0.0375 0.525
vt 0.05 0.725
vt 0.05 0.525
vt 0.05 0.725
vt 0.0625 0.725
vt 0.0625 0.525
vt 0.05 0.525
vt 0.0625 0.725
vt 0.0625 0.525
vt 0.0625 0.725
vt 0.075 0.725
vt 0.075 0.525
vt 0.0625 0.525
vt 0.075 0.725
vt 0.075 0.525
vt 0.075 0.725
vt 0.0875 0.725
vt 0.0875 0.525
vt 0.075 0.525
vt 0.0875 0.725
vt 0.0875 0.525
vt 0.0875 0.725
vt 0.1 0.725
vt 0.1 0.525
vt 0.0875 0.525
vt 0.1 0.725
vt 0.1 0.525
vt 0.1 0.725
vt 0.1125 0.725
vt 0.1125 0.525
vt 0.1 0.525
vt 0.1125 0.725
vt 0.0125 0.525
vt 0.0125 0.725
vt 0.025 0.725
vt 0.025 0.525
vt 0.0125 0.525
vt 0.025 0.725
vt 0.025 0.525
vt 0.025 0.725
vt 0.0375 0.725
vt 0.0375 0.525
vt 0.025 0.525
vt 0.0375 0.725
vt 0.0375 0.525
vt 0.0375 0.725
vt 0.05 0.725
vt 0.05 0.525
vt 0.0375 0.525
vt 0.05 0.725
vt 0.05 0.525
vt 0.05 0.725
vt 0.0625 0.725
vt 0.0625 0.525
vt 0.05 0.525
vt 0.0625 0.725
vt 0.0625 0.525
vt 0.0625 0.725
vt 0.075 0.725
vt 0.075 0.525
vt 0.0625 0.525
vt 0.075 0.725
vt 0.075 0.525
vt 0.075 0.725
vt 0.0875 0.725
vt 0.0875 0.525
vt 0.075 0.525
vt 0.0875 0.725
vt 0.0875 0.525
vt 0.0875 0.725
vt 0.1 0.725
vt 0.1 0.525
vt 0.0875 0.525
vt 0.1 0.725
vt 0.1 0.525
vt 0.1 0.725
vt 0.1125 0.725
vt 0.1125 0.525
vt 0.1 0.525
vt 0.1125 0.725
vt 0.0125 0.525
vt 0.0125 0.725
vt 0.025 0.525
vt 0.0125 0.725
vt 0.025 0.725
vt 0.025 0.525
vt 0.025 0.525
vt 0.025 0.725
vt 0.0375 0.525
vt 0.025 0.725
vt 0.0375 0.725
vt 0.0375 0.525
vt 0.0375 0.525
vt 0.0375 0.725
vt 0.05 0.525
vt 0.0375 0.725
vt 0.05 0.725
vt 0.05 0.525
vt 0.05 0.525
vt 0.05 0.725
vt 0.0625 0.525
vt 0.05 0.725
vt 0.0625 0.725
vt 0.0625 0.525
vt 0.0625 0.525
vt 0.0625 0.725
vt 0.075 0.525
vt 0.0625 0.725
vt 0.075 0.725
vt 0.075 0.525
vt 0.075 0.525
vt 0.075 0.725
vt 0.0875 0.525
vt 0.075 0.725
vt 0.0875 0.725
vt 0.0875 0.525
vt 0.0875 0.525
vt 0.0875 0.725
vt 0.1 0.525
vt 0.0875 0.725
vt 0.1 0.725
vt 0.1 0.525
vt 0.1 0.525
vt 0.1 0.725
vt 0.1125 0.525
vt 0.1 0.725
vt 0.1125 0.725
vt 0.1125 0.525
vt 0.0125 0.525
vt 0.0125 0.725
vt 0.025 0.525
vt 0.0125 0.725
vt 0.025 0.725
vt 0.025 0.525
vt 0.025 0.525
vt 0.025 0.725
vt 0.0375 0.525
vt 0.025 0.725
vt 0.0375 0.725
vt 0.0375 0.525
vt 0.0375 0.525
vt 0.0375 0.725
vt 0.05 0.525
vt 0.0375 0.725
vt 0.05 0.725
vt 0.05 0.525
vt 0.05 0.525
vt 0.05 0.725
vt 0.0625 0.525
vt 0.05 0.725
vt 0.0625 0.725
vt 0.0625 0.525
vt 0.0625 0.525
vt 0.0625 0.725
vt 0.075 0.525
vt 0.0625 0.725
vt 0.075 0.725
vt 0.075 0.525
vt 0.075 0.525
vt 0.075 0.725
vt 0.0875 0.525
vt 0.075 0.725
vt 0.0875 0.725
vt 0.0875 0.525
vt 0.0875 0.525
vt 0.0875 0.725
vt 0.1 0.525
vt 0.0875 0.725
vt 0.1 0.725
vt 0.1 0.525
vt 0.1 0.525
vt 0.1 0.725
vt 0.1125 0.525
vt 0.1 0.725
vt 0.1125 0.725
vt 0.1125 0.525
vt 0.0125 0.525
vt 0.0125 0.725
vt 0.025 0.525
vt 0.0125 0.725
vt 0.025 0.725
vt 0.025 0.525
vt 0.025 0.525
vt 0.025 0.725
vt 0.0375 0.525
vt 0.025 0.725
vt 0.0375 0.725
vt 0.0375 0.525
vt 0.0375 0.525
vt 0.0375 0.725
vt 0.05 0.525
vt 0.0375 0.725
vt 0.05 0.725
vt 0.05 0.525
vt 0.05 0.525
vt 0.05 0.725
vt 0.0625 0.525
vt 0.05 0.725
vt 0.0625 0.725
vt 0.0625 0.525
vt 0.0625 0.525
vt 0.0625 0.725
vt 0.075 0.525
vt 0.0625 0.725
vt 0.075 0.725
vt 0.075 0.525
vt 0.075 0.525
vt 0.075 0.725
vt 0.0875 0.525
vt 0.075 0.725
vt 0.0875 0.725
vt 0.0875 0.525
vt 0.0875 0.525
vt 0.0875 0.725
vt 0.1 0.525
vt 0.0875 0.725
vt 0.1 0.725
vt 0.1 0.525
vt 0.1 0.525
vt 0.1 0.725
vt 0.1125 0.525
vt 0.1 0.725
vt 0.1125 0.725
vt 0.1125 0.525
vt 0.0125 0.525
vt 0.0125 0.725
vt 0.025 0.525
vt 0.0125 0.725
vt 0.025 0.725
vt 0.025 0.525
vt 0.025 0.525
vt 0.025 0.725
vt 0.0375 0.525
vt 0.025 0.725
vt 0.0375 0.725
vt 0.0375 0.525
vt 0.0375 0.525
vt 0.0375 0.725
vt 0.05 0.525
vt 0.0375 0.725
vt 0.05 0.725
vt 0.05 0.525
vt 0.05 0.525
vt 0.05 0.725
vt 0.0625 0.525
vt 0.05 0.725
vt 0.0625 0.725
vt 0.0625 0.525
vt 0.0625 0.525
vt 0.0625 0.725
vt 0.075 0.525
vt 0.0625 0.725
vt 0.075 0.725
vt 0.075 0.525
vt 0.075 0.525
vt 0.075 0.725
vt 0.0875 0.525
vt 0.075 0.725
vt 0.0875 0.725
vt 0.0875 0.525
vt 0.0875 0.525
vt 0.0875 0.725
vt 0.1 0.525
vt 0.0875 0.725
vt 0.1 0.725
vt 0.1 0.525
vt 0.1 0.525
vt 0.1 0.725
vt 0.1125 0.525
vt 0.1 0.725
vt 0.1125 0.725
vt 0.1125 0.525
vt 0.0125 0.525
vt 0.0125 0.725
vt 0.025 0.725
vt 0.025 0.525
vt 0.0125 0.525
vt 0.025 0.725
vt 0.025 0.525
vt 0.025 0.725
vt 0.0375 0.725
vt 0.0375 0.525
vt 0.025 0.525
vt 0.0375 0.725
vt 0.0375 0.525
vt 0.0375 0.725
vt 0.05 0.725
vt 0.05 0.525
vt 0.0375 0.525
vt 0.05 0.725
vt 0.05 0.525
vt 0.05 0.725
vt 0.0625 0.725
vt 0.0625 0.525
vt 0.05 0.525
vt 0.0625 0.725
vt 0.0625 0.525
vt 0.0625 0.725
vt 0.075 0.725
vt 0.075 0.525
vt 0.0625 0.525
vt 0.075 0.725
vt 0.075 0.525
vt 0.075 0.725
vt 0.0875 0.725
vt 0.0875 0.525
vt 0.075 0.525
vt 0.0875 0.725
vt 0.0875 0.525
vt 0.0875 0.725
vt 0.1 0.725
vt 0.1 0.525
vt 0.0875 0.525
vt 0.1 0.725
vt 0.1 0.525
vt 0.1 0.725
vt 0.1125 0.725
vt 0.1125 0.525
vt 0.1 0.525
vt 0.1125 0.725
vt 0.0125 0.525
vt 0.0125 0.725
vt 0.025 0.725
vt 0.025 0.525
vt 0.0125 0.525
vt 0.025 0.725
vt 0.025 0.525
vt 0.025 0.725
vt 0.0375 0.725
vt 0.0375 0.525
vt 0.025 0.525
vt 0.0375 0.725
vt 0.0375 0.525
vt 0.0375 0.725
vt 0.05 0.725
vt 0.05 0.525
vt 0.0375 0.525
vt 0.05 0.725
vt 0.05 0.525
vt 0.05 0.725
vt 0.0625 0.725
vt 0.0625 0.525
vt 0.05 0.525
vt 0.0625 0.725
vt 0.0625 0.525
vt 0.0625 0.725
vt 0.075 0.725
vt 0.075 0.525
vt 0.0625 0.525
vt 0.075 0.725
vt 0.075 0.525
vt 0.075 0.725
vt 0.0875 0.725
vt 0.0875 0.525
vt 0.075 0.525
vt 0.0875 0.725
vt 0.0875 0.525
vt 0.0875 0.725
vt 0.1 0.725
vt 0.1 0.525
vt 0.0875 0.525
vt 0.1 0.725
vt 0.1 0.525
vt 0.1 0.725
vt 0.1125 0.725
vt 0.1125 0.525
vt 0.1 0.525
vt 0.1125 0.725
vt 0.0125 0.525
vt 0.0125 0.725
vt 0.025 0.725
vt 0.025 0.525
vt 0.0125 0.525
vt 0.025 0.725
vt 0.025 0.525
vt 0.025 0.725
vt 0.0375 0.725
vt 0.0375 0.525
vt 0.025 0.525
vt 0.0375 0.725
vt 0.0375 0.525
vt 0.0375 0.725
vt 0.05 0.725
vt 0.05 0.525
vt 0.0375 0.525
vt 0.05 0.725
vt 0.05 0.525
vt 0.05 0.725
vt 0.0625 0.725
vt 0.0625 0.525
vt 0.05 0.525
vt 0.0625 0.725
vt 0.0625 0.525
vt 0.0625 0.725
vt 0.075 0.725
vt 0.075 0.525
vt 0.0625 0.525
vt 0.075 0.725
vt 0.075 0.525
vt 0.075 0.725
vt 0.0875 0.725
vt 0.0875 0.525
vt 0.075 0.525
vt 0.0875 0.725
vt 0.0875 0.525
vt 0.0875 0.725
vt 0.1 0.725
vt 0.1 0.525
vt 0.0875 0.525
vt 0.1 0.725
vt 0.1 0.525
vt 0.1 0.725
vt 0.1125 0.725
vt 0.1125 0.525
vt 0.1 0.525
vt 0.1125 0.725
vt 0.0125 0.525
vt 0.0125 0.725
vt 0.025 0.725
vt 0.025 0.525
vt 0.0125 0.525
vt 0.025 0.725
vt 0.025 0.525
vt 0.025 0.725
vt 0.0375 0.725
vt 0.0375 0.525
vt 0.025 0.525
vt 0.0375 0.725
vt 0.0375 0.525
vt 0.0375 0.725
vt 0.05 0.725
vt 0.05 0.525
vt 0.0375 0.525
vt 0.05 0.725
vt 0.05 0.525
vt 0.05 0.725
vt 0.0625 0.725
vt 0.0625 0.525
vt 0.05 0.525
vt 0.0625 0.725
vt 0.0625 0.525
vt 0.0625 0.725
vt 0.075 0.725
vt 0.075 0.525
vt 0.0625 0.525
vt 0.075 0.725
vt 0.075 0.525
vt 0.075 0.725
vt 0.0875 0.725
vt 0.0875 0.525
vt 0.075 0.525
vt 0.0875 0.725
vt 0.0875 0.525
vt 0.0875 0.725
vt 0.1 0.725
vt 0.1 0.525
vt 0.0875 0.525
vt 0.1 0.725
vt 0.1 0.525
vt 0.1 0.725
vt 0.1125 0.725
vt 0.1125 0.525
vt 0.1 0.525
vt 0.1125 0.725
vt 0.0125 0.525
vt 0.0125 0.725
vt 0.025 0.525
vt 0.0125 0.725
vt 0.025 0.725
vt 0.025 0.525
vt 0.025 0.525
vt 0.025 0.725
vt 0.0375 0.525
vt 0.025 0.725
vt 0.0375 0.725
vt 0.0375 0.525
vt 0.0375 0.525
vt 0.0375 0.725
vt 0.05 0.525
vt 0.0375 0.725
vt 0.05 0.725
vt 0.05 0.525
vt 0.05 0.525
vt 0.05 0.725
vt 0.0625 0.525
vt 0.05 0.725
vt 0.0625 0.725
vt 0.0625 0.525
vt 0.0625 0.525
vt 0.0625 0.725
vt 0.075 0.525
vt 0.0625 0.725
vt 0.075 0.725
vt 0.075 0.525
vt 0.075 0.525
vt 0.075 0.725
vt 0.0875 0.525
vt 0.075 0.725
vt 0.0875 0.725
vt 0.0875 0.525
vt 0.0875 0.525
vt 0.0875 0.725
vt 0.1 0.525
vt 0.0875 0.725
vt 0.1 0.725
vt 0.1 0.525
vt 0.1 0.525
vt 0.1 0.725
vt 0.1125 0.525
vt 0.1 0.725
vt 0.1125 0.725
vt 0.1125 0.525
vt 0.0125 0.525
vt 0.0125 0.725
vt 0.025 0.525
vt 0.0125 0.725
vt 0.025 0.725
vt 0.025 0.525
vt 0.025 0.525
vt 0.025 0.725
vt 0.0375 0.525
vt 0.025 0.725
vt 0.0375 0.725
vt 0.0375 0.525
vt 0.0375 0.525
vt 0.0375 0.725
vt 0.05 0.525
vt 0.0375 0.725
vt 0.05 0.725
vt 0.05 0.525
vt 0.05 0.525
vt 0.05 0.725
vt 0.0625 0.525
vt 0.05 0.725
vt 0.0625 0.725
vt 0.0625 0.525
vt 0.0625 0.525
vt 0.0625 0.725
vt 0.075 0.525
vt 0.0625 0.725
vt 0.075 0.725
vt 0.075 0.525
vt 0.075 0.525
vt 0.075 0.725
vt 0.0875 0.525
vt 0.075 0.725
vt 0.0875 0.725
vt 0.0875 0.525
vt 0.0875 0.525
vt 0.0875 0.725
vt 0.1 0.525
vt 0.0875 0.725
vt 0.1 0.725
vt 0.1 0.525
vt 0.1 0.525
vt 0.1 0.725
vt 0.1125 0.525
vt 0.1 0.725
vt 0.1125 0.725
vt 0.1125 0.525
vt 0.0125 0.525
vt 0.0125 0.725
vt 0.025 0.525
vt 0.0125 0.725
vt 0.025 0.725
vt 0.025 0.525
vt 0.025 0.525
vt 0.025 0.725
vt 0.0375 0.525
vt 0.025 0.725
vt 0.0375 0.725
vt 0.0375 0.525
vt 0.0375 0.525
vt 0.0375 0.725
vt 0.05 0.525
vt 0.0375 0.725
vt 0.05 0.725
vt 0.05 0.525
vt 0.05 0.525
vt 0.05 0.725
vt 0.0625 0.525
vt 0.05 0.725
vt 0.0625 0.725
vt 0.0625 0.525
vt 0.0625 0.525
vt 0.0625 0.725
vt 0.075 0.525
vt 0.0625 0.725
vt 0.075 0.725
vt 0.075 0.525
vt 0.075 0.525
vt 0.075 0.725
vt 0.0875 0.525
vt 0.075 0.725
vt 0.0875 0.725
vt 0.0875 0.525
vt 0.0875 0.525
vt 0.0875 0.725
vt 0.1 0.525
vt 0.0875 0.725
vt 0.1 0.725
vt 0.1 0.525
vt 0.1 0.525
vt 0.1 0.725
vt 0.1125 0.525
vt 0.1 0.725
vt 0.1125 0.725
vt 0.1125 0.525
vt 0.0125 0.525
vt 0.0125 0.725
vt 0.025 0.525
vt 0.0125 0.725
vt 0.025 0.725
vt 0.025 0.525
vt 0.025 0.525
vt 0.025 0.725
vt 0.0375 0.525
vt 0.025 0.725
vt 0.0375 0.725
vt 0.0375 0.525
vt 0.0375 0.525
vt 0.0375 0.725
vt 0.05 0.525
vt 0.0375 0.725
vt 0.05 0.725
vt 0.05 0.525
vt 0.05 0.525
vt 0.05 0.725
vt 0.0625 0.525
vt 0.05 0.725
vt 0.0625 0.725
vt 0.0625 0.525
vt 0.0625 0.525
vt 0.0625 0.725
vt 0.075 0.525
vt 0.0625 0.725
vt 0.075 0.725
vt 0.075 0.525
vt 0.075 0.525
vt 0.075 0.725
vt 0.0875 0.525
vt 0.075 0.725
vt 0.0875 0.725
vt 0.0875 0.525
vt 0.0875 0.525
vt 0.0875 0.725
vt 0.1 0.525
vt 0.0875 0.725
vt 0.1 0.725
vt 0.1 0.525
vt 0.1 0.525
vt 0.1 0.725
vt 0.1125 0.525
vt 0.1 0.725
vt 0.1125 0.725
vt 0.1125 0.525
vt 0.0125 0.525
vt 0.0125 0.725
vt 0.025 0.725
vt 0.025 0.525
vt 0.0125 0.525
vt 0.025 0.725
vt 0.025 0.525
vt 0.025 0.725
vt 0.0375 0.725
vt 0.0375 0.525
vt 0.025 0.525
vt 0.0375 0.725
vt 0.0375 0.525
vt 0.0375 0.725
vt 0.05 0.725
vt 0.05 0.525
vt 0.0375 0.525
vt 0.05 0.725
vt 0.05 0.525
vt 0.05 0.725
vt 0.0625 0.725
vt 0.0625 0.525
vt 0.05 0.525
vt 0.0625 0.725
vt 0.0625 0.525
vt 0.0625 0.725
vt 0.075 0.725
vt 0.075 0.525
vt 0.0625 0.525
vt 0.075 0.725
vt 0.075 0.525
vt 0.075 0.725
vt 0.0875 0.725
vt 0.0875 0.525
vt 0.075 0.525
vt 0.0875 0.725
vt 0.0875 0.525
vt 0.0875 0.725
vt 0.1 0.725
vt 0.1 0.525
vt 0.0875 0.525
vt 0.1 0.725
vt 0.1 0.525
vt 0.1 0.725
vt 0.1125 0.725
vt 0.1125 0.525
vt 0.1 0.525
vt 0.1125 0.725
vt 0.0125 0.525
vt 0.0125 0.725
vt 0.025 0.725
vt 0.025 0.525
vt 0.0125 0.525
vt 0.025 0.725
vt 0.025 0.525
vt 0.025 0.725
vt 0.0375 0.725
vt 0.0375 0.525
vt 0.025 0.525
vt 0.0375 0.725
vt 0.0375 0.525
vt 0.0375 0.725
vt 0.05 0.725
vt 0.05 0.525
vt 0.0375 0.525
vt 0.05 0.725
vt 0.05 0.525
vt 0.05 0.725
vt 0.0625 0.725
vt 0.0625 0.525
vt 0.05 0.525
vt 0.0625 0.725
vt 0.0625 0.525
vt 0.0625 0.725
vt 0.075 0.725
vt 0.075 0.525
vt 0.0625 0.525
vt 0.075 0.725
vt 0.075 0.525
vt 0.075 0.725
vt 0.0875 0.725
vt 0.0875 0.525
vt 0.075 0.525
vt 0.0875 0.725
vt 0.0875 0.525
vt 0.0875 0.725
vt 0.1 0.725
vt 0.1 0.525
vt 0.0875 0.525
vt 0.1 0.725
vt 0.1 0.525
vt 0.1 0.725
vt 0.1125 0.725
vt 0.1125 0.525
vt 0.1 0.525
vt 0.1125 0.725
vt 0.0125 0.525
vt 0.0125 0.725
vt 0.025 0.725
vt 0.025 0.525
vt 0.0125 0.525
vt 0.025 0.725
vt 0.025 0.525
vt 0.025 0.725
vt 0.0375 0.725
vt 0.0375 0.525
vt 0.025 0.525
vt 0.0375 0.725
vt 0.0375 0.525
vt 0.0375 0.725
vt 0.05 0.725
vt 0.05 0.525
vt 0.0375 0.525
vt 0.05 0.725
vt 0.05 0.525
vt 0.05 0.725
vt 0.0625 0.725
vt 0.0625 0.525
vt 0.05 0.525
vt 0.0625 0.725
vt 0.0625 0.525
vt 0.0625 0.725
vt 0.075 0.725
vt 0.075 0.525
vt 0.0625 0.525
vt 0.075 0.725
vt 0.075 0.525
vt 0.075 0.725
vt 0.0875 0.725
vt 0.0875 0.525
vt 0.075 0.525
vt 0.0875 0.725
vt 0.0875 0.525
vt 0.0875 0.725
vt 0.1 0.725
vt 0.1 0.525
vt 0.0875 0.525
vt 0.1 0.725
vt 0.1 0.525
vt 0.1 0.725
vt 0.1125 0.725
vt 0.1125 0.525
vt 0.1 0.525
vt 0.1125 0.725
vt 0.0125 0.525
vt 0.0125 0.725
vt 0.025 0.725
vt 0.025 0.525
vt 0.0125 0.525
vt 0.025 0.725
vt 0.025 0.525
vt 0.025 0.725
vt 0.0375 0.725
vt 0.0375 0.525
vt 0.025 0.525
vt 0.0375 0.725
vt 0.0375 0.525
vt 0.0375 0.725
vt 0.05 0.725
vt 0.05 0.525
vt 0.0375 0.525
vt 0.05 0.725
vt 0.05 0.525
vt 0.05 0.725
vt 0.0625 0.725
vt 0.0625 0.525
vt 0.05 0.525
vt 0.0625 0.725
vt 0.0625 0.525
vt 0.0625 0.725
vt 0.075 0.725
vt 0.075 0.525
vt 0.0625 0.525
vt 0.075 0.725
vt 0.075 0.525
vt 0.075 0.725
vt 0.0875 0.725
vt 0.0875 0.525
vt 0.075 0.525
vt 0.0875 0.725
vt 0.0875 0.525
vt 0.0875 0.725
vt 0.1 0.725
vt 0.1 0.525
vt 0.0875 0.525
vt 0.1 0.725
vt 0.1 0.525
vt 0.1 0.725
vt 0.1125 0.725
vt 0.1125 0.525
vt 0.1 0.525
vt 0.1125 0.725
vt 0.0125 0.525
vt 0.0125 0.725
vt 0.025 0.525
vt 0.0125 0.725
vt 0.025 0.725
vt 0.025 0.525
vt 0.025 0.525
vt 0.025 0.725
vt 0.0375 0.525
vt 0.025 0.725
vt 0.0375 0.725
vt 0.0375 0.525
vt 0.0375 0.525
vt 0.0375 0.725
vt 0.05 0.525
vt 0.0375 0.725
vt 0.05 0.725
vt 0.05 0.525
vt 0.05 0.525
vt 0.05 0.725
vt 0.0625 0.525
vt 0.05 0.725
vt 0.0625 0.725
vt 0.0625 0.525
vt 0.0625 0.525
vt 0.0625 0.725
vt 0.075 0.525
vt 0.0625 0.725
vt 0.075 0.725
vt 0.075 0.525
vt 0.075 0.525
vt 0.075 0.725
vt 0.0875 0.525
vt 0.075 0.725
vt 0.0875 0.725
vt 0.0875 0.525
vt 0.0875 0.525
vt 0.0875 0.725
vt 0.1 0.525
vt 0.0875 0.725
vt 0.1 0.725
vt 0.1 0.525
vt 0.1 0.525
vt 0.1 0.725
vt 0.1125 0.525
vt 0.1 0.725
vt 0.1125 0.725
vt 0.1125 0.525
vt 0.0125 0.525
vt 0.0125 0.725
vt 0.025 0.525
vt 0.0125 0.725
vt 0.025 0.725
vt 0.025 0.525
vt 0.025 0.525
vt 0.025 0.725
vt 0.0375 0.525
vt 0.025 0.725
vt 0.0375 0.725
vt 0.0375 0.525
vt 0.0375 0.525
vt 0.0375 0.725
vt 0.05 0.525
vt 0.0375 0.725
vt 0.05 0.725
vt 0.05 0.525
vt 0.05 0.525
vt 0.05 0.725
vt 0.0625 0.525
vt 0.05 0.725
vt 0.0625 0.725
vt 0.0625 0.525
vt 0.0625 0.525
vt 0.0625 0.725
vt 0.075 0.525
vt 0.0625 0.725
vt 0.075 0.725
vt 0.075 0.525
vt 0.075 0.525
vt 0.075 0.725
vt 0.0875 0.525
vt 0.075 0.725
vt 0.0875 0.725
vt 0.0875 0.525
vt 0.0875 0.525
vt 0.0875 0.725
vt 0.1 0.525
vt 0.0875 0.725
vt 0.1 0.725
vt 0.1 0.525
vt 0.1 0.525
vt 0.1 0.725
vt 0.1125 0.525
vt 0.1 0.725
vt 0.1125 0.725
vt 0.1125 0.525
vt 0.0125 0.525
vt 0.0125 0.725
vt 0.025 0.525
vt 0.0125 0.725
vt 0.025 0.725
vt 0.025 0.525
vt 0.025 0.525
vt 0.025 0.725
vt 0.0375 0.525
vt 0.025 0.725
vt 0.0375 0.725
vt 0.0375 0.525
vt 0.0375 0.525
vt 0.0375 0.725
vt 0.05 0.525
vt 0.0375 0.725
vt 0.05 0.725
vt 0.05 0.525
vt 0.05 0.525
vt 0.05 0.725
vt 0.0625 0.525
vt 0.05 0.725
vt 0.0625 0.725
vt 0.0625 0.525
vt 0.0625 0.525
vt 0.0625 0.725
vt 0.075 0.525
vt 0.0625 0.725
vt 0.075 0.725
vt 0.075 0.525
vt 0.075 0.525
vt 0.075 0.725
vt 0.0875 0.525
vt 0.075 0.725
vt 0.0875 0.725
vt 0.0875 0.525
vt 0.0875 0.525
vt 0.0875 0.725
vt 0.1 0.525
vt 0.0875 0.725
vt 0.1 0.725
vt 0.1 0.525
vt 0.1 0.525
vt 0.1 0.725
vt 0.1125 0.525
vt 0.1 0.725
vt 0.1125 0.725
vt 0.1125 0.525
vt 0.0125 0.525
vt 0.0125 0.725
vt 0.025 0.525
vt 0.0125 0.725
vt 0.025 0.725
vt 0.025 0.525
vt 0.025 0.525
vt 0.025 0.725
vt 0.0375 0.525
vt 0.025 0.725
vt 0.0375 0.725
vt 0.0375 0.525
vt 0.0375 0.525
vt 0.0375 0.725
vt 0.05 0.525
vt 0.0375 0.725
vt 0.05 0.725
vt 0.05 0.525
vt 0.05 0.525
vt 0.05 0.725
vt 0.0625 0.525
vt 0.05 0.725
vt 0.0625 0.725
vt 0.0625 0.525
vt 0.0625 0.525
vt 0.0625 0.725
vt 0.075 0.525
vt 0.0625 0.725
vt 0.075 0.725
vt 0.075 0.525
vt 0.075 0.525
vt 0.075 0.725
vt 0.0875 0.525
vt 0.075 0.725
vt 0.0875 0.725
vt 0.0875 0.525
vt 0.0875 0.525
vt 0.0875 0.725
vt 0.1 0.525
vt 0.0875 0.725
vt 0.1 0.725
vt 0.1 0.525
vt 0.1 0.525
vt 0.1 0.725
vt 0.1125 0.525
vt 0.1 0.725
vt 0.1125 0.725
vt 0.1125 0.525
vt 0.0125 0.525
vt 0.0125 0.725
vt 0.025 0.725
vt 0.025 0.525
vt 0.0125 0.525
vt 0.025 0.725
vt 0.025 0.525
vt 0.025 0.725
vt 0.0375 0.725
vt 0.0375 0.525
vt 0.025 0.525
vt 0.0375 0.725
vt 0.0375 0.525
vt 0.0375 0.725
vt 0.05 0.725
vt 0.05 0.525
vt 0.0375 0.525
vt 0.05 0.725
vt 0.05 0.525
vt 0.05 0.725
vt 0.0625 0.725
vt 0.0625 0.525
vt 0.05 0.525
vt 0.0625 0.725
vt 0.0625 0.525
vt 0.0625 0.725
vt 0.075 0.725
vt 0.075 0.525
vt 0.0625 0.525
vt 0.075 0.725
vt 0.075 0.525
vt 0.075 0.725
vt 0.0875 0.725
vt 0.0875 0.525
vt 0.075 0.525
vt 0.0875 0.725
vt 0.0875 0.525
vt 0.0875 0.725
vt 0.1 0.725
vt 0.1 0.525
vt 0.0875 0.525
vt 0.1 0.725
vt 0.1 0.525
vt 0.1 0.725
vt 0.1125 0.725
vt 0.1125 0.525
vt 0.1 0.525
vt 0.1125 0.725
vt 0.0125 0.525
vt 0.0125 0.725
vt 0.025 0.725
vt 0.025 0.525
vt 0.0125 0.525
vt 0.025 0.725
vt 0.025 0.525
vt 0.025 0.725
vt 0.0375 0.725
vt 0.0375 0.525
vt 0.025 0.525
vt 0.0375 0.725
vt 0.0375 0.525
vt 0.0375 0.725
vt 0.05 0.725
vt 0.05 0.525
vt 0.0375 0.525
vt 0.05 0.725
vt 0.05 0.525
vt 0.05 0.725
vt 0.0625 0.725
vt 0.0625 0.525
vt 0.05 0.525
vt 0.0625 0.725
vt 0.0625 0.525
vt 0.0625 0.725
vt 0.075 0.725
vt 0.075 0.525
vt 0.0625 0.525
vt 0.075 0.725
vt 0.075 0.525
vt 0.075 0.725
vt 0.0875 0.725
vt 0.0875 0.525
vt 0.075 0.525
vt 0.0875 0.725
vt 0.0875 0.525
vt 0.0875 0.725
vt 0.1 0.725
vt 0.1 0.525
vt 0.0875 0.525
vt 0.1 0.725
vt 0.1 0.525
vt 0.1 0.725
vt 0.1125 0.725
vt 0.1125 0.525
vt 0.1 0.525
vt 0.1125 0.725
vt 0.0125 0.525
vt 0.0125 0.725
vt 0.025 0.725
vt 0.025 0.525
vt 0.0125 0.525
vt 0.025 0.725
vt 0.025 0.525
vt 0.025 0.725
vt 0.0375 0.725
vt 0.0375 0.525
vt 0.025 0.525
vt 0.0375 0.725
vt 0.0375 0.525
vt 0.0375 0.725
vt 0.05 0.725
vt 0.05 0.525
vt 0.0375 0.525
vt 0.05 0.725
vt 0.05 0.525
vt 0.05 0.725
vt 0.0625 0.725
vt 0.0625 0.525
vt 0.05 0.525
vt 0.0625 0.725
vt 0.0625 0.525
vt 0.0625 0.725
vt 0.075 0.725
vt 0.075 0.525
vt 0.0625 0.525
vt 0.075 0.725
vt 0.075 0.525
vt 0.075 0.725
vt 0.0875 0.725
vt 0.0875 0.525
vt 0.075 0.525
vt 0.0875 0.725
vt 0.0875 0.525
vt 0.0875 0.725
vt 0.1 0.725
vt 0.1 0.525
vt 0.0875 0.525
vt 0.1 0.725
vt 0.1 0.525
vt 0.1 0.725
vt 0.1125 0.725
vt 0.1125 0.525
vt 0.1 0.525
vt 0.1125 0.725
vt 0.0125 0.525
vt 0.0125 0.725
vt 0.025 0.725
vt 0.025 0.525
vt 0.0125 0.525
vt 0.025 0.725
vt 0.025 0.525
vt 0.025 0.725
vt 0.0375 0.725
vt 0.0375 0.525
vt 0.025 0.525
vt 0.0375 0.725
vt 0.0375 0.525
vt 0.0375 0.725
vt 0.05 0.725
vt 0.05 0.525
vt 0.0375 0.525
vt 0.05 0.725
vt 0.05 0.525
vt 0.05 0.725
vt 0.0625 0.725
vt 0.0625 0.525
vt 0.05 0.525
vt 0.0625 0.725
vt 0.0625 0.525
vt 0.0625 0.725
vt 0.075 0.725
vt 0.075 0.525
vt 0.0625 0.525
vt 0.075 0.725
vt 0.075 0.525
vt 0.075 0.725
vt 0.0875 0.725
vt 0.0875 0.525
vt 0.075 0.525
vt 0.0875 0.725
vt 0.0875 0.525
vt 0.0875 0.725
vt 0.1 0.725
vt 0.1 0.525
vt 0.0875 0.525
vt 0.1 0.725
vt 0.1 0.525
vt 0.1 0.725
vt 0.1125 0.725
vt 0.1125 0.525
vt 0.1 0.525
vt 0.1125 0.725
vt 0.0125 0.525
vt 0.0125 0.725
vt 0.025 0.525
vt 0.0125 0.725
vt 0.025 0.725
vt 0.025 0.525
vt 0.025 0.525
vt 0.025 0.725
vt 0.0375 0.525
vt 0.025 0.725
vt 0.0375 0.725
vt 0.0375 0.525
vt 0.0375 0.525
vt 0.0375 0.725
vt 0.05 0.525
vt 0.0375 0.725
vt 0.05 0.725
vt 0.05 0.525
vt 0.05 0.525
vt 0.05 0.725
vt 0.0625 0.525
vt 0.05 0.725
vt 0.0625 0.725
vt 0.0625 0.525
vt 0.0625 0.525
vt 0.0625 0.725
vt 0.075 0.525
vt 0.0625 0.725
vt 0.075 0.725
vt 0.075 0.525
vt 0.075 0.525
vt 0.075 0.725
vt 0.0875 0.525
vt 0.075 0.725
vt 0.0875 0.725
vt 0.0875 0.525
vt 0.0875 0.525
vt 0.0875 0.725
vt 0.1 0.525
vt 0.0875 0.725
vt 0.1 0.725
vt 0.1 0.525
vt 0.1 0.525
vt 0.1 0.725
vt 0.1125 0.525
vt 0.1 0.725
vt 0.1125 0.725
vt 0.1125 0.525
vt 0.0125 0.525
vt 0.0125 0.725
vt 0.025 0.525
vt 0.0125 0.725
vt 0.025 0.725
vt 0.025 0.525
vt 0.025 0.525
vt 0.025 0.725
vt 0.0375 0.525
vt 0.025 0.725
vt 0.0375 0.725
vt 0.0375 0.525
vt 0.0375 0.525
vt 0.0375 0.725
vt 0.05 0.525
vt 0.0375 0.725
vt 0.05 0.725
vt 0.05 0.525
vt 0.05 0.525
vt 0.05 0.725
vt 0.0625 0.525
vt 0.05 0.725
vt 0.0625 0.725
vt 0.0625 0.525
vt 0.0625 0.525
vt 0.0625 0.725
vt 0.075 0.525
vt 0.0625 0.725
vt 0.075 0.725
vt 0.075 0.525
vt 0.075 0.525
vt 0.075 0.725
vt 0.0875 0.525
vt 0.075 0.725
vt 0.0875 0.725
vt 0.0875 0.525
vt 0.0875 0.525
vt 0.0875 0.725
vt 0.1 0.525
vt 0.0875 0.725
vt 0.1 0.725
vt 0.1 0.525
vt 0.1 0.525
vt 0.1 0.725
vt 0.1125 0.525
vt 0.1 0.725
vt 0.1125 0.725
vt 0.1125 0.525
vt 0.0125 0.525
vt 0.0125 0.725
vt 0.025 0.525
vt 0.0125 0.725
vt 0.025 0.725
vt 0.025 0.525
vt 0.025 0.525
vt 0.025 0.725
vt 0.0375 0.525
vt 0.025 0.725
vt 0.0375 0.725
vt 0.0375 0.525
vt 0.0375 0.525
vt 0.0375 0.725
vt 0.05 0.525
vt 0.0375 0.725
vt 0.05 0.725
vt 0.05 0.525
vt 0.05 0.525
vt 0.05 0.725
vt 0.0625 0.525
vt 0.05 0.725
vt 0.0625 0.725
vt 0.0625 0.525
vt 0.0625 0.525
vt 0.0625 0.725
vt 0.075 0.525
vt 0.0625 0.725
vt 0.075 0.725
vt 0.075 0.525
vt 0.075 0.525
vt 0.075 0.725
vt 0.0875 0.525
vt 0.075 0.725
vt 0.0875 0.725
vt 0.0875 0.525
vt 0.0875 0.525
vt 0.0875 0.725
vt 0.1 0.525
vt 0.0875 0.725
vt 0.1 0.725
vt 0.1 0.525
vt 0.1 0.525
vt 0.1 0.725
vt 0.1125 0.525
vt 0.1 0.725
vt 0.1125 0.725
vt 0.1125 0.525
vt 0.0125 0.525
vt 0.0125 0.725
vt 0.025 0.525
vt 0.0125 0.725
vt 0.025 0.725
vt 0.025 0.525
vt 0.025 0.525
vt 0.025 0.725
vt 0.0375 0.525
vt 0.025 0.725
vt 0.0375 0.725
vt 0.0375 0.525
vt 0.0375 0.525
vt 0.0375 0.725
vt 0.05 0.525
vt 0.0375 0.725
vt 0.05 0.725
vt 0.05 0.525
vt 0.05 0.525
vt 0.05 0.725
vt 0.0625 0.525
vt 0.05 0.725
vt 0.0625 0.725
vt 0.0625 0.525
vt 0.0625 0.525
vt 0.0625 0.725
vt 0.075 0.525
vt 0.0625 0.725
vt 0.075 0.725
vt 0.075 0.525
vt 0.075 0.525
vt 0.075 0.725
vt 0.0875 0.525
vt 0.075 0.725
vt 0.0875 0.725
vt 0.0875 0.525
vt 0.0875 0.525
vt 0.0875 0.725
vt 0.1 0.525
vt 0.0875 0.725
vt 0.1 0.725
vt 0.1 0.525
vt 0.1 0.525
vt 0.1 0.725
vt 0.1125 0.525
vt 0.1 0.725
vt 0.1125 0.725
vt 0.1125 0.525
vt 0.0125 0.525
vt 0.0125 0.725
vt 0.025 0.725
vt 0.025 0.525
vt 0.0125 0.525
vt 0.025 0.725
vt 0.025 0.525
vt 0.025 0.725
vt 0.0375 0.725
vt 0.0375 0.525
vt 0.025 0.525
vt 0.0375 0.725
vt 0.0375 0.525
vt 0.0375 0.725
vt 0.05 0.725
vt 0.05 0.525
vt 0.0375 0.525
vt 0.05 0.725
vt 0.05 0.525
vt 0.05 0.725
vt 0.0625 0.725
vt 0.0625 0.525
vt 0.05 0.525
vt 0.0625 0.725
vt 0.0625 0.525
vt 0.0625 0.725
vt 0.075 0.725
vt 0.075 0.525
vt 0.0625 0.525
vt 0.075 0.725
vt 0.075 0.525
vt 0.075 0.725
vt 0.0875 0.725
vt 0.0875 0.525
vt 0.075 0.525
vt 0.0875 0.725
vt 0.0875 0.525
vt 0.0875 0.725
vt 0.1 0.725
vt 0.1 0.525
vt 0.0875 0.525
vt 0.1 0.725
vt 0.1 0.525
vt 0.1 0.725
vt 0.1125 0.725
vt 0.1125 0.525
vt 0.1 0.525
vt 0.1125 0.725
vt 0.0125 0.525
vt 0.0125 0.725
vt 0.025 0.725
vt 0.025 0.525
vt 0.0125 0.525
vt 0.025 0.725
vt 0.025 0.525
vt 0.025 0.725
vt 0.0375 0.725
vt 0.0375 0.525
vt 0.025 0.525
vt 0.0375 0.725
vt 0.0375 0.525
vt 0.0375 0.725
vt 0.05 0.725
vt 0.05 0.525
vt 0.0375 0.525
vt 0.05 0.725
vt 0.05 0.525
vt 0.05 0.725
vt 0.0625 0.725
vt 0.0625 0.525
vt 0.05 0.525
vt 0.0625 0.725
vt 0.0625 0.525
vt 0.0625 0.725
vt 0.075 0.725
vt 0.075 0.525
vt 0.0625 0.525
vt 0.075 0.725
vt 0.075 0.525
vt 0.075 0.725
vt 0.0875 0.725
vt 0.0875 0.525
vt 0.075 0.525
vt 0.0875 0.725
vt 0.0875 0.525
vt 0.0875 0.725
vt 0.1 0.725
vt 0.1 0.525
vt 0.0875 0.525
vt 0.1 0.725
vt 0.1 0.525
vt 0.1 0.725
vt 0.1125 0.725
vt 0.1125 0.525
vt 0.1 0.525
vt 0.1125 0.725
vt 0.0125 0.525
vt 0.0125 0.725
vt 0.025 0.725
vt 0.025 0.525
vt 0.0125 0.525
vt 0.025 0.725
vt 0.025 0.525
vt 0.025 0.725
vt 0.0375 0.725
vt 0.0375 0.525
vt 0.025 0.525
vt 0.0375 0.725
vt 0.0375 0.525
vt 0.0375 0.725
vt 0.05 0.725
vt 0.05 0.525
vt 0.0375 0.525
vt 0.05 0.725
vt 0.05 0.525
vt 0.05 0.725
vt 0.0625 0.725
vt 0.0625 0.525
vt 0.05 0.525
vt 0.0625 0.725
vt 0.0625 0.525
vt 0.0625 0.725
vt 0.075 0.725
vt 0.075 0.525
vt 0.0625 0.525
vt 0.075 0.725
vt 0.075 0.525
vt 0.075 0.725
vt 0.0875 0.725
vt 0.0875 0.525
vt 0.075 0.525
vt 0.0875 0.725
vt 0.0875 0.525
vt 0.0875 0.725
vt 0.1 0.725
vt 0.1 0.525
vt 0.0875 0.525
vt 0.1 0.725
vt 0.1 0.525
vt 0.1 0.725
vt 0.1125 0.725
vt 0.1125 0.525
vt 0.1 0.525
vt 0.1125 0.725
vt 0.0125 0.525
vt 0.0125 0.725
vt 0.025 0.725
vt 0.025 0.525
vt 0.0125 0.525
vt 0.025 0.725
vt 0.025 0.525
vt 0.025 0.725
vt 0.0375 0.725
vt 0.0375 0.525
vt 0.025 0.525
vt 0.0375 0.725
vt 0.0375 0.525
vt 0.0375 0.725
vt 0.05 0.725
vt 0.05 0.525
vt 0.0375 0.525
vt 0.05 0.725
vt 0.05 0.525
vt 0.05 0.725
vt 0.0625 0.725
vt 0.0625 0.525
vt 0.05 0.525
vt 0.0625 0.725
vt 0.0625 0.525
vt 0.0625 0.725
vt 0.075 0.725
vt 0.075 0.525
vt 0.0625 0.525
vt 0.075 0.725
vt 0.075 0.525
vt 0.075 0.725
vt 0.0875 0.725
vt 0.0875 0.525
vt 0.075 0.525
vt 0.0875 0.725
vt 0.0875 0.525
vt 0.0875 0.725
vt 0.1 0.725
vt 0.1 0.525
vt 0.0875 0.525
vt 0.1 0.725
vt 0.1 0.525
vt 0.1 0.725
vt 0.1125 0.725
vt 0.1125 0.525
vt 0.1 0.525
vt 0.1125 0.725
vt 0.0125 0.525
vt 0.0125 0.725
vt 0.025 0.525
vt 0.0125 0.725
vt 0.025 0.725
vt 0.025 0.525
vt 0.025 0.525
vt 0.025 0.725
vt 0.0375 0.525
vt 0.025 0.725
vt 0.0375 0.725
vt 0.0375 0.525
vt 0.0375 0.525
vt 0.0375 0.725
vt 0.05 0.525
vt 0.0375 0.725
vt 0.05 0.725
vt 0.05 0.525
vt 0.05 0.525
vt 0.05 0.725
vt 0.0625 0.525
vt 0.05 0.725
vt 0.0625 0.725
vt 0.0625 0.525
vt 0.0625 0.525
vt 0.0625 0.725
vt 0.075 0.525
vt 0.0625 0.725
vt 0.075 0.725
vt 0.075 0.525
vt 0.075 0.525
vt 0.075 0.725
vt 0.0875 0.525
vt 0.075 0.725
vt 0.0875 0.725
vt 0.0875 0.525
vt 0.0875 0.525
vt 0.0875 0.725
vt 0.1 0.525
vt 0.0875 0.725
vt 0.1 0.725
vt 0.1 0.525
vt 0.1 0.525
vt 0.1 0.725
vt 0.1125 0.525
vt 0.1 0.725
vt 0.1125 0.725
vt 0.1125 0.525
vt 0.0125 0.525
vt 0.0125 0.725
vt 0.025 0.525
vt 0.0125 0.725
vt 0.025 0.725
vt 0.025 0.525
vt 0.025 0.525
vt 0.025 0.725
vt 0.0375 0.525
vt 0.025 0.725
vt 0.0375 0.725
vt 0.0375 0.525
vt 0.0375 0.525
vt 0.0375 0.725
vt 0.05 0.525
vt 0.0375 0.725
vt 0.05 0.725
vt 0.05 0.525
vt 0.05 0.525
vt 0.05 0.725
vt 0.0625 0.525
vt 0.05 0.725
vt 0.0625 0.725
vt 0.0625 0.525
vt 0.0625 0.525
vt 0.0625 0.725
vt 0.075 0.525
vt 0.0625 0.725
vt 0.075 0.725
vt 0.075 0.525
vt 0.075 0.525
vt 0.075 0.725
vt 0.0875 0.525
vt 0.075 0.725
vt 0.0875 0.725
vt 0.0875 0.525
vt 0.0875 0.525
vt 0.0875 0.725
vt 0.1 0.525
vt 0.0875 0.725
vt 0.1 0.725
vt 0.1 0.525
vt 0.1 0.525
vt 0.1 0.725
vt 0.1125 0.525
vt 0.1 0.725
vt 0.1125 0.725
vt 0.1125 0.525
vt 0.0125 0.525
vt 0.0125 0.725
vt 0.025 0.525
vt 0.0125 0.725
vt 0.025 0.725
vt 0.025 0.525
vt 0.025 0.525
vt 0.025 0.725
vt 0.0375 0.525
vt 0.025 0.725
vt 0.0375 0.725
vt 0.0375 0.525
vt 0.0375 0.525
vt 0.0375 0.725
vt 0.05 0.525
vt 0.0375 0.725
vt 0.05 0.725
vt 0.05 0.525
vt 0.05 0.525
vt 0.05 0.725
vt 0.0625 0.525
vt 0.05 0.725
vt 0.0625 0.725
vt 0.0625 0.525
vt 0.0625 0.525
vt 0.0625 0.725
vt 0.075 0.525
vt 0.0625 0.725
vt 0.075 0.725
vt 0.075 0.525
vt 0.075 0.525
vt 0.075 0.725
vt 0.0875 0.525
vt 0.075 0.725
vt 0.0875 0.725
vt 0.0875 0.525
vt 0.0875 0.525
vt 0.0875 0.725
vt 0.1 0.525
vt 0.0875 0.725
vt 0.1 0.725
vt 0.1 0.525
vt 0.1 0.525
vt 0.1 0.725
vt 0.1125 0.525
vt 0.1 0.725
vt 0.1125 0.725
vt 0.1125 0.525
vt 0.0125 0.525
vt 0.0125 0.725
vt 0.025 0.525
vt 0.0125 0.725
vt 0.025 0.725
vt 0.025 0.525
vt 0.025 0.525
vt 0.025 0.725
vt 0.0375 0.525
vt 0.025 0.725
vt 0.0375 0.725
vt 0.0375 0.525
vt 0.0375 0.525
vt 0.0375 0.725
vt 0.05 0.525
vt 0.0375 0.725
vt 0.05 0.725
vt 0.05 0.525
vt 0.05 0.525
vt 0.05 0.725
vt 0.0625 0.525
vt 0.05 0.725
vt 0.0625 0.725
vt 0.0625 0.525
vt 0.0625 0.525
vt 0.0625 0.725
vt 0.075 0.525
vt 0.0625 0.725
vt 0.075 0.725
vt 0.075 0.525
vt 0.075 0.525
vt 0.075 0.725
vt 0.0875 0.525
vt 0.075 0.725
vt 0.0875 0.725
vt 0.0875 0.525
vt 0.0875 0.525
vt 0.0875 0.725
vt 0.1 0.525
vt 0.0875 0.725
vt 0.1 0.725
vt 0.1 0.525
vt 0.1 0.525
vt 0.1 0.725
vt 0.1125 0.525
vt 0.1 0.725
vt 0.1125 0.725
vt 0.1125 0.525
vt 0.2625 0.275
vt 0.2625 0.475
vt 0.275 0.475
vt 0.275 0.275
vt 0.2625 0.275
vt 0.275 0.475
vt 0.275 0.275
vt 0.275 0.475
vt 0.2875 0.475
vt 0.2875 0.275
vt 0.275 0.275
vt 0.2875 0.475
vt 0.2875 0.275
vt 0.2875 0.475
vt 0.3 0.475
vt 0.3 0.275
vt 0.2875 0.275
vt 0.3 0.475
vt 0.3 0.275
vt 0.3 0.475
vt 0.3125 0.475
vt 0.3125 0.275
vt 0.3 0.275
vt 0.3125 0.475
vt 0.3125 0.275
vt 0.3125 0.475
vt 0.325 0.475
vt 0.325 0.275
vt 0.3125 0.275
vt 0.325 0.475
vt 0.325 0.275
vt 0.325 0.475
vt 0.3375 0.475
vt 0.3375 0.275
vt 0.325 0.275
vt 0.3375 0.475
vt 0.3375 0.275
vt 0.3375 0.475
vt 0.35 0.475
vt 0.35 0.275
vt 0.3375 0.275
vt 0.35 0.475
vt 0.35 0.275
vt 0.35 0.475
vt 0.3625 0.475
vt 0.3625 0.275
vt 0.35 0.275
vt 0.3625 0.475
vt 0.2625 0.275
vt 0.2625 0.475
vt 0.275 0.475
vt 0.275 0.275
vt 0.2625 0.275
vt 0.275 0.475
vt 0.275 0.275
vt 0.275 0.475
vt 0.2875 0.475
vt 0.2875 0.275
vt 0.275 0.275
vt 0.2875 0.475
vt 0.2875 0.275
vt 0.2875 0.475
vt 0.3 0.475
vt 0.3 0.275
vt 0.2875 0.275
vt 0.3 0.475
vt 0.3 0.275
vt 0.3 0.475
vt 0.3125 0.475
vt 0.3125 0.275
vt 0.3 0.275
vt 0.3125 0.475
vt 0.3125 0.275
vt 0.3125 0.475
vt 0.325 0.475
vt 0.325 0.275
vt 0.3125 0.275
vt 0.325 0.475
vt 0.325 0.275
vt 0.325 0.475
vt 0.3375 0.475
vt 0.3375 0.275
vt 0.325 0.275
vt 0.3375 0.475
vt 0.3375 0.275
vt 0.3375 0.475
vt 0.35 0.475
vt 0.35 0.275
vt 0.3375 0.275
vt 0.35 0.475
vt 0.35 0.275
vt 0.35 0.475
vt 0.3625 0.475
vt 0.3625 0.275
vt 0.35 0.275
vt 0.3625 0.475
vt 0.2625 0.275
vt 0.2625 0.475
vt 0.275 0.475
vt 0.275 0.275
vt 0.2625 0.275
vt 0.275 0.475
vt 0.275 0.275
vt 0.275 0.475
vt 0.2875 0.475
vt 0.2875 0.275
vt 0.275 0.275
vt 0.2875 0.475
vt 0.2875 0.275
vt 0.2875 0.475
vt 0.3 0.475
vt 0.3 0.275
vt 0.2875 0.275
vt 0.3 0.475
vt 0.3 0.275
vt 0.3 0.475
vt 0.3125 0.475
vt 0.3125 0.275
vt 0.3 0.275
vt 0.3125 0.475
vt 0.3125 0.275
vt 0.3125 0.475
vt 0.325 0.475
vt 0.325 0.275
vt 0.3125 0.275
vt 0.325 0.475
vt 0.325 0.275
vt 0.325 0.475
vt 0.3375 0.475
vt 0.3375 0.275
vt 0.325 0.275
vt 0.3375 0.475
vt 0.3375 0.275
vt 0.3375 0.475
vt 0.35 0.475
vt 0.35 0.275
vt 0.3375 0.275
vt 0.35 0.475
vt 0.35 0.275
vt 0.35 0.475
vt 0.3625 0.475
vt 0.3625 0.275
vt 0.35 0.275
vt 0.3625 0.475
vt 0.2625 0.275
vt 0.2625 0.475
vt 0.275 0.475
vt 0.275 0.275
vt 0.2625 0.275
vt 0.275 0.475
vt 0.275 0.275
vt 0.275 0.475
vt 0.2875 0.475
vt 0.2875 0.275
vt 0.275 0.275
vt 0.2875 0.475
vt 0.2875 0.275
vt 0.2875 0.475
vt 0.3 0.475
vt 0.3 0.275
vt 0.2875 0.275
vt 0.3 0.475
vt 0.3 0.275
vt 0.3 0.475
vt 0.3125 0.475
vt 0.3125 0.275
vt 0.3 0.275
vt 0.3125 0.475
vt 0.3125 0.275
vt 0.3125 0.475
vt 0.325 0.475
vt 0.325 0.275
vt 0.3125 0.275
vt 0.325 0.475
vt 0.325 0.275
vt 0.325 0.475
vt 0.3375 0.475
vt 0.3375 0.275
vt 0.325 0.275
vt 0.3375 0.475
vt 0.3375 0.275
vt 0.3375 0.475
vt 0.35 0.475
vt 0.35 0.275
vt 0.3375 0.275
vt 0.35 0.475
vt 0.35 0.275
vt 0.35 0.475
vt 0.3625 0.475
vt 0.3625 0.275
vt 0.35 0.275
vt 0.3625 0.475
vt 0.2625 0.275
vt 0.2625 0.475
vt 0.275 0.275
vt 0.2625 0.475
vt 0.275 0.475
vt 0.275 0.275
vt 0.275 0.275
vt 0.275 0.475
vt 0.2875 0.275
vt 0.275 0.475
vt 0.2875 0.475
vt 0.2875 0.275
vt 0.2875 0.275
vt 0.2875 0.475
vt 0.3 0.275
vt 0.2875 0.475
vt 0.3 0.475
vt 0.3 0.275
vt 0.3 0.275
vt 0.3 0.475
vt 0.3125 0.275
vt 0.3 0.475
vt 0.3125 0.475
vt 0.3125 0.275
vt 0.3125 0.275
vt 0.3125 0.475
vt 0.325 0.275
vt 0.3125 0.475
vt 0.325 0.475
vt 0.325 0.275
vt 0.325 0.275
vt 0.325 0.475
vt 0.3375 0.275
vt 0.325 0.475
vt 0.3375 0.475
vt 0.3375 0.275
vt 0.3375 0.275
vt 0.3375 0.475
vt 0.35 0.275
vt 0.3375 0.475
vt 0.35 0.475
vt 0.35 0.275
vt 0.35 0.275
vt 0.35 0.475
vt 0.3625 0.275
vt 0.35 0.475
vt 0.3625 0.475
vt 0.3625 0.275
vt 0.2625 0.275
vt 0.2625 0.475
vt 0.275 0.275
vt 0.2625 0.475
vt 0.275 0.475
vt 0.275 0.275
vt 0.275 0.275
vt 0.275 0.475
vt 0.2875 0.275
vt 0.275 0.475
vt 0.2875 0.475
vt 0.2875 0.275
vt 0.2875 0.275
vt 0.2875 0.475
vt 0.3 0.275
vt 0.2875 0.475
vt 0.3 0.475
vt 0.3 0.275
vt 0.3 0.275
vt 0.3 0.475
vt 0.3125 0.275
vt 0.3 0.475
vt 0.3125 0.475
vt 0.3125 0.275
vt 0.3125 0.275
vt 0.3125 0.475
vt 0.325 0.275
vt 0.3125 0.475
vt 0.325 0.475
vt 0.325 0.275
vt 0.325 0.275
vt 0.325 0.475
vt 0.3375 0.275
vt 0.325 0.475
vt 0.3375 0.475
vt 0.3375 0.275
vt 0.3375 0.275
vt 0.3375 0.475
vt 0.35 0.275
vt 0.3375 0.475
vt 0.35 0.475
vt 0.35 0.275
vt 0.35 0.275
vt 0.35 0.475
vt 0.3625 0.275
vt 0.35 0.475
vt 0.3625 0.475
vt 0.3625 0.275
vt 0.2625 0.275
vt 0.2625 0.475
vt 0.275 0.275
vt 0.2625 0.475
vt 0.275 0.475
vt 0.275 0.275
vt 0.275 0.275
vt 0.275 0.475
vt 0.2875 0.275
vt 0.275 0.475
vt 0.2875 0.475
vt 0.2875 0.275
vt 0.2875 0.275
vt 0.2875 0.475
vt 0.3 0.275
vt 0.2875 0.475
vt 0.3 0.475
vt 0.3 0.275
vt 0.3 0.275
vt 0.3 0.475
vt 0.3125 0.275
vt 0.3 0.475
vt 0.3125 0.475
vt 0.3125 0.275
vt 0.3125 0.275
vt 0.3125 0.475
vt 0.325 0.275
vt 0.3125 0.475
vt 0.325 0.475
vt 0.325 0.275
vt 0.325 0.275
vt 0.325 0.475
vt 0.3375 0.275
vt 0.325 0.475
vt 0.3375 0.475
vt 0.3375 0.275
vt 0.3375 0.275
vt 0.3375 0.475
vt 0.35 0.275
vt 0.3375 0.475
vt 0.35 0.475
vt 0.35 0.275
vt 0.35 0.275
vt 0.35 0.475
vt 0.3625 0.275
vt 0.35 0.475
vt 0.3625 0.475
vt 0.3625 0.275
vt 0.2625 0.275
vt 0.2625 0.475
vt 0.275 0.275
vt 0.2625 0.475
vt 0.275 0.475
vt 0.275 0.275
vt 0.275 0.275
vt 0.275 0.475
vt 0.2875 0.275
vt 0.275 0.475
vt 0.2875 0.475
vt 0.2875 0.275
vt 0.2875 0.275
vt 0.2875 0.475
vt 0.3 0.275
vt 0.2875 0.475
vt 0.3 0.475
vt 0.3 0.275
vt 0.3 0.275
vt 0.3 0.475
vt 0.3125 0.275
vt 0.3 0.475
vt 0.3125 0.475
vt 0.3125 0.275
vt 0.3125 0.275
vt 0.3125 0.475
vt 0.325 0.275
vt 0.3125 0.475
vt 0.325 0.475
vt 0.325 0.275
vt 0.325 0.275
vt 0.325 0.475
vt 0.3375 0.275
vt 0.325 0.475
vt 0.3375 0.475
vt 0.3375 0.275
vt 0.3375 0.275
vt 0.3375 0.475
vt 0.35 0.275
vt 0.3375 0.475
vt 0.35 0.475
vt 0.35 0.275
vt 0.35 0.275
vt 0.35 0.475
vt 0.3625 0.275
vt 0.35 0.475
vt 0.3625 0.475
vt 0.3625 0.275
vt 0.0125 0.525
vt 0.0125 0.725
vt 0.025 0.725
vt 0.025 0.525
vt 0.0125 0.525
vt 0.025 0.725
vt 0.025 0.525
vt 0.025 0.725
vt 0.0375 0.725
vt 0.0375 0.525
vt 0.025 0.525
vt 0.0375 0.725
vt 0.0375 0.525
vt 0.0375 0.725
vt 0.05 0.725
vt 0.05 0.525
vt 0.0375 0.525
vt 0.05 0.725
vt 0.05 0.525
vt 0.05 0.725
vt 0.0625 0.725
vt 0.0625 0.525
vt 0.05 0.525
vt 0.0625 0.725
vt 0.0625 0.525
vt 0.0625 0.725
vt 0.075 0.725
vt 0.075 0.525
vt 0.0625 0.525
vt 0.075 0.725
vt 0.075 0.525
vt 0.075 0.725
vt 0.0875 0.725
vt 0.0875 0.525
vt 0.075 0.525
vt 0.0875 0.725
vt 0.0875 0.525
vt 0.0875 0.725
vt 0.1 0.725
vt 0.1 0.525
vt 0.0875 0.525
vt 0.1 0.725
vt 0.1 0.525
vt 0.1 0.725
vt 0.1125 0.725
vt 0.1125 0.525
vt 0.1 0.525
vt 0.1125 0.725
vt 0.0125 0.525
vt 0.0125 0.725
vt 0.025 0.725
vt 0.025 0.525
vt 0.0125 0.525
vt 0.025 0.725
vt 0.025 0.525
vt 0.025 0.725
vt 0.0375 0.725
vt 0.0375 0.525
vt 0.025 0.525
vt 0.0375 0.725
vt 0.0375 0.525
vt 0.0375 0.725
vt 0.05 0.725
vt 0.05 0.525
vt 0.0375 0.525
vt 0.05 0.725
vt 0.05 0.525
vt 0.05 0.725
vt 0.0625 0.725
vt 0.0625 0.525
vt 0.05 0.525
vt 0.0625 0.725
vt 0.0625 0.525
vt 0.0625 0.725
vt 0.075 0.725
vt 0.075 0.525
vt 0.0625 0.525
vt 0.075 0.725
vt 0.075 0.525
vt 0.075 0.725
vt 0.0875 0.725
vt 0.0875 0.525
vt 0.075 0.525
vt 0.0875 0.725
vt 0.0875 0.525
vt 0.0875 0.725
vt 0.1 0.725
vt 0.1 0.525
vt 0.0875 0.525
vt 0.1 0.725
vt 0.1 0.525
vt 0.1 0.725
vt 0.1125 0.725
vt 0.1125 0.525
vt 0.1 0.525
vt 0.1125 0.725
vt 0.0125 0.525
vt 0.0125 0.725
vt 0.025 0.725
vt 0.025 0.525
vt 0.0125 0.525
vt 0.025 0.725
vt 0.025 0.525
vt 0.025 0.725
vt 0.0375 0.725
vt 0.0375 0.525
vt 0.025 0.525
vt 0.0375 0.725
vt 0.0375 0.525
vt 0.0375 0.725
vt 0.05 0.725
vt 0.05 0.525
vt 0.0375 0.525
vt 0.05 0.725
vt 0.05 0.525
vt 0.05 0.725
vt 0.0625 0.725
vt 0.0625 0.525
vt 0.05 0.525
vt 0.0625 0.725
vt 0.0625 0.525
vt 0.0625 0.725
vt 0.075 0.725
vt 0.075 0.525
vt 0.0625 0.525
vt 0.075 0.725
vt 0.075 0.525
vt 0.075 0.725
vt 0.0875 0.725
vt 0.0875 0.525
vt 0.075 0.525
vt 0.0875 0.725
vt 0.0875 0.525
vt 0.0875 0.725
vt 0.1 0.725
vt 0.1 0.525
vt 0.0875 0.525
vt 0.1 0.725
vt 0.1 0.525
vt 0.1 0.725
vt 0.1125 0.725
vt 0.1125 0.525
vt 0.1 0.525
vt 0.1125 0.725
vt 0.0125 0.525
vt 0.0125 0.725
vt 0.025 0.725
vt 0.025 0.525
vt 0.0125 0.525
vt 0.025 0.725
vt 0.025 0.525
vt 0.025 0.725
vt 0.0375 0.725
vt 0.0375 0.525
vt 0.025 0.525
vt 0.0375 0.725
vt 0.0375 0.525
vt 0.0375 0.725
vt 0.05 0.725
vt 0.05 0.525
vt 0.0375 0.525
vt 0.05 0.725
vt 0.05 0.525
vt 0.05 0.725
vt 0.0625 0.725
vt 0.0625 0.525
vt 0.05 0.525
vt 0.0625 0.725
vt 0.0625 0.525
vt 0.0625 0.725
vt 0.075 0.725
vt 0.075 0.525
vt 0.0625 0.525
vt 0.075 0.725
vt 0.075 0.525
vt 0.075 0.725
vt 0.0875 0.725
vt 0.0875 0.525
vt 0.075 0.525
vt 0.0875 0.725
vt 0.0875 0.525
vt 0.0875 0.725
vt 0.1 0.725
vt 0.1 0.525
vt 0.0875 0.525
vt 0.1 0.725
vt 0.1 0.525
vt 0.1 0.725
vt 0.1125 0.725
vt 0.1125 0.525
vt 0.1 0.525
vt 0.1125 0.725
vt 0.0125 0.525
vt 0.0125 0.725
vt 0.025 0.525
vt 0.0125 0.725
vt 0.025 0.725
vt 0.025 0.525
vt 0.025 0.525
vt 0.025 0.725
vt 0.0375 0.525
vt 0.025 0.725
vt 0.0375 0.725
vt 0.0375 0.525
vt 0.0375 0.525
vt 0.0375 0.725
vt 0.05 0.525
vt 0.0375 0.725
vt 0.05 0.725
vt 0.05 0.525
vt 0.05 0.525
vt 0.05 0.725
vt 0.0625 0.525
vt 0.05 0.725
vt 0.0625 0.725
vt 0.0625 0.525
vt 0.0625 0.525
vt 0.0625 0.725
vt 0.075 0.525
vt 0.0625 0.725
vt 0.075 0.725
vt 0.075 0.525
vt 0.075 0.525
vt 0.075 0.725
vt 0.0875 0.525
vt 0.075 0.725
vt 0.0875 0.725
vt 0.0875 0.525
vt 0.0875 0.525
vt 0.0875 0.725
vt 0.1 0.525
vt 0.0875 0.725
vt 0.1 0.725
vt 0.1 0.525
vt 0.1 0.525
vt 0.1 0.725
vt 0.1125 0.525
vt 0.1 0.725
vt 0.1125 0.725
vt 0.1125 0.525
vt 0.0125 0.525
vt 0.0125 0.725
vt 0.025 0.525
vt 0.0125 0.725
vt 0.025 0.725
vt 0.025 0.525
vt 0.025 0.525
vt 0.025 0.725
vt 0.0375 0.525
vt 0.025 0.725
vt 0.0375 0.725
vt 0.0375 0.525
vt 0.0375 0.525
vt 0.0375 0.725
vt 0.05 0.525
vt 0.0375 0.725
vt 0.05 0.725
vt 0.05 0.525
vt 0.05 0.525
vt 0.05 0.725
vt 0.0625 0.525
vt 0.05 0.725
vt 0.0625 0.725
vt 0.0625 0.525
vt 0.0625 0.525
vt 0.0625 0.725
vt 0.075 0.525
vt 0.0625 0.725
vt 0.075 0.725
vt 0.075 0.525
vt 0.075 0.525
vt 0.075 0.725
vt 0.0875 0.525
vt 0.075 0.725
vt 0.0875 0.725
vt 0.0875 0.525
vt 0.0875 0.525
vt 0.0875 0.725
vt 0.1 0.525
vt 0.0875 0.725
vt 0.1 0.725
vt 0.1 0.525
vt 0.1 0.525
vt 0.1 0.725
vt 0.1125 0.525
vt 0.1 0.725
vt 0.1125 0.725
vt 0.1125 0.525
vt 0.0125 0.525
vt 0.0125 0.725
vt 0.025 0.525
vt 0.0125 0.725
vt 0.025 0.725
vt 0.025 0.525
vt 0.025 0.525
vt 0.025 0.725
vt 0.0375 0.525
vt 0.025 0.725
vt 0.0375 0.725
vt 0.0375 0.525
vt 0.0375 0.525
vt 0.0375 0.725
vt 0.05 0.525
vt 0.0375 0.725
vt 0.05 0.725
vt 0.05 0.525
vt 0.05 0.525
vt 0.05 0.725
vt 0.0625 0.525
vt 0.05 0.725
vt 0.0625 0.725
vt 0.0625 0.525
vt 0.0625 0.525
vt 0.0625 0.725
vt 0.075 0.525
vt 0.0625 0.725
vt 0.075 0.725
vt 0.075 0.525
vt 0.075 0.525
vt 0.075 0.725
vt 0.0875 0.525
vt 0.075 0.725
vt 0.0875 0.725
vt 0.0875 0.525
vt 0.0875 0.525
vt 0.0875 0.725
vt 0.1 0.525
vt 0.0875 0.725
vt 0.1 0.725
vt 0.1 0.525
vt 0.1 0.525
vt 0.1 0.725
vt 0.1125 0.525
vt 0.1 0.725
vt 0.1125 0.725
vt 0.1125 0.525
vt 0.0125 0.525
vt 0.0125 0.725
vt 0.025 0.525
vt 0.0125 0.725
vt 0.025 0.725
vt 0.025 0.525
vt 0.025 0.525
vt 0.025 0.725
vt 0.0375 0.525
vt 0.025 0.725
vt 0.0375 0.725
vt 0.0375 0.525
vt 0.0375 0.525
vt 0.0375 0.725
vt 0.05 0.525
vt 0.0375 0.725
vt 0.05 0.725
vt 0.05 0.525
vt 0.05 0.525
vt 0.05 0.725
vt 0.0625 0.525
vt 0.05 0.725
vt 0.0625 0.725
vt 0.0625 0.525
vt 0.0625 0.525
vt 0.0625 0.725
vt 0.075 0.525
vt 0.0625 0.725
vt 0.075 0.725
vt 0.075 0.525
vt 0.075 0.525
vt 0.075 0.725
vt 0.0875 0.525
vt 0.075 0.725
vt 0.0875 0.725
vt 0.0875 0.525
vt 0.0875 0.525
vt 0.0875 0.725
vt 0.1 0.525
vt 0.0875 0.725
vt 0.1 0.725
vt 0.1 0.525
vt 0.1 0.525
vt 0.1 0.725
vt 0.1125 0.525
vt 0.1 0.725
vt 0.1125 0.725
vt 0.1125 0.525
vt 0.0125 0.525
vt 0.0125 0.725
vt 0.025 0.725
vt 0.025 0.525
vt 0.0125 0.525
vt 0.025 0.725
vt 0.025 0.525
vt 0.025 0.725
vt 0.0375 0.725
vt 0.0375 0.525
vt 0.025 0.525
vt 0.0375 0.725
vt 0.0375 0.525
vt 0.0375 0.725
vt 0.05 0.725
vt 0.05 0.525
vt 0.0375 0.525
vt 0.05 0.725
vt 0.05 0.525
vt 0.05 0.725
vt 0.0625 0.725
vt 0.0625 0.525
vt 0.05 0.525
vt 0.0625 0.725
vt 0.0625 0.525
vt 0.0625 0.725
vt 0.075 0.725
vt 0.075 0.525
vt 0.0625 0.525
vt 0.075 0.725
vt 0.075 0.525
vt 0.075 0.725
vt 0.0875 0.725
vt 0.0875 0.525
vt 0.075 0.525
vt 0.0875 0.725
vt 0.0875 0.525
vt 0.0875 0.725
vt 0.1 0.725
vt 0.1 0.525
vt 0.0875 0.525
vt 0.1 0.725
vt 0.1 0.525
vt 0.1 0.725
vt 0.1125 0.725
vt 0.1125 0.525
vt 0.1 0.525
vt 0.1125 0.725
vt 0.0125 0.525
vt 0.0125 0.725
vt 0.025 0.725
vt 0.025 0.525
vt 0.0125 0.525
vt 0.025 0.725
vt 0.025 0.525
vt 0.025 0.725
vt 0.0375 0.725
vt 0.0375 0.525
vt 0.025 0.525
vt 0.0375 0.725
vt 0.0375 0.525
vt 0.0375 0.725
vt 0.05 0.725
vt 0.05 0.525
vt 0.0375 0.525
vt 0.05 0.725
vt 0.05 0.525
vt 0.05 0.725
vt 0.0625 0.725
vt 0.0625 0.525
vt 0.05 0.525
vt 0.0625 0.725
vt 0.0625 0.525
vt 0.0625 0.725
vt 0.075 0.725
vt 0.075 0.525
vt 0.0625 0.525
vt 0.075 0.725
vt 0.075 0.525
vt 0.075 0.725
vt 0.0875 0.725
vt 0.0875 0.525
vt 0.075 0.525
vt 0.0875 0.725
vt 0.0875 0.525
vt 0.0875 0.725
vt 0.1 0.725
vt 0.1 0.525
vt 0.0875 0.525
vt 0.1 0.725
vt 0.1 0.525
vt 0.1 0.725
vt 0.1125 0.725
vt 0.1125 0.525
vt 0.1 0.525
vt 0.1125 0.725
vt 0.0125 0.525
vt 0.0125 0.725
vt 0.025 0.725
vt 0.025 0.525
vt 0.0125 0.525
vt 0.025 0.725
vt 0.025 0.525
vt 0.025 0.725
vt 0.0375 0.725
vt 0.0375 0.525
vt 0.025 0.525
vt 0.0375 0.725
vt 0.0375 0.525
vt 0.0375 0.725
vt 0.05 0.725
vt 0.05 0.525
vt 0.0375 0.525
vt 0.05 0.725
vt 0.05 0.525
vt 0.05 0.725
vt 0.0625 0.725
vt 0.0625 0.525
vt 0.05 0.525
vt 0.0625 0.725
vt 0.0625 0.525
vt 0.0625 0.725
vt 0.075 0.725
vt 0.075 0.525
vt 0.0625 0.525
vt 0.075 0.725
vt 0.075 0.525
vt 0.075 0.725
vt 0.0875 0.725
vt 0.0875 0.525
vt 0.075 0.525
vt 0.0875 0.725
vt 0.0875 0.525
vt 0.0875 0.725
vt 0.1 0.725
vt 0.1 0.525
vt 0.0875 0.525
vt 0.1 0.725
vt 0.1 0.525
vt 0.1 0.725
vt 0.1125 0.725
vt 0.1125 0.525
vt 0.1 0.525
vt 0.1125 0.725
vt 0.0125 0.525
vt 0.0125 0.725
vt 0.025 0.725
vt 0.025 0.525
vt 0.0125 0.525
vt 0.025 0.725
vt 0.025 0.525
vt 0.025 0.725
vt 0.0375 0.725
vt 0.0375 0.525
vt 0.025 0.525
vt 0.0375 0.725
vt 0.0375 0.525
vt 0.0375 0.725
vt 0.05 0.725
vt 0.05 0.525
vt 0.0375 0.525
vt 0.05 0.725
vt 0.05 0.525
vt 0.05 0.725
vt 0.0625 0.725
vt 0.0625 0.525
vt 0.05 0.525
vt 0.0625 0.725
vt 0.0625 0.525
vt 0.0625 0.725
vt 0.075 0.725
vt 0.075 0.525
vt 0.0625 0.525
vt 0.075 0.725
vt 0.075 0.525
vt 0.075 0.725
vt 0.0875 0.725
vt 0.0875 0.525
vt 0.075 0.525
vt 0.0875 0.725
vt 0.0875 0.525
vt 0.0875 0.725
vt 0.1 0.725
vt 0.1 0.525
vt 0.0875 0.525
vt 0.1 0.725
vt 0.1 0.525
vt 0.1 0.725
vt 0.1125 0.725
vt 0.1125 0.525
vt 0.1 0.525
vt 0.1125 0.725
vt 0.0125 0.525
vt 0.0125 0.725
vt 0.025 0.525
vt 0.0125 0.725
vt 0.025 0.725
vt 0.025 0.525
vt 0.025 0.525
vt 0.025 0.725
vt 0.0375 0.525
vt 0.025 0.725
vt 0.0375 0.725
vt 0.0375 0.525
vt 0.0375 0.525
vt 0.0375 0.725
vt 0.05 0.525
vt 0.0375 0.725
vt 0.05 0.725
vt 0.05 0.525
vt 0.05 0.525
vt 0.05 0.725
vt 0.0625 0.525
vt 0.05 0.725
vt 0.0625 0.725
vt 0.0625 0.525
vt 0.0625 0.525
vt 0.0625 0.725
vt 0.075 0.525
vt 0.0625 0.725
vt 0.075 0.725
vt 0.075 0.525
vt 0.075 0.525
vt 0.075 0.725
vt 0.0875 0.525
vt 0.075 0.725
vt 0.0875 0.725
vt 0.0875 0.525
vt 0.0875 0.525
vt 0.0875 0.725
vt 0.1 0.525
vt 0.0875 0.725
vt 0.1 0.725
vt 0.1 0.525
vt 0.1 0.525
vt 0.1 0.725
vt 0.1125 0.525
vt 0.1 0.725
vt 0.1125 0.725
vt 0.1125 0.525
vt 0.0125 0.525
vt 0.0125 0.725
vt 0.025 0.525
vt 0.0125 0.725
vt 0.025 0.725
vt 0.025 0.525
vt 0.025 0.525
vt 0.025 0.725
vt 0.0375 0.525
vt 0.025 0.725
vt 0.0375 0.725
vt 0.0375 0.525
vt 0.0375 0.525
vt 0.0375 0.725
vt 0.05 0.525
vt 0.0375 0.725
vt 0.05 0.725
vt 0.05 0.525
vt 0.05 0.525
vt 0.05 0.725
vt 0.0625 0.525
vt 0.05 0.725
vt 0.0625 0.725
vt 0.0625 0.525
vt 0.0625 0.525
vt 0.0625 0.725
vt 0.075 0.525
vt 0.0625 0.725
vt 0.075 0.725
vt 0.075 0.525
vt 0.075 0.525
vt 0.075 0.725
vt 0.0875 0.525
vt 0.075 0.725
vt 0.0875 0.725
vt 0.0875 0.525
vt 0.0875 0.525
vt 0.0875 0.725
vt 0.1 0.525
vt 0.0875 0.725
vt 0.1 0.725
vt 0.1 0.525
vt 0.1 0.525
vt 0.1 0.725
vt 0.1125 0.525
vt 0.1 0.725
vt 0.1125 0.725
vt 0.1125 0.525
vt 0.0125 0.525
vt 0.0125 0.725
vt 0.025 0.525
vt 0.0125 0.725
vt 0.025 0.725
vt 0.025 0.525
vt 0.025 0.525
vt 0.025 0.725
vt 0.0375 0.525
vt 0.025 0.725
vt 0.0375 0.725
vt 0.0375 0.525
vt 0.0375 0.525
vt 0.0375 0.725
vt 0.05 0.525
vt 0.0375 0.725
vt 0.05 0.725
vt 0.05 0.525
vt 0.05 0.525
vt 0.05 0.725
vt 0.0625 0.525
vt 0.05 0.725
vt 0.0625 0.725
vt 0.0625 0.525
vt 0.0625 0.525
vt 0.0625 0.725
vt 0.075 0.525
vt 0.0625 0.725
vt 0.075 0.725
vt 0.075 0.525
vt 0.075 0.525
vt 0.075 0.725
vt 0.0875 0.525
vt 0.075 0.725
vt 0.0875 0.725
vt 0.0875 0.525
vt 0.0875 0.525
vt 0.0875 0.725
vt 0.1 0.525
vt 0.0875 0.725
vt 0.1 0.725
vt 0.1 0.525
vt 0.1 0.525
vt 0.1 0.725
vt 0.1125 0.525
vt 0.1 0.725
vt 0.1125 0.725
vt 0.1125 0.525
vt 0.0125 0.525
vt 0.0125 0.725
vt 0.025 0.525
vt 0.0125 0.725
vt 0.025 0.725
vt 0.025 0.525
vt 0.025 0.525
vt 0.025 0.725
vt 0.0375 0.525
vt 0.025 0.725
vt 0.0375 0.725
vt 0.0375 0.525
vt 0.0375 0.525
vt 0.0375 0.725
vt 0.05 0.525
vt 0.0375 0.725
vt 0.05 0.725
vt 0.05 0.525
vt 0.05 0.525
vt 0.05 0.725
vt 0.0625 0.525
vt 0.05 0.725
vt 0.0625 0.725
vt 0.0625 0.525
vt 0.0625 0.525
vt 0.0625 0.725
vt 0.075 0.525
vt 0.0625 0.725
vt 0.075 0.725
vt 0.075 0.525
vt 0.075 0.525
vt 0.075 0.725
vt 0.0875 0.525
vt 0.075 0.725
vt 0.0875 0.725
vt 0.0875 0.525
vt 0.0875 0.525
vt 0.0875 0.725
vt 0.1 0.525
vt 0.0875 0.725
vt 0.1 0.725
vt 0.1 0.525
vt 0.1 0.525
vt 0.1 0.725
vt 0.1125 0.525
vt 0.1 0.725
vt 0.1125 0.725
vt 0.1125 0.525
vt 0.0125 0.525
vt 0.0125 0.725
vt 0.025 0.725
vt 0.025 0.525
vt 0.0125 0.525
vt 0.025 0.725
vt 0.025 0.525
vt 0.025 0.725
vt 0.0375 0.725
vt 0.0375 0.525
vt 0.025 0.525
vt 0.0375 0.725
vt 0.0375 0.525
vt 0.0375 0.725
vt 0.05 0.725
vt 0.05 0.525
vt 0.0375 0.525
vt 0.05 0.725
vt 0.05 0.525
vt 0.05 0.725
vt 0.0625 0.725
vt 0.0625 0.525
vt 0.05 0.525
vt 0.0625 0.725
vt 0.0625 0.525
vt 0.0625 0.725
vt 0.075 0.725
vt 0.075 0.525
vt 0.0625 0.525
vt 0.075 0.725
vt 0.075 0.525
vt 0.075 0.725
vt 0.0875 0.725
vt 0.0875 0.525
vt 0.075 0.525
vt 0.0875 0.725
vt 0.0875 0.525
vt 0.0875 0.725
vt 0.1 0.725
vt 0.1 0.525
vt 0.0875 0.525
vt 0.1 0.725
vt 0.1 0.525
vt 0.1 0.725
vt 0.1125 0.725
vt 0.1125 0.525
vt 0.1 0.525
vt 0.1125 0.725
vt 0.0125 0.525
vt 0.0125 0.725
vt 0.025 0.725
vt 0.025 0.525
vt 0.0125 0.525
vt 0.025 0.725
vt 0.025 0.525
vt 0.025 0.725
vt 0.0375 0.725
vt 0.0375 0.525
vt 0.025 0.525
vt 0.0375 0.725
vt 0.0375 0.525
vt 0.0375 0.725
vt 0.05 0.725
vt 0.05 0.525
vt 0.0375 0.525
vt 0.05 0.725
vt 0.05 0.525
vt 0.05 0.725
vt 0.0625 0.725
vt 0.0625 0.525
vt 0.05 0.525
vt 0.0625 0.725
vt 0.0625 0.525
vt 0.0625 0.725
vt 0.075 0.725
vt 0.075 0.525
vt 0.0625 0.525
vt 0.075 0.725
vt 0.075 0.525
vt 0.075 0.725
vt 0.0875 0.725
vt 0.0875 0.525
vt 0.075 0.525
vt 0.0875 0.725
vt 0.0875 0.525
vt 0.0875 0.725
vt 0.1 0.725
vt 0.1 0.525
vt 0.0875 0.525
vt 0.1 0.725
vt 0.1 0.525
vt 0.1 0.725
vt 0.1125 0.725
vt 0.1125 0.525
vt 0.1 0.525
vt 0.1125 0.725
vt 0.0125 0.525
vt 0.0125 0.725
vt 0.025 0.725
vt 0.025 0.525
vt 0.0125 0.525
vt 0.025 0.725
vt 0.025 0.525
vt 0.025 0.725
vt 0.0375 0.725
vt 0.0375 0.525
vt 0.025 0.525
vt 0.0375 0.725
vt 0.0375 0.525
vt 0.0375 0.725
vt 0.05 0.725
vt 0.05 0.525
vt 0.0375 0.525
vt 0.05 0.725
vt 0.05 0.525
vt 0.05 0.725
vt 0.0625 0.725
vt 0.0625 0.525
vt 0.05 0.525
vt 0.0625 0.725
vt 0.0625 0.525
vt 0.0625 0.725
vt 0.075 0.725
vt 0.075 0.525
vt 0.0625 0.525
vt 0.075 0.725
vt 0.075 0.525
vt 0.075 0.725
vt 0.0875 0.725
vt 0.0875 0.525
vt 0.075 0.525
vt 0.0875 0.725
vt 0.0875 0.525
vt 0.0875 0.725
vt 0.1 0.725
vt 0.1 0.525
vt 0.0875 0.525
vt 0.1 0.725
vt 0.1 0.525
vt 0.1 0.725
vt 0.1125 0.725
vt 0.1125 0.525
vt 0.1 0.525
vt 0.1125 0.725
vt 0.0125 0.525
vt 0.0125 0.725
vt 0.025 0.725
vt 0.025 0.525
vt 0.0125 0.525
vt 0.025 0.725
vt 0.025 0.525
vt 0.025 0.725
vt 0.0375 0.725
vt 0.0375 0.525
vt 0.025 0.525
vt 0.0375 0.725
vt 0.0375 0.525
vt 0.0375 0.725
vt 0.05 0.725
vt 0.05 0.525
vt 0.0375 0.525
vt 0.05 0.725
vt 0.05 0.525
vt 0.05 0.725
vt 0.0625 0.725
vt 0.0625 0.525
vt 0.05 0.525
vt 0.0625 0.725
vt 0.0625 0.525
vt 0.0625 0.725
vt 0.075 0.725
vt 0.075 0.525
vt 0.0625 0.525
vt 0.075 0.725
vt 0.075 0.525
vt 0.075 0.725
vt 0.0875 0.725
vt 0.0875 0.525
vt 0.075 0.525
vt 0.0875 0.725
vt 0.0875 0.525
vt 0.0875 0.725
vt 0.1 0.725
vt 0.1 0.525
vt 0.0875 0.525
vt 0.1 0.725
vt 0.1 0.525
vt 0.1 0.725
vt 0.1125 0.725
vt 0.1125 0.525
vt 0.1 0.525
vt 0.1125 0.725
vt 0.0125 0.525
vt 0.0125 0.725
vt 0.025 0.525
vt 0.0125 0.725
vt 0.025 0.725
vt 0.025 0.525
vt 0.025 0.525
vt 0.025 0.725
vt 0.0375 0.525
vt 0.025 0.725
vt 0.0375 0.725
vt 0.0375 0.525
vt 0.0375 0.525
vt 0.0375 0.725
vt 0.05 0.525
vt 0.0375 0.725
vt 0.05 0.725
vt 0.05 0.525
vt 0.05 0.525
vt 0.05 0.725
vt 0.0625 0.525
vt 0.05 0.725
vt 0.0625 0.725
vt 0.0625 0.525
vt 0.0625 0.525
vt 0.0625 0.725
vt 0.075 0.525
vt 0.0625 0.725
vt 0.075 0.725
vt 0.075 0.525
vt 0.075 0.525
vt 0.075 0.725
vt 0.0875 0.525
vt 0.075 0.725
vt 0.0875 0.725
vt 0.0875 0.525
vt 0.0875 0.525
vt 0.0875 0.725
vt 0.1 0.525
vt 0.0875 0.725
vt 0.1 0.725
vt 0.1 0.525
vt 0.1 0.525
vt 0.1 0.725
vt 0.1125 0.525
vt 0.1 0.725
vt 0.1125 0.725
vt 0.1125 0.525
vt 0.0125 0.525
vt 0.0125 0.725
vt 0.025 0.525
vt 0.0125 0.725
vt 0.025 0.725
vt 0.025 0.525
vt 0.025 0.525
vt 0.025 0.725
vt 0.0375 0.525
vt 0.025 0.725
vt 0.0375 0.725
vt 0.0375 0.525
vt 0.0375 0.525
vt 0.0375 0.725
vt 0.05 0.525
vt 0.0375 0.725
vt 0.05 0.725
vt 0.05 0.525
vt 0.05 0.525
vt 0.05 0.725
vt 0.0625 0.525
vt 0.05 0.725
vt 0.0625 0.725
vt 0.0625 0.525
vt 0.0625 0.525
vt 0.0625 0.725
vt 0.075 0.525
vt 0.0625 0.725
vt 0.075 0.725
vt 0.075 0.525
vt 0.075 0.525
vt 0.075 0.725
vt 0.0875 0.525
vt 0.075 0.725
vt 0.0875 0.725
vt 0.0875 0.525
vt 0.0875 0.525
vt 0.0875 0.725
vt 0.1 0.525
vt 0.0875 0.725
vt 0.1 0.725
vt 0.1 0.525
vt 0.1 0.525
vt 0.1 0.725
vt 0.1125 0.525
vt 0.1 0.725
vt 0.1125 0.725
vt 0.1125 0.525
vt 0.0125 0.525
vt 0.0125 0.725
vt 0.025 0.525
vt 0.0125 0.725
vt 0.025 0.725
vt 0.025 0.525
vt 0.025 0.525
vt 0.025 0.725
vt 0.0375 0.525
vt 0.025 0.725
vt 0.0375 0.725
vt 0.0375 0.525
vt 0.0375 0.525
vt 0.0375 0.725
vt 0.05 0.525
vt 0.0375 0.725
vt 0.05 0.725
vt 0.05 0.525
vt 0.05 0.525
vt 0.05 0.725
vt 0.0625 0.525
vt 0.05 0.725
vt 0.0625 0.725
vt 0.0625 0.525
vt 0.0625 0.525
vt 0.0625 0.725
vt 0.075 0.525
vt 0.0625 0.725
vt 0.075 0.725
vt 0.075 0.525
vt 0.075 0.525
vt 0.075 0.725
vt 0.0875 0.525
vt 0.075 0.725
vt 0.0875 0.725
vt 0.0875 0.525
vt 0.0875 0.525
vt 0.0875 0.725
vt 0.1 0.525
vt 0.0875 0.725
vt 0.1 0.725
vt 0.1 0.525
vt 0.1 0.525
vt 0.1 0.725
vt 0.1125 0.525
vt 0.1 0.725
vt 0.1125 0.725
vt 0.1125 0.525
vt 0.0125 0.525
vt 0.0125 0.725
vt 0.025 0.525
vt 0.0125 0.725
vt 0.025 0.725
vt 0.025 0.525
vt 0.025 0.525
vt 0.025 0.725
vt 0.0375 0.525
vt 0.025 0.725
vt 0.0375 0.725
vt 0.0375 0.525
vt 0.0375 0.525
vt 0.0375 0.725
vt 0.05 0.525
vt 0.0375 0.725
vt 0.05 0.725
vt 0.05 0.525
vt 0.05 0.525
vt 0.05 0.725
vt 0.0625 0.525
vt 0.05 0.725
vt 0.0625 0.725
vt 0.0625 0.525
vt 0.0625 0.525
vt 0.0625 0.725
vt 0.075 0.525
vt 0.0625 0.725
vt 0.075 0.725
vt 0.075 0.525
vt 0.075 0.525
vt 0.075 0.725
vt 0.0875 0.525
vt 0.075 0.725
vt 0.0875 0.725
vt 0.0875 0.525
vt 0.0875 0.525
vt 0.0875 0.725
vt 0.1 0.525
vt 0.0875 0.725
vt 0.1 0.725
vt 0.1 0.525
vt 0.1 0.525
vt 0.1 0.725
vt 0.1125 0.525
vt 0.1 0.725
vt 0.1125 0.725
vt 0.1125 0.525
vt 0.0125 0.525
vt 0.0125 0.725
vt 0.025 0.725
vt 0.025 0.525
vt 0.0125 0.525
vt 0.025 0.725
vt 0.025 0.525
vt 0.025 0.725
vt 0.0375 0.725
vt 0.0375 0.525
vt 0.025 0.525
vt 0.0375 0.725
vt 0.0375 0.525
vt 0.0375 0.725
vt 0.05 0.725
vt 0.05 0.525
vt 0.0375 0.525
vt 0.05 0.725
vt 0.05 0.525
vt 0.05 0.725
vt 0.0625 0.725
vt 0.0625 0.525
vt 0.05 0.525
vt 0.0625 0.725
vt 0.0625 0.525
vt 0.0625 0.725
vt 0.075 0.725
vt 0.075 0.525
vt 0.0625 0.525
vt 0.075 0.725
vt 0.075 0.525
vt 0.075 0.725
vt 0.0875 0.725
vt 0.0875 0.525
vt 0.075 0.525
vt 0.0875 0.725
vt 0.0875 0.525
vt 0.0875 0.725
vt 0.1 0.725
vt 0.1 0.525
vt 0.0875 0.525
vt 0.1 0.725
vt 0.1 0.525
vt 0.1 0.725
vt 0.1125 0.725
vt 0.1125 0.525
vt 0.1 0.525
vt 0.1125 0.725
vt 0.0125 0.525
vt 0.0125 0.725
vt 0.025 0.725
vt 0.025 0.525
vt 0.0125 0.525
vt 0.025 0.725
vt 0.025 0.525
vt 0.025 0.725
vt 0.0375 0.725
vt 0.0375 0.525
vt 0.025 0.525
vt 0.0375 0.725
vt 0.0375 0.525
vt 0.0375 0.725
vt 0.05 0.725
vt 0.05 0.525
vt 0.0375 0.525
vt 0.05 0.725
vt 0.05 0.525
vt 0.05 0.725
vt 0.0625 0.725
vt 0.0625 0.525
vt 0.05 0.525
vt 0.0625 0.725
vt 0.0625 0.525
vt 0.0625 0.725
vt 0.075 0.725
vt 0.075 0.525
vt 0.0625 0.525
vt 0.075 0.725
vt 0.075 0.525
vt 0.075 0.725
vt 0.0875 0.725
vt 0.0875 0.525
vt 0.075 0.525
vt 0.0875 0.725
vt 0.0875 0.525
vt 0.0875 0.725
vt 0.1 0.725
vt 0.1 0.525
vt 0.0875 0.525
vt 0.1 0.725
vt 0.1 0.525
vt 0.1 0.725
vt 0.1125 0.725
vt 0.1125 0.525
vt 0.1 0.525
vt 0.1125 0.725
vt 0.0125 0.525
vt 0.0125 0.725
vt 0.025 0.725
vt 0.025 0.525
vt 0.0125 0.525
vt 0.025 0.725
vt 0.025 0.525
vt 0.025 0.725
vt 0.0375 0.725
vt 0.0375 0.525
vt 0.025 0.525
vt 0.0375 0.725
vt 0.0375 0.525
vt 0.0375 0.725
vt 0.05 0.725
vt 0.05 0.525
vt 0.0375 0.525
vt 0.05 0.725
vt 0.05 0.525
vt 0.05 0.725
vt 0.0625 0.725
vt 0.0625 0.525
vt 0.05 0.525
vt 0.0625 0.725
vt 0.0625 0.525
vt 0.0625 0.725
vt 0.075 0.725
vt 0.075 0.525
vt 0.0625 0.525
vt 0.075 0.725
vt 0.075 0.525
vt 0.075 0.725
vt 0.0875 0.725
vt 0.0875 0.525
vt 0.075 0.525
vt 0.0875 0.725
vt 0.0875 0.525
vt 0.0875 0.725
vt 0.1 0.725
vt 0.1 0.525
vt 0.0875 0.525
vt 0.1 0.725
vt 0.1 0.525
vt 0.1 0.725
vt 0.1125 0.725
vt 0.1125 0.525
vt 0.1 0.525
vt 0.1125 0.725
vt 0.0125 0.525
vt 0.0125 0.725
vt 0.025 0.725
vt 0.025 0.525
vt 0.0125 0.525
vt 0.025 0.725
vt 0.025 0.525
vt 0.025 0.725
vt 0.0375 0.725
vt 0.0375 0.525
vt 0.025 0.525
vt 0.0375 0.725
vt 0.0375 0.525
vt 0.0375 0.725
vt 0.05 0.725
vt 0.05 0.525
vt 0.0375 0.525
vt 0.05 0.725
vt 0.05 0.525
vt 0.05 0.725
vt 0.0625 0.725
vt 0.0625 0.525
vt 0.05 0.525
vt 0.0625 0.725
vt 0.0625 0.525
vt 0.0625 0.725
vt 0.075 0.725
vt 0.075 0.525
vt 0.0625 0.525
vt 0.075 0.725
vt 0.075 0.525
vt 0.075 0.725
vt 0.0875 0.725
vt 0.0875 0.525
vt 0.075 0.525
vt 0.0875 0.725
vt 0.0875 0.525
vt 0.0875 0.725
vt 0.1 0.725
vt 0.1 0.525
vt 0.0875 0.525
vt 0.1 0.725
vt 0.1 0.525
vt 0.1 0.725
vt 0.1125 0.725
vt 0.1125 0.525
vt 0.1 0.525
vt 0.1125 0.725
vt 0.0125 0.525
vt 0.0125 0.725
vt 0.025 0.525
vt 0.0125 0.725
vt 0.025 0.725
vt 0.025 0.525
vt 0.025 0.525
vt 0.025 0.725
vt 0.0375 0.525
vt 0.025 0.725
vt 0.0375 0.725
vt 0.0375 0.525
vt 0.0375 0.525
vt 0.0375 0.725
vt 0.05 0.525
vt 0.0375 0.725
vt 0.05 0.725
vt 0.05 0.525
vt 0.05 0.525
vt 0.05 0.725
vt 0.0625 0.525
vt 0.05 0.725
vt 0.0625 0.725
vt 0.0625 0.525
vt 0.0625 0.525
vt 0.0625 0.725
vt 0.075 0.525
vt 0.0625 0.725
vt 0.075 0.725
vt 0.075 0.525
vt 0.075 0.525
vt 0.075 0.725
vt 0.0875 0.525
vt 0.075 0.725
vt 0.0875 0.725
vt 0.0875 0.525
vt 0.0875 0.525
vt 0.0875 0.725
vt 0.1 0.525
vt 0.0875 0.725
vt 0.1 0.725
vt 0.1 0.525
vt 0.1 0.525
vt 0.1 0.725
vt 0.1125 0.525
vt 0.1 0.725
vt 0.1125 0.725
vt 0.1125 0.525
vt 0.0125 0.525
vt 0.0125 0.725
vt 0.025 0.525
vt 0.0125 0.725
vt 0.025 0.725
vt 0.025 0.525
vt 0.025 0.525
vt 0.025 0.725
vt 0.0375 0.525
vt 0.025 0.725
vt 0.0375 0.725
vt 0.0375 0.525
vt 0.0375 0.525
vt 0.0375 0.725
vt 0.05 0.525
vt 0.0375 0.725
vt 0.05 0.725
vt 0.05 0.525
vt 0.05 0.525
vt 0.05 0.725
vt 0.0625 0.525
vt 0.05 0.725
vt 0.0625 0.725
vt 0.0625 0.525
vt 0.0625 0.525
vt 0.0625 0.725
vt 0.075 0.525
vt 0.0625 0.725
vt 0.075 0.725
vt 0.075 0.525
vt 0.075 0.525
vt 0.075 0.725
vt 0.0875 0.525
vt 0.075 0.725
vt 0.0875 0.725
vt 0.0875 0.525
vt 0.0875 0.525
vt 0.0875 0.725
vt 0.1 0.525
vt 0.0875 0.725
vt 0.1 0.725
vt 0.1 0.525
vt 0.1 0.525
vt 0.1 0.725
vt 0.1125 0.525
vt 0.1 0.725
vt 0.1125 0.725
vt 0.1125 0.525
vt 0.0125 0.525
vt 0.0125 0.725
vt 0.025 0.525
vt 0.0125 0.725
vt 0.025 0.725
vt 0.025 0.525
vt 0.025 0.525
vt 0.025 0.725
vt 0.0375 0.525
vt 0.025 0.725
vt 0.0375 0.725
vt 0.0375 0.525
vt 0.0375 0.525
vt 0.0375 0.725
vt 0.05 0.525
vt 0.0375 0.725
vt 0.05 0.725
vt 0.05 0.525
vt 0.05 0.525
vt 0.05 0.725
vt 0.0625 0.525
vt 0.05 0.725
vt 0.0625 0.725
vt 0.0625 0.525
vt 0.0625 0.525
vt 0.0625 0.725
vt 0.075 0.525
vt 0.0625 0.725
vt 0.075 0.725
vt 0.075 0.525
vt 0.075 0.525
vt 0.075 0.725
vt 0.0875 0.525
vt 0.075 0.725
vt 0.0875 0.725
vt 0.0875 0.525
vt 0.0875 0.525
vt 0.0875 0.725
vt 0.1 0.525
vt 0.0875 0.725
vt 0.1 0.725
vt 0.1 0.525
vt 0.1 0.525
vt 0.1 0.725
vt 0.1125 0.525
vt 0.1 0.725
vt 0.1125 0.725
vt 0.1125 0.525
vt 0.0125 0.525
vt 0.0125 0.725
vt 0.025 0.525
vt 0.0125 0.725
vt 0.025 0.725
vt 0.025 0.525
vt 0.025 0.525
vt 0.025 0.725
vt 0.0375 0.525
vt 0.025 0.725
vt 0.0375 0.725
vt 0.0375 0.525
vt 0.0375 0.525
vt 0.0375 0.725
vt 0.05 0.525
vt 0.0375 0.725
vt 0.05 0.725
vt 0.05 0.525
vt 0.05 0.525
vt 0.05 0.725
vt 0.0625 0.525
vt 0.05 0.725
vt 0.0625 0.725
vt 0.0625 0.525
vt 0.0625 0.525
vt 0.0625 0.725
vt 0.075 0.525
vt 0.0625 0.725
vt 0.075 0.725
vt 0.075 0.525
vt 0.075 0.525
vt 0.075 0.725
vt 0.0875 0.525
vt 0.075 0.725
vt 0.0875 0.725
vt 0.0875 0.525
vt 0.0875 0.525
vt 0.0875 0.725
vt 0.1 0.525
vt 0.0875 0.725
vt 0.1 0.725
vt 0.1 0.525
vt 0.1 0.525
vt 0.1 0.725
vt 0.1125 0.525
vt 0.1 0.725
vt 0.1125 0.725
vt 0.1125 0.525
vt 0.0125 0.525
vt 0.0125 0.725
vt 0.025 0.725
vt 0.025 0.525
vt 0.0125 0.525
vt 0.025 0.725
vt 0.025 0.525
vt 0.025 0.725
vt 0.0375 0.725
vt 0.0375 0.525
vt 0.025 0.525
vt 0.0375 0.725
vt 0.0375 0.525
vt 0.0375 0.725
vt 0.05 0.725
vt 0.05 0.525
vt 0.0375 0.525
vt 0.05 0.725
vt 0.05 0.525
vt 0.05 0.725
vt 0.0625 0.725
vt 0.0625 0.525
vt 0.05 0.525
vt 0.0625 0.725
vt 0.0625 0.525
vt 0.0625 0.725
vt 0.075 0.725
vt 0.075 0.525
vt 0.0625 0.525
vt 0.075 0.725
vt 0.075 0.525
vt 0.075 0.725
vt 0.0875 0.725
vt 0.0875 0.525
vt 0.075 0.525
vt 0.0875 0.725
vt 0.0875 0.525
vt 0.0875 0.725
vt 0.1 0.725
vt 0.1 0.525
vt 0.0875 0.525
vt 0.1 0.725
vt 0.1 0.525
vt 0.1 0.725
vt 0.1125 0.725
vt 0.1125 0.525
vt 0.1 0.525
vt 0.1125 0.725
vt 0.0125 0.525
vt 0.0125 0.725
vt 0.025 0.725
vt 0.025 0.525
vt 0.0125 0.525
vt 0.025 0.725
vt 0.025 0.525
vt 0.025 0.725
vt 0.0375 0.725
vt 0.0375 0.525
vt 0.025 0.525
vt 0.0375 0.725
vt 0.0375 0.525
vt 0.0375 0.725
vt 0.05 0.725
vt 0.05 0.525
vt 0.0375 0.525
vt 0.05 0.725
vt 0.05 0.525
vt 0.05 0.725
vt 0.0625 0.725
vt 0.0625 0.525
vt 0.05 0.525
vt 0.0625 0.725
vt 0.0625 0.525
vt 0.0625 0.725
vt 0.075 0.725
vt 0.075 0.525
vt 0.0625 0.525
vt 0.075 0.725
vt 0.075 0.525
vt 0.075 0.725
vt 0.0875 0.725
vt 0.0875 0.525
vt 0.075 0.525
vt 0.0875 0.725
vt 0.0875 0.525
vt 0.0875 0.725
vt 0.1 0.725
vt 0.1 0.525
vt 0.0875 0.525
vt 0.1 0.725
vt 0.1 0.525
vt 0.1 0.725
vt 0.1125 0.725
vt 0.1125 0.525
vt 0.1 0.525
vt 0.1125 0.725
vt 0.0125 0.525
vt 0.0125 0.725
vt 0.025 0.725
vt 0.025 0.525
vt 0.0125 0.525
vt 0.025 0.725
vt 0.025 0.525
vt 0.025 0.725
vt 0.0375 0.725
vt 0.0375 0.525
vt 0.025 0.525
vt 0.0375 0.725
vt 0.0375 0.525
vt 0.0375 0.725
vt 0.05 0.725
vt 0.05 0.525
vt 0.0375 0.525
vt 0.05 0.725
vt 0.05 0.525
vt 0.05 0.725
vt 0.0625 0.725
vt 0.0625 0.525
vt 0.05 0.525
vt 0.0625 0.725
vt 0.0625 0.525
vt 0.0625 0.725
vt 0.075 0.725
vt 0.075 0.525
vt 0.0625 0.525
vt 0.075 0.725
vt 0.075 0.525
vt 0.075 0.725
vt 0.0875 0.725
vt 0.0875 0.525
vt 0.075 0.525
vt 0.0875 0.725
vt 0.0875 0.525
vt 0.0875 0.725
vt 0.1 0.725
vt 0.1 0.525
vt 0.0875 0.525
vt 0.1 0.725
vt 0.1 0.525
vt 0.1 0.725
vt 0.1125 0.725
vt 0.1125 0.525
vt 0.1 0.525
vt 0.1125 0.725
vt 0.0125 0.525
vt 0.0125 0.725
vt 0.025 0.725
vt 0.025 0.525
vt 0.0125 0.525
vt 0.025 0.725
vt 0.025 0.525
vt 0.025 0.725
vt 0.0375 0.725
vt 0.0375 0.525
vt 0.025 0.525
vt 0.0375 0.725
vt 0.0375 0.525
vt 0.0375 0.725
vt 0.05 0.725
vt 0.05 0.525
vt 0.0375 0.525
vt 0.05 0.725
vt 0.05 0.525
vt 0.05 0.725
vt 0.0625 0.725
vt 0.0625 0.525
vt 0.05 0.525
vt 0.0625 0.725
vt 0.0625 0.525
vt 0.0625 0.725
vt 0.075 0.725
vt 0.075 0.525
vt 0.0625 0.525
vt 0.075 0.725
vt 0.075 0.525
vt 0.075 0.725
vt 0.0875 0.725
vt 0.0875 0.525
vt 0.075 0.525
vt 0.0875 0.725
vt 0.0875 0.525
vt 0.0875 0.725
vt 0.1 0.725
vt 0.1 0.525
vt 0.0875 0.525
vt 0.1 0.725
vt 0.1 0.525
vt 0.1 0.725
vt 0.1125 0.725
vt 0.1125 0.525
vt 0.1 0.525
vt 0.1125 0.725
vt 0.0125 0.525
vt 0.0125 0.725
vt 0.025 0.525
vt 0.0125 0.725
vt 0.025 0.725
vt 0.025 0.525
vt 0.025 0.525
vt 0.025 0.725
vt 0.0375 0.525
vt 0.025 0.725
vt 0.0375 0.725
vt 0.0375 0.525
vt 0.0375 0.525
vt 0.0375 0.725
vt 0.05 0.525
vt 0.0375 0.725
vt 0.05 0.725
vt 0.05 0.525
vt 0.05 0.525
vt 0.05 0.725
vt 0.0625 0.525
vt 0.05 0.725
vt 0.0625 0.725
vt 0.0625 0.525
vt 0.0625 0.525
vt 0.0625 0.725
vt 0.075 0.525
vt 0.0625 0.725
vt 0.075 0.725
vt 0.075 0.525
vt 0.075 0.525
vt 0.075 0.725
vt 0.0875 0.525
vt 0.075 0.725
vt 0.0875 0.725
vt 0.0875 0.525
vt 0.0875 0.525
vt 0.0875 0.725
vt 0.1 0.525
vt 0.0875 0.725
vt 0.1 0.725
vt 0.1 0.525
vt 0.1 0.525
vt 0.1 0.725
vt 0.1125 0.525
vt 0.1 0.725
vt 0.1125 0.725
vt 0.1125 0.525
vt 0.0125 0.525
vt 0.0125 0.725
vt 0.025 0.525
vt 0.0125 0.725
vt 0.025 0.725
vt 0.025 0.525
vt 0.025 0.525
vt 0.025 0.725
vt 0.0375 0.525
vt 0.025 0.725
vt 0.0375 0.725
vt 0.0375 0.525
vt 0.0375 0.525
vt 0.0375 0.725
vt 0.05 0.525
vt 0.0375 0.725
vt 0.05 0.725
vt 0.05 0.525
vt 0.05 0.525
vt 0.05 0.725
vt 0.0625 0.525
vt 0.05 0.725
vt 0.0625 0.725
vt 0.0625 0.525
vt 0.0625 0.525
vt 0.0625 0.725
vt 0.075 0.525
vt 0.0625 0.725
vt 0.075 0.725
vt 0.075 0.525
vt 0.075 0.525
vt 0.075 0.725
vt 0.0875 0.525
vt 0.075 0.725
vt 0.0875 0.725
vt 0.0875 0.525
vt 0.0875 0.525
vt 0.0875 0.725
vt 0.1 0.525
vt 0.0875 0.725
vt 0.1 0.725
vt 0.1 0.525
vt 0.1 0.525
vt 0.1 0.725
vt 0.1125 0.525
vt 0.1 0.725
vt 0.1125 0.725
vt 0.1125 0.525
vt 0.0125 0.525
vt 0.0125 0.725
vt 0.025 0.525
vt 0.0125 0.725
vt 0.025 0.725
vt 0.025 0.525
vt 0.025 0.525
vt 0.025 0.725
vt 0.0375 0.525
vt 0.025 0.725
vt 0.0375 0.725
vt 0.0375 0.525
vt 0.0375 0.525
vt 0.0375 0.725
vt 0.05 0.525
vt 0.0375 0.725
vt 0.05 0.725
vt 0.05 0.525
vt 0.05 0.525
vt 0.05 0.725
vt 0.0625 0.525
vt 0.05 0.725
vt 0.0625 0.725
vt 0.0625 0.525
vt 0.0625 0.525
vt 0.0625 0.725
vt 0.075 0.525
vt 0.0625 0.725
vt 0.075 0.725
vt 0.075 0.525
vt 0.075 0.525
vt 0.075 0.725
vt 0.0875 0.525
vt 0.075 0.725
vt 0.0875 0.725
vt 0.0875 0.525
vt 0.0875 0.525
vt 0.0875 0.725
vt 0.1 0.525
vt 0.0875 0.725
vt 0.1 0.725
vt 0.1 0.525
vt 0.1 0.525
vt 0.1 0.725
vt 0.1125 0.525
vt 0.1 0.725
vt 0.1125 0.725
vt 0.1125 0.525
vt 0.0125 0.525
vt 0.0125 0.725
vt 0.025 0.525
vt 0.0125 0.725
vt 0.025 0.725
vt 0.025 0.525
vt 0.025 0.525
vt 0.025 0.725
vt 0.0375 0.525
vt 0.025 0.725
vt 0.0375 0.725
vt 0.0375 0.525
vt 0.0375 0.525
vt 0.0375 0.725
vt 0.05 0.525
vt 0.0375 0.725
vt 0.05 0.725
vt 0.05 0.525
vt 0.05 0.525
vt 0.05 0.725
vt 0.0625 0.525
vt 0.05 0.725
vt 0.0625 0.725
vt 0.0625 0.525
vt 0.0625 0.525
vt 0.0625 0.725
vt 0.075 0.525
vt 0.0625 0.725
vt 0.075 0.725
vt 0.075 0.525
vt 0.075 0.525
vt 0.075 0.725
vt 0.0875 0.525
vt 0.075 0.725
vt 0.0875 0.725
vt 0.0875 0.525
vt 0.0875 0.525
vt 0.0875 0.725
vt 0.1 0.525
vt 0.0875 0.725
vt 0.1 0.725
vt 0.1 0.525
vt 0.1 0.525
vt 0.1 0.725
vt 0.1125 0.525
vt 0.1 0.725
vt 0.1125 0.725
vt 0.1125 0.525
vt 0.0125 0.525
vt 0.0125 0.725
vt 0.025 0.725
vt 0.025 0.525
vt 0.0125 0.525
vt 0.025 0.725
vt 0.025 0.525
vt 0.025 0.725
vt 0.0375 0.725
vt 0.0375 0.525
vt 0.025 0.525
vt 0.0375 0.725
vt 0.0375 0.525
vt 0.0375 0.725
vt 0.05 0.725
vt 0.05 0.525
vt 0.0375 0.525
vt 0.05 0.725
vt 0.05 0.525
vt 0.05 0.725
vt 0.0625 0.725
vt 0.0625 0.525
vt 0.05 0.525
vt 0.0625 0.725
vt 0.0625 0.525
vt 0.0625 0.725
vt 0.075 0.725
vt 0.075 0.525
vt 0.0625 0.525
vt 0.075 0.725
vt 0.075 0.525
vt 0.075 0.725
vt 0.0875 0.725
vt 0.0875 0.525
vt 0.075 0.525
vt 0.0875 0.725
vt 0.0875 0.525
vt 0.0875 0.725
vt 0.1 0.725
vt 0.1 0.525
vt 0.0875 0.525
vt 0.1 0.725
vt 0.1 0.525
vt 0.1 0.725
vt 0.1125 0.725
vt 0.1125 0.525
vt 0.1 0.525
vt 0.1125 0.725
vt 0.0125 0.525
vt 0.0125 0.725
vt 0.025 0.725
vt 0.025 0.525
vt 0.0125 0.525
vt 0.025 0.725
vt 0.025 0.525
vt 0.025 0.725
vt 0.0375 0.725
vt 0.0375 0.525
vt 0.025 0.525
vt 0.0375 0.725
vt 0.0375 0.525
vt 0.0375 0.725
vt 0.05 0.725
vt 0.05 0.525
vt 0.0375 0.525
vt 0.05 0.725
vt 0.05 0.525
vt 0.05 0.725
vt 0.0625 0.725
vt 0.0625 0.525
vt 0.05 0.525
vt 0.0625 0.725
vt 0.0625 0.525
vt 0.0625 0.725
vt 0.075 0.725
vt 0.075 0.525
vt 0.0625 0.525
vt 0.075 0.725
vt 0.075 0.525
vt 0.075 0.725
vt 0.0875 0.725
vt 0.0875 0.525
vt 0.075 0.525
vt 0.0875 0.725
vt 0.0875 0.525
vt 0.0875 0.725
vt 0.1 0.725
vt 0.1 0.525
vt 0.0875 0.525
vt 0.1 0.725
vt 0.1 0.525
vt 0.1 0.725
vt 0.1125 0.725
vt 0.1125 0.525
vt 0.1 0.525
vt 0.1125 0.725
vt 0.0125 0.525
vt 0.0125 0.725
vt 0.025 0.725
vt 0.025 0.525
vt 0.0125 0.525
vt 0.025 0.725
vt 0.025 0.525
vt 0.025 0.725
vt 0.0375 0.725
vt 0.0375 0.525
vt 0.025 0.525
vt 0.0375 0.725
vt 0.0375 0.525
vt 0.0375 0.725
vt 0.05 0.725
vt 0.05 0.525
vt 0.0375 0.525
vt 0.05 0.725
vt 0.05 0.525
vt 0.05 0.725
vt 0.0625 0.725
vt 0.0625 0.525
vt 0.05 0.525
vt 0.0625 0.725
vt 0.0625 0.525
vt 0.0625 0.725
vt 0.075 0.725
vt 0.075 0.525
vt 0.0625 0.525
vt 0.075 0.725
vt 0.075 0.525
vt 0.075 0.725
vt 0.0875 0.725
vt 0.0875 0.525
vt 0.075 0.525
vt 0.0875 0.725
vt 0.0875 0.525
vt 0.0875 0.725
vt 0.1 0.725
vt 0.1 0.525
vt 0.0875 0.525
vt 0.1 0.725
vt 0.1 0.525
vt 0.1 0.725
vt 0.1125 0.725
vt 0.1125 0.525
vt 0.1 0.525
vt 0.1125 0.725
vt 0.0125 0.525
vt 0.0125 0.725
vt 0.025 0.725
vt 0.025 0.525
vt 0.0125 0.525
vt 0.025 0.725
vt 0.025 0.525
vt 0.025 0.725
vt 0.0375 0.725
vt 0.0375 0.525
vt 0.025 0.525
vt 0.0375 0.725
vt 0.0375 0.525
vt 0.0375 0.725
vt 0.05 0.725
vt 0.05 0.525
vt 0.0375 0.525
vt 0.05 0.725
vt 0.05 0.525
vt 0.05 0.725
vt 0.0625 0.725
vt 0.0625 0.525
vt 0.05 0.525
vt 0.0625 0.725
vt 0.0625 0.525
vt 0.0625 0.725
vt 0.075 0.725
vt 0.075 0.525
vt 0.0625 0.525
vt 0.075 0.725
vt 0.075 0.525
vt 0.075 0.725
vt 0.0875 0.725
vt 0.0875 0.525
vt 0.075 0.525
vt 0.0875 0.725
vt 0.0875 0.525
vt 0.0875 0.725
vt 0.1 0.725
vt 0.1 0.525
vt 0.0875 0.525
vt 0.1 0.725
vt 0.1 0.525
vt 0.1 0.725
vt 0.1125 0.725
vt 0.1125 0.525
vt 0.1 0.525
vt 0.1125 0.725
vt 0.0125 0.525
vt 0.0125 0.725
vt 0.025 0.525
vt 0.0125 0.725
vt 0.025 0.725
vt 0.025 0.525
vt 0.025 0.525
vt 0.025 0.725
vt 0.0375 0.525
vt 0.025 0.725
vt 0.0375 0.725
vt 0.0375 0.525
vt 0.0375 0.525
vt 0.0375 0.725
vt 0.05 0.525
vt 0.0375 0.725
vt 0.05 0.725
vt 0.05 0.525
vt 0.05 0.525
vt 0.05 0.725
vt 0.0625 0.525
vt 0.05 0.725
vt 0.0625 0.725
vt 0.0625 0.525
vt 0.0625 0.525
vt 0.0625 0.725
vt 0.075 0.525
vt 0.0625 0.725
vt 0.075 0.725
vt 0.075 0.525
vt 0.075 0.525
vt 0.075 0.725
vt 0.0875 0.525
vt 0.075 0.725
vt 0.0875 0.725
vt 0.0875 0.525
vt 0.0875 0.525
vt 0.0875 0.725
vt 0.1 0.525
vt 0.0875 0.725
vt 0.1 0.725
vt 0.1 0.525
vt 0.1 0.525
vt 0.1 0.725
vt 0.1125 0.525
vt 0.1 0.725
vt 0.1125 0.725
vt 0.1125 0.525
vt 0.0125 0.525
vt 0.0125 0.725
vt 0.025 0.525
vt 0.0125 0.725
vt 0.025 0.725
vt 0.025 0.525
vt 0.025 0.525
vt 0.025 0.725
vt 0.0375 0.525
vt 0.025 0.725
vt 0.0375 0.725
vt 0.0375 0.525
vt 0.0375 0.525
vt 0.0375 0.725
vt 0.05 0.525
vt 0.0375 0.725
vt 0.05 0.725
vt 0.05 0.525
vt 0.05 0.525
vt 0.05 0.725
vt 0.0625 0.525
vt 0.05 0.725
vt 0.0625 0.725
vt 0.0625 0.525
vt 0.0625 0.525
vt 0.0625 0.725
vt 0.075 0.525
vt 0.0625 0.725
vt 0.075 0.725
vt 0.075 0.525
vt 0.075 0.525
vt 0.075 0.725
vt 0.0875 0.525
vt 0.075 0.725
vt 0.0875 0.725
vt 0.0875 0.525
vt 0.0875 0.525
vt 0.0875 0.725
vt 0.1 0.525
vt 0.0875 0.725
vt 0.1 0.725
vt 0.1 0.525
vt 0.1 0.525
vt 0.1 0.725
vt 0.1125 0.525
vt 0.1 0.725
vt 0.1125 0.725
vt 0.1125 0.525
vt 0.0125 0.525
vt 0.0125 0.725
vt 0.025 0.525
vt 0.0125 0.725
vt 0.025 0.725
vt 0.025 0.525
vt 0.025 0.525
vt 0.025 0.725
vt 0.0375 0.525
vt 0.025 0.725
vt 0.0375 0.725
vt 0.0375 0.525
vt 0.0375 0.525
vt 0.0375 0.725
vt 0.05 0.525
vt 0.0375 0.725
vt 0.05 0.725
vt 0.05 0.525
vt 0.05 0.525
vt 0.05 0.725
vt 0.0625 0.525
vt 0.05 0.725
vt 0.0625 0.725
vt 0.0625 0.525
vt 0.0625 0.525
vt 0.0625 0.725
vt 0.075 0.525
vt 0.0625 0.725
vt 0.075 0.725
vt 0.075 0.525
vt 0.075 0.525
vt 0.075 0.725
vt 0.0875 0.525
vt 0.075 0.725
vt 0.0875 0.725
vt 0.0875 0.525
vt 0.0875 0.525
vt 0.0875 0.725
vt 0.1 0.525
vt 0.0875 0.725
vt 0.1 0.725
vt 0.1 0.525
vt 0.1 0.525
vt 0.1 0.725
vt 0.1125 0.525
vt 0.1 0.725
vt 0.1125 0.725
vt 0.1125 0.525
vt 0.0125 0.525
vt 0.0125 0.725
vt 0.025 0.525
vt 0.0125 0.725
vt 0.025 0.725
vt 0.025 0.525
vt 0.025 0.525
vt 0.025 0.725
vt 0.0375 0.525
vt 0.025 0.725
vt 0.0375 0.725
vt 0.0375 0.525
vt 0.0375 0.525
vt 0.0375 0.725
vt 0.05 0.525
vt 0.0375 0.725
vt 0.05 0.725
vt 0.05 0.525
vt 0.05 0.525
vt 0.05 0.725
vt 0.0625 0.525
vt 0.05 0.725
vt 0.0625 0.725
vt 0.0625 0.525
vt 0.0625 0.525
vt 0.0625 0.725
vt 0.075 0.525
vt 0.0625 0.725
vt 0.075 0.725
vt 0.075 0.525
vt 0.075 0.525
vt 0.075 0.725
vt 0.0875 0.525
vt 0.075 0.725
vt 0.0875 0.725
vt 0.0875 0.525
vt 0.0875 0.525
vt 0.0875 0.725
vt 0.1 0.525
vt 0.0875 0.725
vt 0.1 0.725
vt 0.1 0.525
vt 0.1 0.525
vt 0.1 0.725
vt 0.1125 0.525
vt 0.1 0.725
vt 0.1125 0.725
vt 0.1125 0.525
vt 0.0125 0.525
vt 0.0125 0.725
vt 0.025 0.725
vt 0.025 0.525
vt 0.0125 0.525
vt 0.025 0.725
vt 0.025 0.525
vt 0.025 0.725
vt 0.0375 0.725
vt 0.0375 0.525
vt 0.025 0.525
vt 0.0375 0.725
vt 0.0375 0.525
vt 0.0375 0.725
vt 0.05 0.725
vt 0.05 0.525
vt 0.0375 0.525
vt 0.05 0.725
vt 0.05 0.525
vt 0.05 0.725
vt 0.0625 0.725
vt 0.0625 0.525
vt 0.05 0.525
vt 0.0625 0.725
vt 0.0625 0.525
vt 0.0625 0.725
vt 0.075 0.725
vt 0.075 0.525
vt 0.0625 0.525
vt 0.075 0.725
vt 0.075 0.525
vt 0.075 0.725
vt 0.0875 0.725
vt 0.0875 0.525
vt 0.075 0.525
vt 0.0875 0.725
vt 0.0875 0.525
vt 0.0875 0.725
vt 0.1 0.725
vt 0.1 0.525
vt 0.0875 0.525
vt 0.1 0.725
vt 0.1 0.525
vt 0.1 0.725
vt 0.1125 0.725
vt 0.1125 0.525
vt 0.1 0.525
vt 0.1125 0.725
vt 0.0125 0.525
vt 0.0125 0.725
vt 0.025 0.725
vt 0.025 0.525
vt 0.0125 0.525
vt 0.025 0.725
vt 0.025 0.525
vt 0.025 0.725
vt 0.0375 0.725
vt 0.0375 0.525
vt 0.025 0.525
vt 0.0375 0.725
vt 0.0375 0.525
vt 0.0375 0.725
vt 0.05 0.725
vt 0.05 0.525
vt 0.0375 0.525
vt 0.05 0.725
vt 0.05 0.525
vt 0.05 0.725
vt 0.0625 0.725
vt 0.0625 0.525
vt 0.05 0.525
vt 0.0625 0.725
vt 0.0625 0.525
vt 0.0625 0.725
vt 0.075 0.725
vt 0.075 0.525
vt 0.0625 0.525
vt 0.075 0.725
vt 0.075 0.525
vt 0.075 0.725
vt 0.0875 0.725
vt 0.0875 0.525
vt 0.075 0.525
vt 0.0875 0.725
vt 0.0875 0.525
vt 0.0875 0.725
vt 0.1 0.725
vt 0.1 0.525
vt 0.0875 0.525
vt 0.1 0.725
vt 0.1 0.525
vt 0.1 0.725
vt 0.1125 0.725
vt 0.1125 0.525
vt 0.1 0.525
vt 0.1125 0.725
vt 0.0125 0.525
vt 0.0125 0.725
vt 0.025 0.725
vt 0.025 0.525
vt 0.0125 0.525
vt 0.025 0.725
vt 0.025 0.525
vt 0.025 0.725
vt 0.0375 0.725
vt 0.0375 0.525
vt 0.025 0.525
vt 0.0375 0.725
vt 0.0375 0.525
vt 0.0375 0.725
vt 0.05 0.725
vt 0.05 0.525
vt 0.0375 0.525
vt 0.05 0.725
vt 0.05 0.525
vt 0.05 0.725
vt 0.0625 0.725
vt 0.0625 0.525
vt 0.05 0.525
vt 0.0625 0.725
vt 0.0625 0.525
vt 0.0625 0.725
vt 0.075 0.725
vt 0.075 0.525
vt 0.0625 0.525
vt 0.075 0.725
vt 0.075 0.525
vt 0.075 0.725
vt 0.0875 0.725
vt 0.0875 0.525
vt 0.075 0.525
vt 0.0875 0.725
vt 0.0875 0.525
vt 0.0875 0.725
vt 0.1 0.725
vt 0.1 0.525
vt 0.0875 0.525
vt 0.1 0.725
vt 0.1 0.525
vt 0.1 0.725
vt 0.1125 0.725
vt 0.1125 0.525
vt 0.1 0.525
vt 0.1125 0.725
vt 0.0125 0.525
vt 0.0125 0.725
vt 0.025 0.725
vt 0.025 0.525
vt 0.0125 0.525
vt 0.025 0.725
vt 0.025 0.525
vt 0.025 0.725
vt 0.0375 0.725
vt 0.0375 0.525
vt 0.025 0.525
vt 0.0375 0.725
vt 0.0375 0.525
vt 0.0375 0.725
vt 0.05 0.725
vt 0.05 0.525
vt 0.0375 0.525
vt 0.05 0.725
vt 0.05 0.525
vt 0.05 0.725
vt 0.0625 0.725
vt 0.0625 0.525
vt 0.05 0.525
vt 0.0625 0.725
vt 0.0625 0.525
vt 0.0625 0.725
vt 0.075 0.725
vt 0.075 0.525
vt 0.0625 0.525
vt 0.075 0.725
vt 0.075 0.525
vt 0.075 0.725
vt 0.0875 0.725
vt 0.0875 0.525
vt 0.075 0.525
vt 0.0875 0.725
vt 0.0875 0.525
vt 0.0875 0.725
vt 0.1 0.725
vt 0.1 0.525
vt 0.0875 0.525
vt 0.1 0.725
vt 0.1 0.525
vt 0.1 0.725
vt 0.1125 0.725
vt 0.1125 0.525
vt 0.1 0.525
vt 0.1125 0.725
vt 0.0125 0.525
vt 0.0125 0.725
vt 0.025 0.525
vt 0.0125 0.725
vt 0.025 0.725
vt 0.025 0.525
vt 0.025 0.525
vt 0.025 0.725
vt 0.0375 0.525
vt 0.025 0.725
vt 0.0375 0.725
vt 0.0375 0.525
vt 0.0375 0.525
vt 0.0375 0.725
vt 0.05 0.525
vt 0.0375 0.725
vt 0.05 0.725
vt 0.05 0.525
vt 0.05 0.525
vt 0.05 0.725
vt 0.0625 0.525
vt 0.05 0.725
vt 0.0625 0.725
vt 0.0625 0.525
vt 0.0625 0.525
vt 0.0625 0.725
vt 0.075 0.525
vt 0.0625 0.725
vt 0.075 0.725
vt 0.075 0.525
vt 0.075 0.525
vt 0.075 0.725
vt 0.0875 0.525
vt 0.075 0.725
vt 0.0875 0.725
vt 0.0875 0.525
vt 0.0875 0.525
vt 0.0875 0.725
vt 0.1 0.525
vt 0.0875 0.725
vt 0.1 0.725
vt 0.1 0.525
vt 0.1 0.525
vt 0.1 0.725
vt 0.1125 0.525
vt 0.1 0.725
vt 0.1125 0.725
vt 0.1125 0.525
vt 0.0125 0.525
vt 0.0125 0.725
vt 0.025 0.525
vt 0.0125 0.725
vt 0.025 0.725
vt 0.025 0.525
vt 0.025 0.525
vt 0.025 0.725
vt 0.0375 0.525
vt 0.025 0.725
vt 0.0375 0.725
vt 0.0375 0.525
vt 0.0375 0.525
vt 0.0375 0.725
vt 0.05 0.525
vt 0.0375 0.725
vt 0.05 0.725
vt 0.05 0.525
vt 0.05 0.525
vt 0.05 0.725
vt 0.0625 0.525
vt 0.05 0.725
vt 0.0625 0.725
vt 0.0625 0.525
vt 0.0625 0.525
vt 0.0625 0.725
vt 0.075 0.525
vt 0.0625 0.725
vt 0.075 0.725
vt 0.075 0.525
vt 0.075 0.525
vt 0.075 0.725
vt 0.0875 0.525
vt 0.075 0.725
vt 0.0875 0.725
vt 0.0875 0.525
vt 0.0875 0.525
vt 0.0875 0.725
vt 0.1 0.525
vt 0.0875 0.725
vt 0.1 0.725
vt 0.1 0.525
vt 0.1 0.525
vt 0.1 0.725
vt 0.1125 0.525
vt 0.1 0.725
vt 0.1125 0.725
vt 0.1125 0.525
vt 0.0125 0.525
vt 0.0125 0.725
vt 0.025 0.525
vt 0.0125 0.725
vt 0.025 0.725
vt 0.025 0.525
vt 0.025 0.525
vt 0.025 0.725
vt 0.0375 0.525
vt 0.025 0.725
vt 0.0375 0.725
vt 0.0375 0.525
vt 0.0375 0.525
vt 0.0375 0.725
vt 0.05 0.525
vt 0.0375 0.725
vt 0.05 0.725
vt 0.05 0.525
vt 0.05 0.525
vt 0.05 0.725
vt 0.0625 0.525
vt 0.05 0.725
vt 0.0625 0.725
vt 0.0625 0.525
vt 0.0625 0.525
vt 0.0625 0.725
vt 0.075 0.525
vt 0.0625 0.725
vt 0.075 0.725
vt 0.075 0.525
vt 0.075 0.525
vt 0.075 0.725
vt 0.0875 0.525
vt 0.075 0.725
vt 0.0875 0.725
vt 0.0875 0.525
vt 0.0875 0.525
vt 0.0875 0.725
vt 0.1 0.525
vt 0.0875 0.725
vt 0.1 0.725
vt 0.1 0.525
vt 0.1 0.525
vt 0.1 0.725
vt 0.1125 0.525
vt 0.1 0.725
vt 0.1125 0.725
vt 0.1125 0.525
vt 0.0125 0.525
vt 0.0125 0.725
vt 0.025 0.525
vt 0.0125 0.725
vt 0.025 0.725
vt 0.025 0.525
vt 0.025 0.525
vt 0.025 0.725
vt 0.0375 0.525
vt 0.025 0.725
vt 0.0375 0.725
vt 0.0375 0.525
vt 0.0375 0.525
vt 0.0375 0.725
vt 0.05 0.525
vt 0.0375 0.725
vt 0.05 0.725
vt 0.05 0.525
vt 0.05 0.525
vt 0.05 0.725
vt 0.0625 0.525
vt 0.05 0.725
vt 0.0625 0.725
vt 0.0625 0.525
vt 0.0625 0.525
vt 0.0625 0.725
vt 0.075 0.525
vt 0.0625 0.725
vt 0.075 0.725
vt 0.075 0.525
vt 0.075 0.525
vt 0.075 0.725
vt 0.0875 0.525
vt 0.075 0.725
vt 0.0875 0.725
vt 0.0875 0.525
vt 0.0875 0.525
vt 0.0875 0.725
vt 0.1 0.525
vt 0.0875 0.725
vt 0.1 0.725
vt 0.1 0.525
vt 0.1 0.525
vt 0.1 0.725
vt 0.1125 0.525
vt 0.1 0.725
vt 0.1125 0.725
vt 0.1125 0.525
vt 0.0125 0.525
vt 0.0125 0.725
vt 0.025 0.725
vt 0.025 0.525
vt 0.0125 0.525
vt 0.025 0.725
vt 0.025 0.525
vt 0.025 0.725
vt 0.0375 0.725
vt 0.0375 0.525
vt 0.025 0.525
vt 0.0375 0.725
vt 0.0375 0.525
vt 0.0375 0.725
vt 0.05 0.725
vt 0.05 0.525
vt 0.0375 0.525
vt 0.05 0.725
vt 0.05 0.525
vt 0.05 0.725
vt 0.0625 0.725
vt 0.0625 0.525
vt 0.05 0.525
vt 0.0625 0.725
vt 0.0625 0.525
vt 0.0625 0.725
vt 0.075 0.725
vt 0.075 0.525
vt 0.0625 0.525
vt 0.075 0.725
vt 0.075 0.525
vt 0.075 0.725
vt 0.0875 0.725
vt 0.0875 0.525
vt 0.075 0.525
vt 0.0875 0.725
vt 0.0875 0.525
vt 0.0875 0.725
vt 0.1 0.725
vt 0.1 0.525
vt 0.0875 0.525
vt 0.1 0.725
vt 0.1 0.525
vt 0.1 0.725
vt 0.1125 0.725
vt 0.1125 0.525
vt 0.1 0.525
vt 0.1125 0.725
vt 0.0125 0.525
vt 0.0125 0.725
vt 0.025 0.725
vt 0.025 0.525
vt 0.0125 0.525
vt 0.025 0.725
vt 0.025 0.525
vt 0.025 0.725
vt 0.0375 0.725
vt 0.0375 0.525
vt 0.025 0.525
vt 0.0375 0.725
vt 0.0375 0.525
vt 0.0375 0.725
vt 0.05 0.725
vt 0.05 0.525
vt 0.0375 0.525
vt 0.05 0.725
vt 0.05 0.525
vt 0.05 0.725
vt 0.0625 0.725
vt 0.0625 0.525
vt 0.05 0.525
vt 0.0625 0.725
vt 0.0625 0.525
vt 0.0625 0.725
vt 0.075 0.725
vt 0.075 0.525
vt 0.0625 0.525
vt 0.075 0.725
vt 0.075 0.525
vt 0.075 0.725
vt 0.0875 0.725
vt 0.0875 0.525
vt 0.075 0.525
vt 0.0875 0.725
vt 0.0875 0.525
vt 0.0875 0.725
vt 0.1 0.725
vt 0.1 0.525
vt 0.0875 0.525
vt 0.1 0.725
vt 0.1 0.525
vt 0.1 0.725
vt 0.1125 0.725
vt 0.1125 0.525
vt 0.1 0.525
vt 0.1125 0.725
vt 0.0125 0.525
vt 0.0125 0.725
vt 0.025 0.725
vt 0.025 0.525
vt 0.0125 0.525
vt 0.025 0.725
vt 0.025 0.525
vt 0.025 0.725
vt 0.0375 0.725
vt 0.0375 0.525
vt 0.025 0.525
vt 0.0375 0.725
vt 0.0375 0.525
vt 0.0375 0.725
vt 0.05 0.725
vt 0.05 0.525
vt 0.0375 0.525
vt 0.05 0.725
vt 0.05 0.525
vt 0.05 0.725
vt 0.0625 0.725
vt 0.0625 0.525
vt 0.05 0.525
vt 0.0625 0.725
vt 0.0625 0.525
vt 0.0625 0.725
vt 0.075 0.725
vt 0.075 0.525
vt 0.0625 0.525
vt 0.075 0.725
vt 0.075 0.525
vt 0.075 0.725
vt 0.0875 0.725
vt 0.0875 0.525
vt 0.075 0.525
vt 0.0875 0.725
vt 0.0875 0.525
vt 0.0875 0.725
vt 0.1 0.725
vt 0.1 0.525
vt 0.0875 0.525
vt 0.1 0.725
vt 0.1 0.525
vt 0.1 0.725
vt 0.1125 0.725
vt 0.1125 0.525
vt 0.1 0.525
vt 0.1125 0.725
vt 0.0125 0.525
vt 0.0125 0.725
vt 0.025 0.725
vt 0.025 0.525
vt 0.0125 0.525
vt 0.025 0.725
vt 0.025 0.525
vt 0.025 0.725
vt 0.0375 0.725
vt 0.0375 0.525
vt 0.025 0.525
vt 0.0375 0.725
vt 0.0375 0.525
vt 0.0375 0.725
vt 0.05 0.725
vt 0.05 0.525
vt 0.0375 0.525
vt 0.05 0.725
vt 0.05 0.525
vt 0.05 0.725
vt 0.0625 0.725
vt 0.0625 0.525
vt 0.05 0.525
vt 0.0625 0.725
vt 0.0625 0.525
vt 0.0625 0.725
vt 0.075 0.725
vt 0.075 0.525
vt 0.0625 0.525
vt 0.075 0.725
vt 0.075 0.525
vt 0.075 0.725
vt 0.0875 0.725
vt 0.0875 0.525
vt 0.075 0.525
vt 0.0875 0.725
vt 0.0875 0.525
vt 0.0875 0.725
vt 0.1 0.725
vt 0.1 0.525
vt 0.0875 0.525
vt 0.1 0.725
vt 0.1 0.525
vt 0.1 0.725
vt 0.1125 0.725
vt 0.1125 0.525
vt 0.1 0.525
vt 0.1125 0.725
vt 0.0125 0.525
vt 0.0125 0.725
vt 0.025 0.525
vt 0.0125 0.725
vt 0.025 0.725
vt 0.025 0.525
vt 0.025 0.525
vt 0.025 0.725
vt 0.0375 0.525
vt 0.025 0.725
vt 0.0375 0.725
vt 0.0375 0.525
vt 0.0375 0.525
vt 0.0375 0.725
vt 0.05 0.525
vt 0.0375 0.725
vt 0.05 0.725
vt 0.05 0.525
vt 0.05 0.525
vt 0.05 0.725
vt 0.0625 0.525
vt 0.05 0.725
vt 0.0625 0.725
vt 0.0625 0.525
vt 0.0625 0.525
vt 0.0625 0.725
vt 0.075 0.525
vt 0.0625 0.725
vt 0.075 0.725
vt 0.075 0.525
vt 0.075 0.525
vt 0.075 0.725
vt 0.0875 0.525
vt 0.075 0.725
vt 0.0875 0.725
vt 0.0875 0.525
vt 0.0875 0.525
vt 0.0875 0.725
vt 0.1 0.525
vt 0.0875 0.725
vt 0.1 0.725
vt 0.1 0.525
vt 0.1 0.525
vt 0.1 0.725
vt 0.1125 0.525
vt 0.1 0.725
vt 0.1125 0.725
vt 0.1125 0.525
vt 0.0125 0.525
vt 0.0125 0.725
vt 0.025 0.525
vt 0.0125 0.725
vt 0.025 0.725
vt 0.025 0.525
vt 0.025 0.525
vt 0.025 0.725
vt 0.0375 0.525
vt 0.025 0.725
vt 0.0375 0.725
vt 0.0375 0.525
vt 0.0375 0.525
vt 0.0375 0.725
vt 0.05 0.525
vt 0.0375 0.725
vt 0.05 0.725
vt 0.05 0.525
vt 0.05 0.525
vt 0.05 0.725
vt 0.0625 0.525
vt 0.05 0.725
vt 0.0625 0.725
vt 0.0625 0.525
vt 0.0625 0.525
vt 0.0625 0.725
vt 0.075 0.525
vt 0.0625 0.725
vt 0.075 0.725
vt 0.075 0.525
vt 0.075 0.525
vt 0.075 0.725
vt 0.0875 0.525
vt 0.075 0.725
vt 0.0875 0.725
vt 0.0875 0.525
vt 0.0875 0.525
vt 0.0875 0.725
vt 0.1 0.525
vt 0.0875 0.725
vt 0.1 0.725
vt 0.1 0.525
vt 0.1 0.525
vt 0.1 0.725
vt 0.1125 0.525
vt 0.1 0.725
vt 0.1125 0.725
vt 0.1125 0.525
vt 0.0125 0.525
vt 0.0125 0.725
vt 0.025 0.525
vt 0.0125 0.725
vt 0.025 0.725
vt 0.025 0.525
vt 0.025 0.525
vt 0.025 0.725
vt 0.0375 0.525
vt 0.025 0.725
vt 0.0375 0.725
vt 0.0375 0.525
vt 0.0375 0.525
vt 0.0375 0.725
vt 0.05 0.525
vt 0.0375 0.725
vt 0.05 0.725
vt 0.05 0.525
vt 0.05 0.525
vt 0.05 0.725
vt 0.0625 0.525
vt 0.05 0.725
vt 0.0625 0.725
vt 0.0625 0.525
vt 0.0625 0.525
vt 0.0625 0.725
vt 0.075 0.525
vt 0.0625 0.725
vt 0.075 0.725
vt 0.075 0.525
vt 0.075 0.525
vt 0.075 0.725
vt 0.0875 0.525
vt 0.075 0.725
vt 0.0875 0.725
vt 0.0875 0.525
vt 0.0875 0.525
vt 0.0875 0.725
vt 0.1 0.525
vt 0.0875 0.725
vt 0.1 0.725
vt 0.1 0.525
vt 0.1 0.525
vt 0.1 0.725
vt 0.1125 0.525
vt 0.1 0.725
vt 0.1125 0.725
vt 0.1125 0.525
vt 0.0125 0.525
vt 0.0125 0.725
vt 0.025 0.525
vt 0.0125 0.725
vt 0.025 0.725
vt 0.025 0.525
vt 0.025 0.525
vt 0.025 0.725
vt 0.0375 0.525
vt 0.025 0.725
vt 0.0375 0.725
vt 0.0375 0.525
vt 0.0375 0.525
vt 0.0375 0.725
vt 0.05 0.525
vt 0.0375 0.725
vt 0.05 0.725
vt 0.05 0.525
vt 0.05 0.525
vt 0.05 0.725
vt 0.0625 0.525
vt 0.05 0.725
vt 0.0625 0.725
vt 0.0625 0.525
vt 0.0625 0.525
vt 0.0625 0.725
vt 0.075 0.525
vt 0.0625 0.725
vt 0.075 0.725
vt 0.075 0.525
vt 0.075 0.525
vt 0.075 0.725
vt 0.0875 0.525
vt 0.075 0.725
vt 0.0875 0.725
vt 0.0875 0.525
vt 0.0875 0.525
vt 0.0875 0.725
vt 0.1 0.525
vt 0.0875 0.725
vt 0.1 0.725
vt 0.1 0.525
vt 0.1 0.525
vt 0.1 0.725
vt 0.1125 0.525
vt 0.1 0.725
vt 0.1125 0.725
vt 0.1125 0.525
vt 0.0125 0.525
vt 0.0125 0.725
vt 0.025 0.725
vt 0.025 0.525
vt 0.0125 0.525
vt 0.025 0.725
vt 0.025 0.525
vt 0.025 0.725
vt 0.0375 0.725
vt 0.0375 0.525
vt 0.025 0.525
vt 0.0375 0.725
vt 0.0375 0.525
vt 0.0375 0.725
vt 0.05 0.725
vt 0.05 0.525
vt 0.0375 0.525
vt 0.05 0.725
vt 0.05 0.525
vt 0.05 0.725
vt 0.0625 0.725
vt 0.0625 0.525
vt 0.05 0.525
vt 0.0625 0.725
vt 0.0625 0.525
vt 0.0625 0.725
vt 0.075 0.725
vt 0.075 0.525
vt 0.0625 0.525
vt 0.075 0.725
vt 0.075 0.525
vt 0.075 0.725
vt 0.0875 0.725
vt 0.0875 0.525
vt 0.075 0.525
vt 0.0875 0.725
vt 0.0875 0.525
vt 0.0875 0.725
vt 0.1 0.725
vt 0.1 0.525
vt 0.0875 0.525
vt 0.1 0.725
vt 0.1 0.525
vt 0.1 0.725
vt 0.1125 0.725
vt 0.1125 0.525
vt 0.1 0.525
vt 0.1125 0.725
vt 0.0125 0.525
vt 0.0125 0.725
vt 0.025 0.725
vt 0.025 0.525
vt 0.0125 0.525
vt 0.025 0.725
vt 0.025 0.525
vt 0.025 0.725
vt 0.0375 0.725
vt 0.0375 0.525
vt 0.025 0.525
vt 0.0375 0.725
vt 0.0375 0.525
vt 0.0375 0.725
vt 0.05 0.725
vt 0.05 0.525
vt 0.0375 0.525
vt 0.05 0.725
vt 0.05 0.525
vt 0.05 0.725
vt 0.0625 0.725
vt 0.0625 0.525
vt 0.05 0.525
vt 0.0625 0.725
vt 0.0625 0.525
vt 0.0625 0.725
vt 0.075 0.725
vt 0.075 0.525
vt 0.0625 0.525
vt 0.075 0.725
vt 0.075 0.525
vt 0.075 0.725
vt 0.0875 0.725
vt 0.0875 0.525
vt 0.075 0.525
vt 0.0875 0.725
vt 0.0875 0.525
vt 0.0875 0.725
vt 0.1 0.725
vt 0.1 0.525
vt 0.0875 0.525
vt 0.1 0.725
vt 0.1 0.525
vt 0.1 0.725
vt 0.1125 0.725
vt 0.1125 0.525
vt 0.1 0.525
vt 0.1125 0.725
vt 0.0125 0.525
vt 0.0125 0.725
vt 0.025 0.725
vt 0.025 0.525
vt 0.0125 0.525
vt 0.025 0.725
vt 0.025 0.525
vt 0.025 0.725
vt 0.0375 0.725
vt 0.0375 0.525
vt 0.025 0.525
vt 0.0375 0.725
vt 0.0375 0.525
vt 0.0375 0.725
vt 0.05 0.725
vt 0.05 0.525
vt 0.0375 0.525
vt 0.05 0.725
vt 0.05 0.525
vt 0.05 0.725
vt 0.0625 0.725
vt 0.0625 0.525
vt 0.05 0.525
vt 0.0625 0.725
vt 0.0625 0.525
vt 0.0625 0.725
vt 0.075 0.725
vt 0.075 0.525
vt 0.0625 0.525
vt 0.075 0.725
vt 0.075 0.525
vt 0.075 0.725
vt 0.0875 0.725
vt 0.0875 0.525
vt 0.075 0.525
vt 0.0875 0.725
vt 0.0875 0.525
vt 0.0875 0.725
vt 0.1 0.725
vt 0.1 0.525
vt 0.0875 0.525
vt 0.1 0.725
vt 0.1 0.525
vt 0.1 0.725
vt 0.1125 0.725
vt 0.1125 0.525
vt 0.1 0.525
vt 0.1125 0.725
vt 0.0125 0.525
vt 0.0125 0.725
vt 0.025 0.725
vt 0.025 0.525
vt 0.0125 0.525
vt 0.025 0.725
vt 0.025 0.525
vt 0.025 0.725
vt 0.0375 0.725
vt 0.0375 0.525
vt 0.025 0.525
vt 0.0375 0.725
vt 0.0375 0.525
vt 0.0375 0.725
vt 0.05 0.725
vt 0.05 0.525
vt 0.0375 0.525
vt 0.05 0.725
vt 0.05 0.525
vt 0.05 0.725
vt 0.0625 0.725
vt 0.0625 0.525
vt 0.05 0.525
vt 0.0625 0.725
vt 0.0625 0.525
vt 0.0625 0.725
vt 0.075 0.725
vt 0.075 0.525
vt 0.0625 0.525
vt 0.075 0.725
vt 0.075 0.525
vt 0.075 0.725
vt 0.0875 0.725
vt 0.0875 0.525
vt 0.075 0.525
vt 0.0875 0.725
vt 0.0875 0.525
vt 0.0875 0.725
vt 0.1 0.725
vt 0.1 0.525
vt 0.0875 0.525
vt 0.1 0.725
vt 0.1 0.525
vt 0.1 0.725
vt 0.1125 0.725
vt 0.1125 0.525
vt 0.1 0.525
vt 0.1125 0.725
vt 0.0125 0.525
vt 0.0125 0.725
vt 0.025 0.525
vt 0.0125 0.725
vt 0.025 0.725
vt 0.025 0.525
vt 0.025 0.525
vt 0.025 0.725
vt 0.0375 0.525
vt 0.025 0.725
vt 0.0375 0.725
vt 0.0375 0.525
vt 0.0375 0.525
vt 0.0375 0.725
vt 0.05 0.525
vt 0.0375 0.725
vt 0.05 0.725
vt 0.05 0.525
vt 0.05 0.525
vt 0.05 0.725
vt 0.0625 0.525
vt 0.05 0.725
vt 0.0625 0.725
vt 0.0625 0.525
vt 0.0625 0.525
vt 0.0625 0.725
vt 0.075 0.525
vt 0.0625 0.725
vt 0.075 0.725
vt 0.075 0.525
vt 0.075 0.525
vt 0.075 0.725
vt 0.0875 0.525
vt 0.075 0.725
vt 0.0875 0.725
vt 0.0875 0.525
vt 0.0875 0.525
vt 0.0875 0.725
vt 0.1 0.525
vt 0.0875 0.725
vt 0.1 0.725
vt 0.1 0.525
vt 0.1 0.525
vt 0.1 0.725
vt 0.1125 0.525
vt 0.1 0.725
vt 0.1125 0.725
vt 0.1125 0.525
vt 0.0125 0.525
vt 0.0125 0.725
vt 0.025 0.525
vt 0.0125 0.725
vt 0.025 0.725
vt 0.025 0.525
vt 0.025 0.525
vt 0.025 0.725
vt 0.0375 0.525
vt 0.025 0.725
vt 0.0375 0.725
vt 0.0375 0.525
vt 0.0375 0.525
vt 0.0375 0.725
vt 0.05 0.525
vt 0.0375 0.725
vt 0.05 0.725
vt 0.05 0.525
vt 0.05 0.525
vt 0.05 0.725
vt 0.0625 0.525
vt 0.05 0.725
vt 0.0625 0.725
vt 0.0625 0.525
vt 0.0625 0.525
vt 0.0625 0.725
vt 0.075 0.525
vt 0.0625 0.725
vt 0.075 0.725
vt 0.075 0.525
vt 0.075 0.525
vt 0.075 0.725
vt 0.0875 0.525
vt 0.075 0.725
vt 0.0875 0.725
vt 0.0875 0.525
vt 0.0875 0.525
vt 0.0875 0.725
vt 0.1 0.525
vt 0.0875 0.725
vt 0.1 0.725
vt 0.1 0.525
vt 0.1 0.525
vt 0.1 0.725
vt 0.1125 0.525
vt 0.1 0.725
vt 0.1125 0.725
vt 0.1125 0.525
vt 0.0125 0.525
vt 0.0125 0.725
vt 0.025 0.525
vt 0.0125 0.725
vt 0.025 0.725
vt 0.025 0.525
vt 0.025 0.525
vt 0.025 0.725
vt 0.0375 0.525
vt 0.025 0.725
vt 0.0375 0.725
vt 0.0375 0.525
vt 0.0375 0.525
vt 0.0375 0.725
vt 0.05 0.525
vt 0.0375 0.725
vt 0.05 0.725
vt 0.05 0.525
vt 0.05 0.525
vt 0.05 0.725
vt 0.0625 0.525
vt 0.05 0.725
vt 0.0625 0.725
vt 0.0625 0.525
vt 0.0625 0.525
vt 0.0625 0.725
vt 0.075 0.525
vt 0.0625 0.725
vt 0.075 0.725
vt 0.075 0.525
vt 0.075 0.525
vt 0.075 0.725
vt 0.0875 0.525
vt 0.075 0.725
vt 0.0875 0.725
vt 0.0875 0.525
vt 0.0875 0.525
vt 0.0875 0.725
vt 0.1 0.525
vt 0.0875 0.725
vt 0.1 0.725
vt 0.1 0.525
vt 0.1 0.525
vt 0.1 0.725
vt 0.1125 0.525
vt 0.1 0.725
vt 0.1125 0.725
vt 0.1125 0.525
vt 0.0125 0.525
vt 0.0125 0.725
vt 0.025 0.525
vt 0.0125 0.725
vt 0.025 0.725
vt 0.025 0.525
vt 0.025 0.525
vt 0.025 0.725
vt 0.0375 0.525
vt 0.025 0.725
vt 0.0375 0.725
vt 0.0375 0.525
vt 0.0375 0.525
vt 0.0375 0.725
vt 0.05 0.525
vt 0.0375 0.725
vt 0.05 0.725
vt 0.05 0.525
vt 0.05 0.525
vt 0.05 0.725
vt 0.0625 0.525
vt 0.05 0.725
vt 0.0625 0.725
vt 0.0625 0.525
vt 0.0625 0.525
vt 0.0625 0.725
vt 0.075 0.525
vt 0.0625 0.725
vt 0.075 0.725
vt 0.075 0.525
vt 0.075 0.525
vt 0.075 0.725
vt 0.0875 0.525
vt 0.075 0.725
vt 0.0875 0.725
vt 0.0875 0.525
vt 0.0875 0.525
vt 0.0875 0.725
vt 0.1 0.525
vt 0.0875 0.725
vt 0.1 0.725
vt 0.1 0.525
vt 0.1 0.525
vt 0.1 0.725
vt 0.1125 0.525
vt 0.1 0.725
vt 0.1125 0.725
vt 0.1125 0.525
vt 0.0125 0.525
vt 0.0125 0.725
vt 0.025 0.725
vt 0.025 0.525
vt 0.0125 0.525
vt 0.025 0.725
vt 0.025 0.525
vt 0.025 0.725
vt 0.0375 0.725
vt 0.0375 0.525
vt 0.025 0.525
vt 0.0375 0.725
vt 0.0375 0.525
vt 0.0375 0.725
vt 0.05 0.725
vt 0.05 0.525
vt 0.0375 0.525
vt 0.05 0.725
vt 0.05 0.525
vt 0.05 0.725
vt 0.0625 0.725
vt 0.0625 0.525
vt 0.05 0.525
vt 0.0625 0.725
vt 0.0625 0.525
vt 0.0625 0.725
vt 0.075 0.725
vt 0.075 0.525
vt 0.0625 0.525
vt 0.075 0.725
vt 0.075 0.525
vt 0.075 0.725
vt 0.0875 0.725
vt 0.0875 0.525
vt 0.075 0.525
vt 0.0875 0.725
vt 0.0875 0.525
vt 0.0875 0.725
vt 0.1 0.725
vt 0.1 0.525
vt 0.0875 0.525
vt 0.1 0.725
vt 0.1 0.525
vt 0.1 0.725
vt 0.1125 0.725
vt 0.1125 0.525
vt 0.1 0.525
vt 0.1125 0.725
vt 0.0125 0.525
vt 0.0125 0.725
vt 0.025 0.725
vt 0.025 0.525
vt 0.0125 0.525
vt 0.025 0.725
vt 0.025 0.525
vt 0.025 0.725
vt 0.0375 0.725
vt 0.0375 0.525
vt 0.025 0.525
vt 0.0375 0.725
vt 0.0375 0.525
vt 0.0375 0.725
vt 0.05 0.725
vt 0.05 0.525
vt 0.0375 0.525
vt 0.05 0.725
vt 0.05 0.525
vt 0.05 0.725
vt 0.0625 0.725
vt 0.0625 0.525
vt 0.05 0.525
vt 0.0625 0.725
vt 0.0625 0.525
vt 0.0625 0.725
vt 0.075 0.725
vt 0.075 0.525
vt 0.0625 0.525
vt 0.075 0.725
vt 0.075 0.525
vt 0.075 0.725
vt 0.0875 0.725
vt 0.0875 0.525
vt 0.075 0.525
vt 0.0875 0.725
vt 0.0875 0.525
vt 0.0875 0.725
vt 0.1 0.725
vt 0.1 0.525
vt 0.0875 0.525
vt 0.1 0.725
vt 0.1 0.525
vt 0.1 0.725
vt 0.1125 0.725
vt 0.1125 0.525
vt 0.1 0.525
vt 0.1125 0.725
vt 0.0125 0.525
vt 0.0125 0.725
vt 0.025 0.725
vt 0.025 0.525
vt 0.0125 0.525
vt 0.025 0.725
vt 0.025 0.525
vt 0.025 0.725
vt 0.0375 0.725
vt 0.0375 0.525
vt 0.025 0.525
vt 0.0375 0.725
vt 0.0375 0.525
vt 0.0375 0.725
vt 0.05 0.725
vt 0.05 0.525
vt 0.0375 0.525
vt 0.05 0.725
vt 0.05 0.525
vt 0.05 0.725
vt 0.0625 0.725
vt 0.0625 0.525
vt 0.05 0.525
vt 0.0625 0.725
vt 0.0625 0.525
vt 0.0625 0.725
vt 0.075 0.725
vt 0.075 0.525
vt 0.0625 0.525
vt 0.075 0.725
vt 0.075 0.525
vt 0.075 0.725
vt 0.0875 0.725
vt 0.0875 0.525
vt 0.075 0.525
vt 0.0875 0.725
vt 0.0875 0.525
vt 0.0875 0.725
vt 0.1 0.725
vt 0.1 0.525
vt 0.0875 0.525
vt 0.1 0.725
vt 0.1 0.525
vt 0.1 0.725
vt 0.1125 0.725
vt 0.1125 0.525
vt 0.1 0.525
vt 0.1125 0.725
vt 0.0125 0.525
vt 0.0125 0.725
vt 0.025 0.725
vt 0.025 0.525
vt 0.0125 0.525
vt 0.025 0.725
vt 0.025 0.525
vt 0.025 0.725
vt 0.0375 0.725
vt 0.0375 0.525
vt 0.025 0.525
vt 0.0375 0.725
vt 0.0375 0.525
vt 0.0375 0.725
vt 0.05 0.725
vt 0.05 0.525
vt 0.0375 0.525
vt 0.05 0.725
vt 0.05 0.525
vt 0.05 0.725
vt 0.0625 0.725
vt 0.0625 0.525
vt 0.05 0.525
vt 0.0625 0.725
vt 0.0625 0.525
vt 0.0625 0.725
vt 0.075 0.725
vt 0.075 0.525
vt 0.0625 0.525
vt 0.075 0.725
vt 0.075 0.525
vt 0.075 0.725
vt 0.0875 0.725
vt 0.0875 0.525
vt 0.075 0.525
vt 0.0875 0.725
vt 0.0875 0.525
vt 0.0875 0.725
vt 0.1 0.725
vt 0.1 0.525
vt 0.0875 0.525
vt 0.1 0.725
vt 0.1 0.525
vt 0.1 0.725
vt 0.1125 0.725
vt 0.1125 0.525
vt 0.1 0.525
vt 0.1125 0.725
vt 0.0125 0.525
vt 0.0125 0.725
vt 0.025 0.525
vt 0.0125 0.725
vt 0.025 0.725
vt 0.025 0.525
vt 0.025 0.525
vt 0.025 0.725
vt 0.0375 0.525
vt 0.025 0.725
vt 0.0375 0.725
vt 0.0375 0.525
vt 0.0375 0.525
vt 0.0375 0.725
vt 0.05 0.525
vt 0.0375 0.725
vt 0.05 0.725
vt 0.05 0.525
vt 0.05 0.525
vt 0.05 0.725
vt 0.0625 0.525
vt 0.05 0.725
vt 0.0625 0.725
vt 0.0625 0.525
vt 0.0625 0.525
vt 0.0625 0.725
vt 0.075 0.525
vt 0.0625 0.725
vt 0.075 0.725
vt 0.075 0.525
vt 0.075 0.525
vt 0.075 0.725
vt 0.0875 0.525
vt 0.075 0.725
vt 0.0875 0.725
vt 0.0875 0.525
vt 0.0875 0.525
vt 0.0875 0.725
vt 0.1 0.525
vt 0.0875 0.725
vt 0.1 0.725
vt 0.1 0.525
vt 0.1 0.525
vt 0.1 0.725
vt 0.1125 0.525
vt 0.1 0.725
vt 0.1125 0.725
vt 0.1125 0.525
vt 0.0125 0.525
vt 0.0125 0.725
vt 0.025 0.525
vt 0.0125 0.725
vt 0.025 0.725
vt 0.025 0.525
vt 0.025 0.525
vt 0.025 0.725
vt 0.0375 0.525
vt 0.025 0.725
vt 0.0375 0.725
vt 0.0375 0.525
vt 0.0375 0.525
vt 0.0375 0.725
vt 0.05 0.525
vt 0.0375 0.725
vt 0.05 0.725
vt 0.05 0.525
vt 0.05 0.525
vt 0.05 0.725
vt 0.0625 0.525
vt 0.05 0.725
vt 0.0625 0.725
vt 0.0625 0.525
vt 0.0625 0.525
vt 0.0625 0.725
vt 0.075 0.525
vt 0.0625 0.725
vt 0.075 0.725
vt 0.075 0.525
vt 0.075 0.525
vt 0.075 0.725
vt 0.0875 0.525
vt 0.075 0.725
vt 0.0875 0.725
vt 0.0875 0.525
vt 0.0875 0.525
vt 0.0875 0.725
vt 0.1 0.525
vt 0.0875 0.725
vt 0.1 0.725
vt 0.1 0.525
vt 0.1 0.525
vt 0.1 0.725
vt 0.1125 0.525
vt 0.1 0.725
vt 0.1125 0.725
vt 0.1125 0.525
vt 0.0125 0.525
vt 0.0125 0.725
vt 0.025 0.525
vt 0.0125 0.725
vt 0.025 0.725
vt 0.025 0.525
vt 0.025 0.525
vt 0.025 0.725
vt 0.0375 0.525
vt 0.025 0.725
vt 0.0375 0.725
vt 0.0375 0.525
vt 0.0375 0.525
vt 0.0375 0.725
vt 0.05 0.525
vt 0.0375 0.725
vt 0.05 0.725
vt 0.05 0.525
vt 0.05 0.525
vt 0.05 0.725
vt 0.0625 0.525
vt 0.05 0.725
vt 0.0625 0.725
vt 0.0625 0.525
vt 0.0625 0.525
vt 0.0625 0.725
vt 0.075 0.525
vt 0.0625 0.725
vt 0.075 0.725
vt 0.075 0.525
vt 0.075 0.525
vt 0.075 0.725
vt 0.0875 0.525
vt 0.075 0.725
vt 0.0875 0.725
vt 0.0875 0.525
vt 0.0875 0.525
vt 0.0875 0.725
vt 0.1 0.525
vt 0.0875 0.725
vt 0.1 0.725
vt 0.1 0.525
vt 0.1 0.525
vt 0.1 0.725
vt 0.1125 0.525
vt 0.1 0.725
vt 0.1125 0.725
vt 0.1125 0.525
vt 0.0125 0.525
vt 0.0125 0.725
vt 0.025 0.525
vt 0.0125 0.725
vt 0.025 0.725
vt 0.025 0.525
vt 0.025 0.525
vt 0.025 0.725
vt 0.0375 0.525
vt 0.025 0.725
vt 0.0375 0.725
vt 0.0375 0.525
vt 0.0375 0.525
vt 0.0375 0.725
vt 0.05 0.525
vt 0.0375 0.725
vt 0.05 0.725
vt 0.05 0.525
vt 0.05 0.525
vt 0.05 0.725
vt 0.0625 0.525
vt 0.05 0.725
vt 0.0625 0.725
vt 0.0625 0.525
vt 0.0625 0.525
vt 0.0625 0.725
vt 0.075 0.525
vt 0.0625 0.725
vt 0.075 0.725
vt 0.075 0.525
vt 0.075 0.525
vt 0.075 0.725
vt 0.0875 0.525
vt 0.075 0.725
vt 0.0875 0.725
vt 0.0875 0.525
vt 0.0875 0.525
vt 0.0875 0.725
vt 0.1 0.525
vt 0.0875 0.725
vt 0.1 0.725
vt 0.1 0.525
vt 0.1 0.525
vt 0.1 0.725
vt 0.1125 0.525
vt 0.1 0.725
vt 0.1125 0.725
vt 0.1125 0.525
vt 0.0125 0.525
vt 0.0125 0.725
vt 0.025 0.725
vt 0.025 0.525
vt 0.0125 0.525
vt 0.025 0.725
vt 0.025 0.525
vt 0.025 0.725
vt 0.0375 0.725
vt 0.0375 0.525
vt 0.025 0.525
vt 0.0375 0.725
vt 0.0375 0.525
vt 0.0375 0.725
vt 0.05 0.725
vt 0.05 0.525
vt 0.0375 0.525
vt 0.05 0.725
vt 0.05 0.525
vt 0.05 0.725
vt 0.0625 0.725
vt 0.0625 0.525
vt 0.05 0.525
vt 0.0625 0.725
vt 0.0625 0.525
vt 0.0625 0.725
vt 0.075 0.725
vt 0.075 0.525
vt 0.0625 0.525
vt 0.075 0.725
vt 0.075 0.525
vt 0.075 0.725
vt 0.0875 0.725
vt 0.0875 0.525
vt 0.075 0.525
vt 0.0875 0.725
vt 0.0875 0.525
vt 0.0875 0.725
vt 0.1 0.725
vt 0.1 0.525
vt 0.0875 0.525
vt 0.1 0.725
vt 0.1 0.525
vt 0.1 0.725
vt 0.1125 0.725
vt 0.1125 0.525
vt 0.1 0.525
vt 0.1125 0.725
vt 0.0125 0.525
vt 0.0125 0.725
vt 0.025 0.725
vt 0.025 0.525
vt 0.0125 0.525
vt 0.025 0.725
vt 0.025 0.525
vt 0.025 0.725
vt 0.0375 0.725
vt 0.0375 0.525
vt 0.025 0.525
vt 0.0375 0.725
vt 0.0375 0.525
vt 0.0375 0.725
vt 0.05 0.725
vt 0.05 0.525
vt 0.0375 0.525
vt 0.05 0.725
vt 0.05 0.525
vt 0.05 0.725
vt 0.0625 0.725
vt 0.0625 0.525
vt 0.05 0.525
vt 0.0625 0.725
vt 0.0625 0.525
vt 0.0625 0.725
vt 0.075 0.725
vt 0.075 0.525
vt 0.0625 0.525
vt 0.075 0.725
vt 0.075 0.525
vt 0.075 0.725
vt 0.0875 0.725
vt 0.0875 0.525
vt 0.075 0.525
vt 0.0875 0.725
vt 0.0875 0.525
vt 0.0875 0.725
vt 0.1 0.725
vt 0.1 0.525
vt 0.0875 0.525
vt 0.1 0.725
vt 0.1 0.525
vt 0.1 0.725
vt 0.1125 0.725
vt 0.1125 0.525
vt 0.1 0.525
vt 0.1125 0.725
vt 0.0125 0.525
vt 0.0125 0.725
vt 0.025 0.725
vt 0.025 0.525
vt 0.0125 0.525
vt 0.025 0.725
vt 0.025 0.525
vt 0.025 0.725
vt 0.0375 0.725
vt 0.0375 0.525
vt 0.025 0.525
vt 0.0375 0.725
vt 0.0375 0.525
vt 0.0375 0.725
vt 0.05 0.725
vt 0.05 0.525
vt 0.0375 0.525
vt 0.05 0.725
vt 0.05 0.525
vt 0.05 0.725
vt 0.0625 0.725
vt 0.0625 0.525
vt 0.05 0.525
vt 0.0625 0.725
vt 0.0625 0.525
vt 0.0625 0.725
vt 0.075 0.725
vt 0.075 0.525
vt 0.0625 0.525
vt 0.075 0.725
vt 0.075 0.525
vt 0.075 0.725
vt 0.0875 0.725
vt 0.0875 0.525
vt 0.075 0.525
vt 0.0875 0.725
vt 0.0875 0.525
vt 0.0875 0.725
vt 0.1 0.725
vt 0.1 0.525
vt 0.0875 0.525
vt 0.1 0.725
vt 0.1 0.525
vt 0.1 0.725
vt 0.1125 0.725
vt 0.1125 0.525
vt 0.1 0.525
vt 0.1125 0.725
vt 0.0125 0.525
vt 0.0125 0.725
vt 0.025 0.725
vt 0.025 0.525
vt 0.0125 0.525
vt 0.025 0.725
vt 0.025 0.525
vt 0.025 0.725
vt 0.0375 0.725
vt 0.0375 0.525
vt 0.025 0.525
vt 0.0375 0.725
vt 0.0375 0.525
vt 0.0375 0.725
vt 0.05 0.725
vt 0.05 0.525
vt 0.0375 0.525
vt 0.05 0.725
vt 0.05 0.525
vt 0.05 0.725
vt 0.0625 0.725
vt 0.0625 0.525
vt 0.05 0.525
vt 0.0625 0.725
vt 0.0625 0.525
vt 0.0625 0.725
vt 0.075 0.725
vt 0.075 0.525
vt 0.0625 0.525
vt 0.075 0.725
vt 0.075 0.525
vt 0.075 0.725
vt 0.0875 0.725
vt 0.0875 0.525
vt 0.075 0.525
vt 0.0875 0.725
vt 0.0875 0.525
vt 0.0875 0.725
vt 0.1 0.725
vt 0.1 0.525
vt 0.0875 0.525
vt 0.1 0.725
vt 0.1 0.525
vt 0.1 0.725
vt 0.1125 0.725
vt 0.1125 0.525
vt 0.1 0.525
vt 0.1125 0.725
vt 0.0125 0.525
vt 0.0125 0.725
vt 0.025 0.525
vt 0.0125 0.725
vt 0.025 0.725
vt 0.025 0.525
vt 0.025 0.525
vt 0.025 0.725
vt 0.0375 0.525
vt 0.025 0.725
vt 0.0375 0.725
vt 0.0375 0.525
vt 0.0375 0.525
vt 0.0375 0.725
vt 0.05 0.525
vt 0.0375 0.725
vt 0.05 0.725
vt 0.05 0.525
vt 0.05 0.525
vt 0.05 0.725
vt 0.0625 0.525
vt 0.05 0.725
vt 0.0625 0.725
vt 0.0625 0.525
vt 0.0625 0.525
vt 0.0625 0.725
vt 0.075 0.525
vt 0.0625 0.725
vt 0.075 0.725
vt 0.075 0.525
vt 0.075 0.525
vt 0.075 0.725
vt 0.0875 0.525
vt 0.075 0.725
vt 0.0875 0.725
vt 0.0875 0.525
vt 0.0875 0.525
vt 0.0875 0.725
vt 0.1 0.525
vt 0.0875 0.725
vt 0.1 0.725
vt 0.1 0.525
vt 0.1 0.525
vt 0.1 0.725
vt 0.1125 0.525
vt 0.1 0.725
vt 0.1125 0.725
vt 0.1125 0.525
vt 0.0125 0.525
vt 0.0125 0.725
vt 0.025 0.525
vt 0.0125 0.725
vt 0.025 0.725
vt 0.025 0.525
vt 0.025 0.525
vt 0.025 0.725
vt 0.0375 0.525
vt 0.025 0.725
vt 0.0375 0.725
vt 0.0375 0.525
vt 0.0375 0.525
vt 0.0375 0.725
vt 0.05 0.525
vt 0.0375 0.725
vt 0.05 0.725
vt 0.05 0.525
vt 0.05 0.525
vt 0.05 0.725
vt 0.0625 0.525
vt 0.05 0.725
vt 0.0625 0.725
vt 0.0625 0.525
vt 0.0625 0.525
vt 0.0625 0.725
vt 0.075 0.525
vt 0.0625 0.725
vt 0.075 0.725
vt 0.075 0.525
vt 0.075 0.525
vt 0.075 0.725
vt 0.0875 0.525
vt 0.075 0.725
vt 0.0875 0.725
vt 0.0875 0.525
vt 0.0875 0.525
vt 0.0875 0.725
vt 0.1 0.525
vt 0.0875 0.725
vt 0.1 0.725
vt 0.1 0.525
vt 0.1 0.525
vt 0.1 0.725
vt 0.1125 0.525
vt 0.1 0.725
vt 0.1125 0.725
vt 0.1125 0.525
vt 0.0125 0.525
vt 0.0125 0.725
vt 0.025 0.525
vt 0.0125 0.725
vt 0.025 0.725
vt 0.025 0.525
vt 0.025 0.525
vt 0.025 0.725
vt 0.0375 0.525
vt 0.025 0.725
vt 0.0375 0.725
vt 0.0375 0.525
vt 0.0375 0.525
vt 0.0375 0.725
vt 0.05 0.525
vt 0.0375 0.725
vt 0.05 0.725
vt 0.05 0.525
vt 0.05 0.525
vt 0.05 0.725
vt 0.0625 0.525
vt 0.05 0.725
vt 0.0625 0.725
vt 0.0625 0.525
vt 0.0625 0.525
vt 0.0625 0.725
vt 0.075 0.525
vt 0.0625 0.725
vt 0.075 0.725
vt 0.075 0.525
vt 0.075 0.525
vt 0.075 0.725
vt 0.0875 0.525
vt 0.075 0.725
vt 0.0875 0.725
vt 0.0875 0.525
vt 0.0875 0.525
vt 0.0875 0.725
vt 0.1 0.525
vt 0.0875 0.725
vt 0.1 0.725
vt 0.1 0.525
vt 0.1 0.525
vt 0.1 0.725
vt 0.1125 0.525
vt 0.1 0.725
vt 0.1125 0.725
vt 0.1125 0.525
vt 0.0125 0.525
vt 0.0125 0.725
vt 0.025 0.525
vt 0.0125 0.725
vt 0.025 0.725
vt 0.025 0.525
vt 0.025 0.525
vt 0.025 0.725
vt 0.0375 0.525
vt 0.025 0.725
vt 0.0375 0.725
vt 0.0375 0.525
vt 0.0375 0.525
vt 0.0375 0.725
vt 0.05 0.525
vt 0.0375 0.725
vt 0.05 0.725
vt 0.05 0.525
vt 0.05 0.525
vt 0.05 0.725
vt 0.0625 0.525
vt 0.05 0.725
vt 0.0625 0.725
vt 0.0625 0.525
vt 0.0625 0.525
vt 0.0625 0.725
vt 0.075 0.525
vt 0.0625 0.725
vt 0.075 0.725
vt 0.075 0.525
vt 0.075 0.525
vt 0.075 0.725
vt 0.0875 0.525
vt 0.075 0.725
vt 0.0875 0.725
vt 0.0875 0.525
vt 0.0875 0.525
vt 0.0875 0.725
vt 0.1 0.525
vt 0.0875 0.725
vt 0.1 0.725
vt 0.1 0.525
vt 0.1 0.525
vt 0.1 0.725
vt 0.1125 0.525
vt 0.1 0.725
vt 0.1125 0.725
vt 0.1125 0.525
vt 0.0125 0.525
vt 0.0125 0.725
vt 0.025 0.725
vt 0.025 0.525
vt 0.0125 0.525
vt 0.025 0.725
vt 0.025 0.525
vt 0.025 0.725
vt 0.0375 0.725
vt 0.0375 0.525
vt 0.025 0.525
vt 0.0375 0.725
vt 0.0375 0.525
vt 0.0375 0.725
vt 0.05 0.725
vt 0.05 0.525
vt 0.0375 0.525
vt 0.05 0.725
vt 0.05 0.525
vt 0.05 0.725
vt 0.0625 0.725
vt 0.0625 0.525
vt 0.05 0.525
vt 0.0625 0.725
vt 0.0625 0.525
vt 0.0625 0.725
vt 0.075 0.725
vt 0.075 0.525
vt 0.0625 0.525
vt 0.075 0.725
vt 0.075 0.525
vt 0.075 0.725
vt 0.0875 0.725
vt 0.0875 0.525
vt 0.075 0.525
vt 0.0875 0.725
vt 0.0875 0.525
vt 0.0875 0.725
vt 0.1 0.725
vt 0.1 0.525
vt 0.0875 0.525
vt 0.1 0.725
vt 0.1 0.525
vt 0.1 0.725
vt 0.1125 0.725
vt 0.1125 0.525
vt 0.1 0.525
vt 0.1125 0.725
vt 0.0125 0.525
vt 0.0125 0.725
vt 0.025 0.725
vt 0.025 0.525
vt 0.0125 0.525
vt 0.025 0.725
vt 0.025 0.525
vt 0.025 0.725
vt 0.0375 0.725
vt 0.0375 0.525
vt 0.025 0.525
vt 0.0375 0.725
vt 0.0375 0.525
vt 0.0375 0.725
vt 0.05 0.725
vt 0.05 0.525
vt 0.0375 0.525
vt 0.05 0.725
vt 0.05 0.525
vt 0.05 0.725
vt 0.0625 0.725
vt 0.0625 0.525
vt 0.05 0.525
vt 0.0625 0.725
vt 0.0625 0.525
vt 0.0625 0.725
vt 0.075 0.725
vt 0.075 0.525
vt 0.0625 0.525
vt 0.075 0.725
vt 0.075 0.525
vt 0.075 0.725
vt 0.0875 0.725
vt 0.0875 0.525
vt 0.075 0.525
vt 0.0875 0.725
vt 0.0875 0.525
vt 0.0875 0.725
vt 0.1 0.725
vt 0.1 0.525
vt 0.0875 0.525
vt 0.1 0.725
vt 0.1 0.525
vt 0.1 0.725
vt 0.1125 0.725
vt 0.1125 0.525
vt 0.1 0.525
vt 0.1125 0.725
vt 0.0125 0.525
vt 0.0125 0.725
vt 0.025 0.725
vt 0.025 0.525
vt 0.0125 0.525
vt 0.025 0.725
vt 0.025 0.525
vt 0.025 0.725
vt 0.0375 0.725
vt 0.0375 0.525
vt 0.025 0.525
vt 0.0375 0.725
vt 0.0375 0.525
vt 0.0375 0.725
vt 0.05 0.725
vt 0.05 0.525
vt 0.0375 0.525
vt 0.05 0.725
vt 0.05 0.525
vt 0.05 0.725
vt 0.0625 0.725
vt 0.0625 0.525
vt 0.05 0.525
vt 0.0625 0.725
vt 0.0625 0.525
vt 0.0625 0.725
vt 0.075 0.725
vt 0.075 0.525
vt 0.0625 0.525
vt 0.075 0.725
vt 0.075 0.525
vt 0.075 0.725
vt 0.0875 0.725
vt 0.0875 0.525
vt 0.075 0.525
vt 0.0875 0.725
vt 0.0875 0.525
vt 0.0875 0.725
vt 0.1 0.725
vt 0.1 0.525
vt 0.0875 0.525
vt 0.1 0.725
vt 0.1 0.525
vt 0.1 0.725
vt 0.1125 0.725
vt 0.1125 0.525
vt 0.1 0.525
vt 0.1125 0.725
vt 0.0125 0.525
vt 0.0125 0.725
vt 0.025 0.725
vt 0.025 0.525
vt 0.0125 0.525
vt 0.025 0.725
vt 0.025 0.525
vt 0.025 0.725
vt 0.0375 0.725
vt 0.0375 0.525
vt 0.025 0.525
vt 0.0375 0.725
vt 0.0375 0.525
vt 0.0375 0.725
vt 0.05 0.725
vt 0.05 0.525
vt 0.0375 0.525
vt 0.05 0.725
vt 0.05 0.525
vt 0.05 0.725
vt 0.0625 0.725
vt 0.0625 0.525
vt 0.05 0.525
vt 0.0625 0.725
vt 0.0625 0.525
vt 0.0625 0.725
vt 0.075 0.725
vt 0.075 0.525
vt 0.0625 0.525
vt 0.075 0.725
vt 0.075 0.525
vt 0.075 0.725
vt 0.0875 0.725
vt 0.0875 0.525
vt 0.075 0.525
vt 0.0875 0.725
vt 0.0875 0.525
vt 0.0875 0.725
vt 0.1 0.725
vt 0.1 0.525
vt 0.0875 0.525
vt 0.1 0.725
vt 0.1 0.525
vt 0.1 0.725
vt 0.1125 0.725
vt 0.1125 0.525
vt 0.1 0.525
vt 0.1125 0.725
vt 0.0125 0.525
vt 0.0125 0.725
vt 0.025 0.525
vt 0.0125 0.725
vt 0.025 0.725
vt 0.025 0.525
vt 0.025 0.525
vt 0.025 0.725
vt 0.0375 0.525
vt 0.025 0.725
vt 0.0375 0.725
vt 0.0375 0.525
vt 0.0375 0.525
vt 0.0375 0.725
vt 0.05 0.525
vt 0.0375 0.725
vt 0.05 0.725
vt 0.05 0.525
vt 0.05 0.525
vt 0.05 0.725
vt 0.0625 0.525
vt 0.05 0.725
vt 0.0625 0.725
vt 0.0625 0.525
vt 0.0625 0.525
vt 0.0625 0.725
vt 0.075 0.525
vt 0.0625 0.725
vt 0.075 0.725
vt 0.075 0.525
vt 0.075 0.525
vt 0.075 0.725
vt 0.0875 0.525
vt 0.075 0.725
vt 0.0875 0.725
vt 0.0875 0.525
vt 0.0875 0.525
vt 0.0875 0.725
vt 0.1 0.525
vt 0.0875 0.725
vt 0.1 0.725
vt 0.1 0.525
vt 0.1 0.525
vt 0.1 0.725
vt 0.1125 0.525
vt 0.1 0.725
vt 0.1125 0.725
vt 0.1125 0.525
vt 0.0125 0.525
vt 0.0125 0.725
vt 0.025 0.525
vt 0.0125 0.725
vt 0.025 0.725
vt 0.025 0.525
vt 0.025 0.525
vt 0.025 0.725
vt 0.0375 0.525
vt 0.025 0.725
vt 0.0375 0.725
vt 0.0375 0.525
vt 0.0375 0.525
vt 0.0375 0.725
vt 0.05 0.525
vt 0.0375 0.725
vt 0.05 0.725
vt 0.05 0.525
vt 0.05 0.525
vt 0.05 0.725
vt 0.0625 0.525
vt 0.05 0.725
vt 0.0625 0.725
vt 0.0625 0.525
vt 0.0625 0.525
vt 0.0625 0.725
vt 0.075 0.525
vt 0.0625 0.725
vt 0.075 0.725
vt 0.075 0.525
vt 0.075 0.525
vt 0.075 0.725
vt 0.0875 0.525
vt 0.075 0.725
vt 0.0875 0.725
vt 0.0875 0.525
vt 0.0875 0.525
vt 0.0875 0.725
vt 0.1 0.525
vt 0.0875 0.725
vt 0.1 0.725
vt 0.1 0.525
vt 0.1 0.525
vt 0.1 0.725
vt 0.1125 0.525
vt 0.1 0.725
vt 0.1125 0.725
vt 0.1125 0.525
vt 0.0125 0.525
vt 0.0125 0.725
vt 0.025 0.525
vt 0.0125 0.725
vt 0.025 0.725
vt 0.025 0.525
vt 0.025 0.525
vt 0.025 0.725
vt 0.0375 0.525
vt 0.025 0.725
vt 0.0375 0.725
vt 0.0375 0.525
vt 0.0375 0.525
vt 0.0375 0.725
vt 0.05 0.525
vt 0.0375 0.725
vt 0.05 0.725
vt 0.05 0.525
vt 0.05 0.525
vt 0.05 0.725
vt 0.0625 0.525
vt 0.05 0.725
vt 0.0625 0.725
vt 0.0625 0.525
vt 0.0625 0.525
vt 0.0625 0.725
vt 0.075 0.525
vt 0.0625 0.725
vt 0.075 0.725
vt 0.075 0.525
vt 0.075 0.525
vt 0.075 0.725
vt 0.0875 0.525
vt 0.075 0.725
vt 0.0875 0.725
vt 0.0875 0.525
vt 0.0875 0.525
vt 0.0875 0.725
vt 0.1 0.525
vt 0.0875 0.725
vt 0.1 0.725
vt 0.1 0.525
vt 0.1 0.525
vt 0.1 0.725
vt 0.1125 0.525
vt 0.1 0.725
vt 0.1125 0.725
vt 0.1125 0.525
vt 0.0125 0.525
vt 0.0125 0.725
vt 0.025 0.525
vt 0.0125 0.725
vt 0.025 0.725
vt 0.025 0.525
vt 0.025 0.525
vt 0.025 0.725
vt 0.0375 0.525
vt 0.025 0.725
vt 0.0375 0.725
vt 0.0375 0.525
vt 0.0375 0.525
vt 0.0375 0.725
vt 0.05 0.525
vt 0.0375 0.725
vt 0.05 0.725
vt 0.05 0.525
vt 0.05 0.525
vt 0.05 0.725
vt 0.0625 0.525
vt 0.05 0.725
vt 0.0625 0.725
vt 0.0625 0.525
vt 0.0625 0.525
vt 0.0625 0.725
vt 0.075 0.525
vt 0.0625 0.725
vt 0.075 0.725
vt 0.075 0.525
vt 0.075 0.525
vt 0.075 0.725
vt 0.0875 0.525
vt 0.075 0.725
vt 0.0875 0.725
vt 0.0875 0.525
vt 0.0875 0.525
vt 0.0875 0.725
vt 0.1 0.525
vt 0.0875 0.725
vt 0.1 0.725
vt 0.1 0.525
vt 0.1 0.525
vt 0.1 0.725
vt 0.1125 0.525
vt 0.1 0.725
vt 0.1125 0.725
vt 0.1125 0.525
vt 0.5125 0.525
vt 0.5125 0.725
vt 0.5325 0.725
vt 0.5325 0.525
vt 0.5125 0.525
vt 0.5325 0.725
vt 0.5325 0.525
vt 0.5325 0.725
vt 0.5525 0.725
vt 0.5525 0.525
vt 0.5325 0.525
vt 0.5525 0.725
vt 0.5525 0.525
vt 0.5525 0.725
vt 0.5725 0.725
vt 0.5725 0.525
vt 0.5525 0.525
vt 0.5725 0.725
vt 0.5725 0.525
vt 0.5725 0.725
vt 0.5925 0.725
vt 0.5925 0.525
vt 0.5725 0.525
vt 0.5925 0.725
vt 0.5925 0.525
vt 0.5925 0.725
vt 0.6125 0.725
vt 0.6125 0.525
vt 0.5925 0.525
vt 0.6125 0.725
vt 0.5125 0.525
vt 0.5125 0.725
vt 0.5325 0.725
vt 0.5325 0.525
vt 0.5125 0.525
vt 0.5325 0.725
vt 0.5325 0.525
vt 0.5325 0.725
vt 0.5525 0.725
vt 0.5525 0.525
vt 0.5325 0.525
vt 0.5525 0.725
vt 0.5525 0.525
vt 0.5525 0.725
vt 0.5725 0.725
vt 0.5725 0.525
vt 0.5525 0.525
vt 0.5725 0.725
vt 0.5725 0.525
vt 0.5725 0.725
vt 0.5925 0.725
vt 0.5925 0.525
vt 0.5725 0.525
vt 0.5925 0.725
vt 0.5925 0.525
vt 0.5925 0.725
vt 0.6125 0.725
vt 0.6125 0.525
vt 0.5925 0.525
vt 0.6125 0.725
vt 0.5125 0.525
vt 0.5125 0.725
vt 0.5325 0.525
vt 0.5125 0.725
vt 0.5325 0.725
vt 0.5325 0.525
vt 0.5325 0.525
vt 0.5325 0.725
vt 0.5525 0.525
vt 0.5325 0.725
vt 0.5525 0.725
vt 0.5525 0.525
vt 0.5525 0.525
vt 0.5525 0.725
vt 0.5725 0.525
vt 0.5525 0.725
vt 0.5725 0.725
vt 0.5725 0.525
vt 0.5725 0.525
vt 0.5725 0.725
vt 0.5925 0.525
vt 0.5725 0.725
vt 0.5925 0.725
vt 0.5925 0.525
vt 0.5925 0.525
vt 0.5925 0.725
vt 0.6125 0.525
vt 0.5925 0.725
vt 0.6125 0.725
vt 0.6125 0.525
vt 0.5125 0.525
vt 0.5125 0.725
vt 0.5325 0.525
vt 0.5125 0.725
vt 0.5325 0.725
vt 0.5325 0.525
vt 0.5325 0.525
vt 0.5325 0.725
vt 0.5525 0.525
vt 0.5325 0.725
vt 0.5525 0.725
vt 0.5525 0.525
vt 0.5525 0.525
vt 0.5525 0.725
vt 0.5725 0.525
vt 0.5525 0.725
vt 0.5725 0.725
vt 0.5725 0.525
vt 0.5725 0.525
vt 0.5725 0.725
vt 0.5925 0.525
vt 0.5725 0.725
vt 0.5925 0.725
vt 0.5925 0.525
vt 0.5925 0.525
vt 0.5925 0.725
vt 0.6125 0.525
vt 0.5925 0.725
vt 0.6125 0.725
vt 0.6125 0.525
vt 0.0125 0.275
vt 0.0125 0.475
vt 0.0325 0.475
vt 0.0325 0.275
vt 0.0125 0.275
vt 0.0325 0.475
vt 0.0325 0.275
vt 0.0325 0.475
vt 0.0525 0.475
vt 0.0525 0.275
vt 0.0325 0.275
vt 0.0525 0.475
vt 0.0525 0.275
vt 0.0525 0.475
vt 0.0725 0.475
vt 0.0725 0.275
vt 0.0525 0.275
vt 0.0725 0.475
vt 0.0725 0.275
vt 0.0725 0.475
vt 0.0925 0.475
vt 0.0925 0.275
vt 0.0725 0.275
vt 0.0925 0.475
vt 0.0925 0.275
vt 0.0925 0.475
vt 0.1125 0.475
vt 0.1125 0.275
vt 0.0925 0.275
vt 0.1125 0.475
vt 0.0125 0.275
vt 0.0125 0.475
vt 0.0325 0.475
vt 0.0325 0.275
vt 0.0125 0.275
vt 0.0325 0.475
vt 0.0325 0.275
vt 0.0325 0.475
vt 0.0525 0.475
vt 0.0525 0.275
vt 0.0325 0.275
vt 0.0525 0.475
vt 0.0525 0.275
vt 0.0525 0.475
vt 0.0725 0.475
vt 0.0725 0.275
vt 0.0525 0.275
vt 0.0725 0.475
vt 0.0725 0.275
vt 0.0725 0.475
vt 0.0925 0.475
vt 0.0925 0.275
vt 0.0725 0.275
vt 0.0925 0.475
vt 0.0925 0.275
vt 0.0925 0.475
vt 0.1125 0.475
vt 0.1125 0.275
vt 0.0925 0.275
vt 0.1125 0.475
vt 0.0125 0.275
vt 0.0125 0.475
vt 0.0325 0.275
vt 0.0125 0.475
vt 0.0325 0.475
vt 0.0325 0.275
vt 0.0325 0.275
vt 0.0325 0.475
vt 0.0525 0.275
vt 0.0325 0.475
vt 0.0525 0.475
vt 0.0525 0.275
vt 0.0525 0.275
vt 0.0525 0.475
vt 0.0725 0.275
vt 0.0525 0.475
vt 0.0725 0.475
vt 0.0725 0.275
vt 0.0725 0.275
vt 0.0725 0.475
vt 0.0925 0.275
vt 0.0725 0.475
vt 0.0925 0.475
vt 0.0925 0.275
vt 0.0925 0.275
vt 0.0925 0.475
vt 0.1125 0.275
vt 0.0925 0.475
vt 0.1125 0.475
vt 0.1125 0.275
vt 0.0125 0.275
vt 0.0125 0.475
vt 0.0325 0.275
vt 0.0125 0.475
vt 0.0325 0.475
vt 0.0325 0.275
vt 0.0325 0.275
vt 0.0325 0.475
vt 0.0525 0.275
vt 0.0325 0.475
vt 0.0525 0.475
vt 0.0525 0.275
vt 0.0525 0.275
vt 0.0525 0.475
vt 0.0725 0.275
vt 0.0525 0.475
vt 0.0725 0.475
vt 0.0725 0.275
vt 0.0725 0.275
vt 0.0725 0.475
vt 0.0925 0.275
vt 0.0725 0.475
vt 0.0925 0.475
vt 0.0925 0.275
vt 0.0925 0.275
vt 0.0925 0.475
vt 0.1125 0.275
vt 0.0925 0.475
vt 0.1125 0.475
vt 0.1125 0.275
vt 0.0625 0.525
vt 0.0625 0.725
vt 0.0725 0.725
vt 0.0725 0.525
vt 0.0625 0.525
vt 0.0725 0.725
vt 0.0725 0.525
vt 0.0725 0.725
vt 0.0825 0.725
vt 0.0825 0.525
vt 0.0725 0.525
vt 0.0825 0.725
vt 0.0825 0.525
vt 0.0825 0.725
vt 0.0925 0.725
vt 0.0925 0.525
vt 0.0825 0.525
vt 0.0925 0.725
vt 0.0925 0.525
vt 0.0925 0.725
vt 0.1025 0.725
vt 0.1025 0.525
vt 0.0925 0.525
vt 0.1025 0.725
vt 0.1025 0.525
vt 0.1025 0.725
vt 0.1125 0.725
vt 0.1125 0.525
vt 0.1025 0.525
vt 0.1125 0.725
vt 0.0125 0.525
vt 0.0125 0.725
vt 0.0225 0.725
vt 0.0225 0.525
vt 0.0125 0.525
vt 0.0225 0.725
vt 0.0225 0.525
vt 0.0225 0.725
vt 0.0325 0.725
vt 0.0325 0.525
vt 0.0225 0.525
vt 0.0325 0.725
vt 0.0325 0.525
vt 0.0325 0.725
vt 0.0425 0.725
vt 0.0425 0.525
vt 0.0325 0.525
vt 0.0425 0.725
vt 0.0425 0.525
vt 0.0425 0.725
vt 0.0525 0.725
vt 0.0525 0.525
vt 0.0425 0.525
vt 0.0525 0.725
vt 0.0525 0.525
vt 0.0525 0.725
vt 0.0625 0.725
vt 0.0625 0.525
vt 0.0525 0.525
vt 0.0625 0.725
vt 0.0625 0.525
vt 0.0625 0.725
vt 0.0725 0.525
vt 0.0625 0.725
vt 0.0725 0.725
vt 0.0725 0.525
vt 0.0725 0.525
vt 0.0725 0.725
vt 0.0825 0.525
vt 0.0725 0.725
vt 0.0825 0.725
vt 0.0825 0.525
vt 0.0825 0.525
vt 0.0825 0.725
vt 0.0925 0.525
vt 0.0825 0.725
vt 0.0925 0.725
vt 0.0925 0.525
vt 0.0925 0.525
vt 0.0925 0.725
vt 0.1025 0.525
vt 0.0925 0.725
vt 0.1025 0.725
vt 0.1025 0.525
vt 0.1025 0.525
vt 0.1025 0.725
vt 0.1125 0.525
vt 0.1025 0.725
vt 0.1125 0.725
vt 0.1125 0.525
vt 0.0125 0.525
vt 0.0125 0.725
vt 0.0225 0.525
vt 0.0125 0.725
vt 0.0225 0.725
vt 0.0225 0.525
vt 0.0225 0.525
vt 0.0225 0.725
vt 0.0325 0.525
vt 0.0225 0.725
vt 0.0325 0.725
vt 0.0325 0.525
vt 0.0325 0.525
vt 0.0325 0.725
vt 0.0425 0.525
vt 0.0325 0.725
vt 0.0425 0.725
vt 0.0425 0.525
vt 0.0425 0.525
vt 0.0425 0.725
vt 0.0525 0.525
vt 0.0425 0.725
vt 0.0525 0.725
vt 0.0525 0.525
vt 0.0525 0.525
vt 0.0525 0.725
vt 0.0625 0.525
vt 0.0525 0.725
vt 0.0625 0.725
vt 0.0625 0.525
vt 0.1875 0.275
vt 0.1875 0.475
vt 0.1975 0.475
vt 0.1975 0.275
vt 0.1875 0.275
vt 0.1975 0.475
vt 0.1975 0.275
vt 0.1975 0.475
vt 0.2075 0.475
vt 0.2075 0.275
vt 0.1975 0.275
vt 0.2075 0.475
vt 0.2075 0.275
vt 0.2075 0.475
vt 0.2175 0.475
vt 0.2175 0.275
vt 0.2075 0.275
vt 0.2175 0.475
vt 0.2175 0.275
vt 0.2175 0.475
vt 0.2275 0.475
vt 0.2275 0.275
vt 0.2175 0.275
vt 0.2275 0.475
vt 0.2275 0.275
vt 0.2275 0.475
vt 0.2375 0.475
vt 0.2375 0.275
vt 0.2275 0.275
vt 0.2375 0.475
vt 0.1375 0.275
vt 0.1375 0.475
vt 0.1475 0.475
vt 0.1475 0.275
vt 0.1375 0.275
vt 0.1475 0.475
vt 0.1475 0.275
vt 0.1475 0.475
vt 0.1575 0.475
vt 0.1575 0.275
vt 0.1475 0.275
vt 0.1575 0.475
vt 0.1575 0.275
vt 0.1575 0.475
vt 0.1675 0.475
vt 0.1675 0.275
vt 0.1575 0.275
vt 0.1675 0.475
vt 0.1675 0.275
vt 0.1675 0.475
vt 0.1775 0.475
vt 0.1775 0.275
vt 0.1675 0.275
vt 0.1775 0.475
vt 0.1775 0.275
vt 0.1775 0.475
vt 0.1875 0.475
vt 0.1875 0.275
vt 0.1775 0.275
vt 0.1875 0.475
vt 0.1875 0.275
vt 0.1875 0.475
vt 0.1975 0.275
vt 0.1875 0.475
vt 0.1975 0.475
vt 0.1975 0.275
vt 0.1975 0.275
vt 0.1975 0.475
vt 0.2075 0.275
vt 0.1975 0.475
vt 0.2075 0.475
vt 0.2075 0.275
vt 0.2075 0.275
vt 0.2075 0.475
vt 0.2175 0.275
vt 0.2075 0.475
vt 0.2175 0.475
vt 0.2175 0.275
vt 0.2175 0.275
vt 0.2175 0.475
vt 0.2275 0.275
vt 0.2175 0.475
vt 0.2275 0.475
vt 0.2275 0.275
vt 0.2275 0.275
vt 0.2275 0.475
vt 0.2375 0.275
vt 0.2275 0.475
vt 0.2375 0.475
vt 0.2375 0.275
vt 0.1375 0.275
vt 0.1375 0.475
vt 0.1475 0.275
vt 0.1375 0.475
vt 0.1475 0.475
vt 0.1475 0.275
vt 0.1475 0.275
vt 0.1475 0.475
vt 0.1575 0.275
vt 0.1475 0.475
vt 0.1575 0.475
vt 0.1575 0.275
vt 0.1575 0.275
vt 0.1575 0.475
vt 0.1675 0.275
vt 0.1575 0.475
vt 0.1675 0.475
vt 0.1675 0.275
vt 0.1675 0.275
vt 0.1675 0.475
vt 0.1775 0.275
vt 0.1675 0.475
vt 0.1775 0.475
vt 0.1775 0.275
vt 0.1775 0.275
vt 0.1775 0.475
vt 0.1875 0.275
vt 0.1775 0.475
vt 0.1875 0.475
vt 0.1875 0.275
vt 0.1875 0.275
vt 0.1875 0.475
vt 0.1975 0.475
vt 0.1975 0.275
vt 0.1875 0.275
vt 0.1975 0.475
vt 0.1975 0.275
vt 0.1975 0.475
vt 0.2075 0.475
vt 0.2075 0.275
vt 0.1975 0.275
vt 0.2075 0.475
vt 0.2075 0.275
vt 0.2075 0.475
vt 0.2175 0.475
vt 0.2175 0.275
vt 0.2075 0.275
vt 0.2175 0.475
vt 0.2175 0.275
vt 0.2175 0.475
vt 0.2275 0.475
vt 0.2275 0.275
vt 0.2175 0.275
vt 0.2275 0.475
vt 0.2275 0.275
vt 0.2275 0.475
vt 0.2375 0.475
vt 0.2375 0.275
vt 0.2275 0.275
vt 0.2375 0.475
vt 0.1375 0.275
vt 0.1375 0.475
vt 0.1475 0.475
vt 0.1475 0.275
vt 0.1375 0.275
vt 0.1475 0.475
vt 0.1475 0.275
vt 0.1475 0.475
vt 0.1575 0.475
vt 0.1575 0.275
vt 0.1475 0.275
vt 0.1575 0.475
vt 0.1575 0.275
vt 0.1575 0.475
vt 0.1675 0.475
vt 0.1675 0.275
vt 0.1575 0.275
vt 0.1675 0.475
vt 0.1675 0.275
vt 0.1675 0.475
vt 0.1775 0.475
vt 0.1775 0.275
vt 0.1675 0.275
vt 0.1775 0.475
vt 0.1775 0.275
vt 0.1775 0.475
vt 0.1875 0.475
vt 0.1875 0.275
vt 0.1775 0.275
vt 0.1875 0.475
vt 0.1875 0.275
vt 0.1875 0.475
vt 0.1975 0.275
vt 0.1875 0.475
vt 0.1975 0.475
vt 0.1975 0.275
vt 0.1975 0.275
vt 0.1975 0.475
vt 0.2075 0.275
vt 0.1975 0.475
vt 0.2075 0.475
vt 0.2075 0.275
vt 0.2075 0.275
vt 0.2075 0.475
vt 0.2175 0.275
vt 0.2075 0.475
vt 0.2175 0.475
vt 0.2175 0.275
vt 0.2175 0.275
vt 0.2175 0.475
vt 0.2275 0.275
vt 0.2175 0.475
vt 0.2275 0.475
vt 0.2275 0.275
vt 0.2275 0.275
vt 0.2275 0.475
vt 0.2375 0.275
vt 0.2275 0.475
vt 0.2375 0.475
vt 0.2375 0.275
vt 0.1375 0.275
vt 0.1375 0.475
vt 0.1475 0.275
vt 0.1375 0.475
vt 0.1475 0.475
vt 0.1475 0.275
vt 0.1475 0.275
vt 0.1475 0.475
vt 0.1575 0.275
vt 0.1475 0.475
vt 0.1575 0.475
vt 0.1575 0.275
vt 0.1575 0.275
vt 0.1575 0.475
vt 0.1675 0.275
vt 0.1575 0.475
vt 0.1675 0.475
vt 0.1675 0.275
vt 0.1675 0.275
vt 0.1675 0.475
vt 0.1775 0.275
vt 0.1675 0.475
vt 0.1775 0.475
vt 0.1775 0.275
vt 0.1775 0.275
vt 0.1775 0.475
vt 0.1875 0.275
vt 0.1775 0.475
vt 0.1875 0.475
vt 0.1875 0.275
vt 0.1875 0.275
vt 0.1875 0.475
vt 0.1975 0.475
vt 0.1975 0.275
vt 0.1875 0.275
vt 0.1975 0.475
vt 0.1975 0.275
vt 0.1975 0.475
vt 0.2075 0.475
vt 0.2075 0.275
vt 0.1975 0.275
vt 0.2075 0.475
vt 0.2075 0.275
vt 0.2075 0.475
vt 0.2175 0.475
vt 0.2175 0.275
vt 0.2075 0.275
vt 0.2175 0.475
vt 0.2175 0.275
vt 0.2175 0.475
vt 0.2275 0.475
vt 0.2275 0.275
vt 0.2175 0.275
vt 0.2275 0.475
vt 0.2275 0.275
vt 0.2275 0.475
vt 0.2375 0.475
vt 0.2375 0.275
vt 0.2275 0.275
vt 0.2375 0.475
vt 0.1375 0.275
vt 0.1375 0.475
vt 0.1475 0.475
vt 0.1475 0.275
vt 0.1375 0.275
vt 0.1475 0.475
vt 0.1475 0.275
vt 0.1475 0.475
vt 0.1575 0.475
vt 0.1575 0.275
vt 0.1475 0.275
vt 0.1575 0.475
vt 0.1575 0.275
vt 0.1575 0.475
vt 0.1675 0.475
vt 0.1675 0.275
vt 0.1575 0.275
vt 0.1675 0.475
vt 0.1675 0.275
vt 0.1675 0.475
vt 0.1775 0.475
vt 0.1775 0.275
vt 0.1675 0.275
vt 0.1775 0.475
vt 0.1775 0.275
vt 0.1775 0.475
vt 0.1875 0.475
vt 0.1875 0.275
vt 0.1775 0.275
vt 0.1875 0.475
vt 0.1875 0.275
vt 0.1875 0.475
vt 0.1975 0.275
vt 0.1875 0.475
vt 0.1975 0.475
vt 0.1975 0.275
vt 0.1975 0.275
vt 0.1975 0.475
vt 0.2075 0.275
vt 0.1975 0.475
vt 0.2075 0.475
vt 0.2075 0.275
vt 0.2075 0.275
vt 0.2075 0.475
vt 0.2175 0.275
vt 0.2075 0.475
vt 0.2175 0.475
vt 0.2175 0.275
vt 0.2175 0.275
vt 0.2175 0.475
vt 0.2275 0.275
vt 0.2175 0.475
vt 0.2275 0.475
vt 0.2275 0.275
vt 0.2275 0.275
vt 0.2275 0.475
vt 0.2375 0.275
vt 0.2275 0.475
vt 0.2375 0.475
vt 0.2375 0.275
vt 0.1375 0.275
vt 0.1375 0.475
vt 0.1475 0.275
vt 0.1375 0.475
vt 0.1475 0.475
vt 0.1475 0.275
vt 0.1475 0.275
vt 0.1475 0.475
vt 0.1575 0.275
vt 0.1475 0.475
vt 0.1575 0.475
vt 0.1575 0.275
vt 0.1575 0.275
vt 0.1575 0.475
vt 0.1675 0.275
vt 0.1575 0.475
vt 0.1675 0.475
vt 0.1675 0.275
vt 0.1675 0.275
vt 0.1675 0.475
vt 0.1775 0.275
vt 0.1675 0.475
vt 0.1775 0.475
vt 0.1775 0.275
vt 0.1775 0.275
vt 0.1775 0.475
vt 0.1875 0.275
vt 0.1775 0.475
vt 0.1875 0.475
vt 0.1875 0.275
vt 0.1875 0.275
vt 0.1875 0.475
vt 0.1975 0.475
vt 0.1975 0.275
vt 0.1875 0.275
vt 0.1975 0.475
vt 0.1975 0.275
vt 0.1975 0.475
vt 0.2075 0.475
vt 0.2075 0.275
vt 0.1975 0.275
vt 0.2075 0.475
vt 0.2075 0.275
vt 0.2075 0.475
vt 0.2175 0.475
vt 0.2175 0.275
vt 0.2075 0.275
vt 0.2175 0.475
vt 0.2175 0.275
vt 0.2175 0.475
vt 0.2275 0.475
vt 0.2275 0.275
vt 0.2175 0.275
vt 0.2275 0.475
vt 0.2275 0.275
vt 0.2275 0.475
vt 0.2375 0.475
vt 0.2375 0.275
vt 0.2275 0.275
vt 0.2375 0.475
vt 0.1375 0.275
vt 0.1375 0.475
vt 0.1475 0.475
vt 0.1475 0.275
vt 0.1375 0.275
vt 0.1475 0.475
vt 0.1475 0.275
vt 0.1475 0.475
vt 0.1575 0.475
vt 0.1575 0.275
vt 0.1475 0.275
vt 0.1575 0.475
vt 0.1575 0.275
vt 0.1575 0.475
vt 0.1675 0.475
vt 0.1675 0.275
vt 0.1575 0.275
vt 0.1675 0.475
vt 0.1675 0.275
vt 0.1675 0.475
vt 0.1775 0.475
vt 0.1775 0.275
vt 0.1675 0.275
vt 0.1775 0.475
vt 0.1775 0.275
vt 0.1775 0.475
vt 0.1875 0.475
vt 0.1875 0.275
vt 0.1775 0.275
vt 0.1875 0.475
vt 0.1875 0.275
vt 0.1875 0.475
vt 0.1975 0.275
vt 0.1875 0.475
vt 0.1975 0.475
vt 0.1975 0.275
vt 0.1975 0.275
vt 0.1975 0.475
vt 0.2075 0.275
vt 0.1975 0.475
vt 0.2075 0.475
vt 0.2075 0.275
vt 0.2075 0.275
vt 0.2075 0.475
vt 0.2175 0.275
vt 0.2075 0.475
vt 0.2175 0.475
vt 0.2175 0.275
vt 0.2175 0.275
vt 0.2175 0.475
vt 0.2275 0.275
vt 0.2175 0.475
vt 0.2275 0.475
vt 0.2275 0.275
vt 0.2275 0.275
vt 0.2275 0.475
vt 0.2375 0.275
vt 0.2275 0.475
vt 0.2375 0.475
vt 0.2375 0.275
vt 0.1375 0.275
vt 0.1375 0.475
vt 0.1475 0.275
vt 0.1375 0.475
vt 0.1475 0.475
vt 0.1475 0.275
vt 0.1475 0.275
vt 0.1475 0.475
vt 0.1575 0.275
vt 0.1475 0.475
vt 0.1575 0.475
vt 0.1575 0.275
vt 0.1575 0.275
vt 0.1575 0.475
vt 0.1675 0.275
vt 0.1575 0.475
vt 0.1675 0.475
vt 0.1675 0.275
vt 0.1675 0.275
vt 0.1675 0.475
vt 0.1775 0.275
vt 0.1675 0.475
vt 0.1775 0.475
vt 0.1775 0.275
vt 0.1775 0.275
vt 0.1775 0.475
vt 0.1875 0.275
vt 0.1775 0.475
vt 0.1875 0.475
vt 0.1875 0.275
vt 0.1875 0.275
vt 0.1875 0.475
vt 0.1975 0.475
vt 0.1975 0.275
vt 0.1875 0.275
vt 0.1975 0.475
vt 0.1975 0.275
vt 0.1975 0.475
vt 0.2075 0.475
vt 0.2075 0.275
vt 0.1975 0.275
vt 0.2075 0.475
vt 0.2075 0.275
vt 0.2075 0.475
vt 0.2175 0.475
vt 0.2175 0.275
vt 0.2075 0.275
vt 0.2175 0.475
vt 0.2175 0.275
vt 0.2175 0.475
vt 0.2275 0.475
vt 0.2275 0.275
vt 0.2175 0.275
vt 0.2275 0.475
vt 0.2275 0.275
vt 0.2275 0.475
vt 0.2375 0.475
vt 0.2375 0.275
vt 0.2275 0.275
vt 0.2375 0.475
vt 0.1375 0.275
vt 0.1375 0.475
vt 0.1475 0.475
vt 0.1475 0.275
vt 0.1375 0.275
vt 0.1475 0.475
vt 0.1475 0.275
vt 0.1475 0.475
vt 0.1575 0.475
vt 0.1575 0.275
vt 0.1475 0.275
vt 0.1575 0.475
vt 0.1575 0.275
vt 0.1575 0.475
vt 0.1675 0.475
vt 0.1675 0.275
vt 0.1575 0.275
vt 0.1675 0.475
vt 0.1675 0.275
vt 0.1675 0.475
vt 0.1775 0.475
vt 0.1775 0.275
vt 0.1675 0.275
vt 0.1775 0.475
vt 0.1775 0.275
vt 0.1775 0.475
vt 0.1875 0.475
vt 0.1875 0.275
vt 0.1775 0.275
vt 0.1875 0.475
vt 0.1875 0.275
vt 0.1875 0.475
vt 0.1975 0.275
vt 0.1875 0.475
vt 0.1975 0.475
vt 0.1975 0.275
vt 0.1975 0.275
vt 0.1975 0.475
vt 0.2075 0.275
vt 0.1975 0.475
vt 0.2075 0.475
vt 0.2075 0.275
vt 0.2075 0.275
vt 0.2075 0.475
vt 0.2175 0.275
vt 0.2075 0.475
vt 0.2175 0.475
vt 0.2175 0.275
vt 0.2175 0.275
vt 0.2175 0.475
vt 0.2275 0.275
vt 0.2175 0.475
vt 0.2275 0.475
vt 0.2275 0.275
vt 0.2275 0.275
vt 0.2275 0.475
vt 0.2375 0.275
vt 0.2275 0.475
vt 0.2375 0.475
vt 0.2375 0.275
vt 0.1375 0.275
vt 0.1375 0.475
vt 0.1475 0.275
vt 0.1375 0.475
vt 0.1475 0.475
vt 0.1475 0.275
vt 0.1475 0.275
vt 0.1475 0.475
vt 0.1575 0.275
vt 0.1475 0.475
vt 0.1575 0.475
vt 0.1575 0.275
vt 0.1575 0.275
vt 0.1575 0.475
vt 0.1675 0.275
vt 0.1575 0.475
vt 0.1675 0.475
vt 0.1675 0.275
vt 0.1675 0.275
vt 0.1675 0.475
vt 0.1775 0.275
vt 0.1675 0.475
vt 0.1775 0.475
vt 0.1775 0.275
vt 0.1775 0.275
vt 0.1775 0.475
vt 0.1875 0.275
vt 0.1775 0.475
vt 0.1875 0.475
vt 0.1875 0.275
vt 0.1875 0.275
vt 0.1875 0.475
vt 0.1975 0.475
vt 0.1975 0.275
vt 0.1875 0.275
vt 0.1975 0.475
vt 0.1975 0.275
vt 0.1975 0.475
vt 0.2075 0.475
vt 0.2075 0.275
vt 0.1975 0.275
vt 0.2075 0.475
vt 0.2075 0.275
vt 0.2075 0.475
vt 0.2175 0.475
vt 0.2175 0.275
vt 0.2075 0.275
vt 0.2175 0.475
vt 0.2175 0.275
vt 0.2175 0.475
vt 0.2275 0.475
vt 0.2275 0.275
vt 0.2175 0.275
vt 0.2275 0.475
vt 0.2275 0.275
vt 0.2275 0.475
vt 0.2375 0.475
vt 0.2375 0.275
vt 0.2275 0.275
vt 0.2375 0.475
vt 0.1375 0.275
vt 0.1375 0.475
vt 0.1475 0.475
vt 0.1475 0.275
vt 0.1375 0.275
vt 0.1475 0.475
vt 0.1475 0.275
vt 0.1475 0.475
vt 0.1575 0.475
vt 0.1575 0.275
vt 0.1475 0.275
vt 0.1575 0.475
vt 0.1575 0.275
vt 0.1575 0.475
vt 0.1675 0.475
vt 0.1675 0.275
vt 0.1575 0.275
vt 0.1675 0.475
vt 0.1675 0.275
vt 0.1675 0.475
vt 0.1775 0.475
vt 0.1775 0.275
vt 0.1675 0.275
vt 0.1775 0.475
vt 0.1775 0.275
vt 0.1775 0.475
vt 0.1875 0.475
vt 0.1875 0.275
vt 0.1775 0.275
vt 0.1875 0.475
vt 0.1875 0.275
vt 0.1875 0.475
vt 0.1975 0.275
vt 0.1875 0.475
vt 0.1975 0.475
vt 0.1975 0.275
vt 0.1975 0.275
vt 0.1975 0.475
vt 0.2075 0.275
vt 0.1975 0.475
vt 0.2075 0.475
vt 0.2075 0.275
vt 0.2075 0.275
vt 0.2075 0.475
vt 0.2175 0.275
vt 0.2075 0.475
vt 0.2175 0.475
vt 0.2175 0.275
vt 0.2175 0.275
vt 0.2175 0.475
vt 0.2275 0.275
vt 0.2175 0.475
vt 0.2275 0.475
vt 0.2275 0.275
vt 0.2275 0.275
vt 0.2275 0.475
vt 0.2375 0.275
vt 0.2275 0.475
vt 0.2375 0.475
vt 0.2375 0.275
vt 0.1375 0.275
vt 0.1375 0.475
vt 0.1475 0.275
vt 0.1375 0.475
vt 0.1475 0.475
vt 0.1475 0.275
vt 0.1475 0.275
vt 0.1475 0.475
vt 0.1575 0.275
vt 0.1475 0.475
vt 0.1575 0.475
vt 0.1575 0.275
vt 0.1575 0.275
vt 0.1575 0.475
vt 0.1675 0.275
vt 0.1575 0.475
vt 0.1675 0.475
vt 0.1675 0.275
vt 0.1675 0.275
vt 0.1675 0.475
vt 0.1775 0.275
vt 0.1675 0.475
vt 0.1775 0.475
vt 0.1775 0.275
vt 0.1775 0.275
vt 0.1775 0.475
vt 0.1875 0.275
vt 0.1775 0.475
vt 0.1875 0.475
vt 0.1875 0.275
vt 0.1375 0.275
vt 0.1375 0.475
vt 0.1575 0.475
vt 0.1575 0.275
vt 0.1375 0.275
vt 0.1575 0.475
vt 0.1575 0.275
vt 0.1575 0.475
vt 0.1775 0.475
vt 0.1775 0.275
vt 0.1575 0.275
vt 0.1775 0.475
vt 0.1775 0.275
vt 0.1775 0.475
vt 0.1975 0.475
vt 0.1975 0.275
vt 0.1775 0.275
vt 0.1975 0.475
vt 0.1975 0.275
vt 0.1975 0.475
vt 0.2175 0.475
vt 0.2175 0.275
vt 0.1975 0.275
vt 0.2175 0.475
vt 0.2175 0.275
vt 0.2175 0.475
vt 0.2375 0.475
vt 0.2375 0.275
vt 0.2175 0.275
vt 0.2375 0.475
vt 0.1375 0.275
vt 0.1375 0.475
vt 0.1575 0.475
vt 0.1575 0.275
vt 0.1375 0.275
vt 0.1575 0.475
vt 0.1575 0.275
vt 0.1575 0.475
vt 0.1775 0.475
vt 0.1775 0.275
vt 0.1575 0.275
vt 0.1775 0.475
vt 0.1775 0.275
vt 0.1775 0.475
vt 0.1975 0.475
vt 0.1975 0.275
vt 0.1775 0.275
vt 0.1975 0.475
vt 0.1975 0.275
vt 0.1975 0.475
vt 0.2175 0.475
vt 0.2175 0.275
vt 0.1975 0.275
vt 0.2175 0.475
vt 0.2175 0.275
vt 0.2175 0.475
vt 0.2375 0.475
vt 0.2375 0.275
vt 0.2175 0.275
vt 0.2375 0.475
vt 0.1375 0.275
vt 0.1375 0.475
vt 0.1575 0.275
vt 0.1375 0.475
vt 0.1575 0.475
vt 0.1575 0.275
vt 0.1575 0.275
vt 0.1575 0.475
vt 0.1775 0.275
vt 0.1575 0.475
vt 0.1775 0.475
vt 0.1775 0.275
vt 0.1775 0.275
vt 0.1775 0.475
vt 0.1975 0.275
vt 0.1775 0.475
vt 0.1975 0.475
vt 0.1975 0.275
vt 0.1975 0.275
vt 0.1975 0.475
vt 0.2175 0.275
vt 0.1975 0.475
vt 0.2175 0.475
vt 0.2175 0.275
vt 0.2175 0.275
vt 0.2175 0.475
vt 0.2375 0.275
vt 0.2175 0.475
vt 0.2375 0.475
vt 0.2375 0.275
vt 0.1375 0.275
vt 0.1375 0.475
vt 0.1575 0.275
vt 0.1375 0.475
vt 0.1575 0.475
vt 0.1575 0.275
vt 0.1575 0.275
vt 0.1575 0.475
vt 0.1775 0.275
vt 0.1575 0.475
vt 0.1775 0.475
vt 0.1775 0.275
vt 0.1775 0.275
vt 0.1775 0.475
vt 0.1975 0.275
vt 0.1775 0.475
vt 0.1975 0.475
vt 0.1975 0.275
vt 0.1975 0.275
vt 0.1975 0.475
vt 0.2175 0.275
vt 0.1975 0.475
vt 0.2175 0.475
vt 0.2175 0.275
vt 0.2175 0.275
vt 0.2175 0.475
vt 0.2375 0.275
vt 0.2175 0.475
vt 0.2375 0.475
vt 0.2375 0.275
vt 0.1875 0.275
vt 0.1875 0.475
vt 0.1975 0.475
vt 0.1975 0.275
vt 0.1875 0.275
vt 0.1975 0.475
vt 0.1975 0.275
vt 0.1975 0.475
vt 0.2075 0.475
vt 0.2075 0.275
vt 0.1975 0.275
vt 0.2075 0.475
vt 0.2075 0.275
vt 0.2075 0.475
vt 0.2175 0.475
vt 0.2175 0.275
vt 0.2075 0.275
vt 0.2175 0.475
vt 0.2175 0.275
vt 0.2175 0.475
vt 0.2275 0.475
vt 0.2275 0.275
vt 0.2175 0.275
vt 0.2275 0.475
vt 0.2275 0.275
vt 0.2275 0.475
vt 0.2375 0.475
vt 0.2375 0.275
vt 0.2275 0.275
vt 0.2375 0.475
vt 0.1375 0.275
vt 0.1375 0.475
vt 0.1475 0.475
vt 0.1475 0.275
vt 0.1375 0.275
vt 0.1475 0.475
vt 0.1475 0.275
vt 0.1475 0.475
vt 0.1575 0.475
vt 0.1575 0.275
vt 0.1475 0.275
vt 0.1575 0.475
vt 0.1575 0.275
vt 0.1575 0.475
vt 0.1675 0.475
vt 0.1675 0.275
vt 0.1575 0.275
vt 0.1675 0.475
vt 0.1675 0.275
vt 0.1675 0.475
vt 0.1775 0.475
vt 0.1775 0.275
vt 0.1675 0.275
vt 0.1775 0.475
vt 0.1775 0.275
vt 0.1775 0.475
vt 0.1875 0.475
vt 0.1875 0.275
vt 0.1775 0.275
vt 0.1875 0.475
vt 0.1875 0.275
vt 0.1875 0.475
vt 0.1975 0.275
vt 0.1875 0.475
vt 0.1975 0.475
vt 0.1975 0.275
vt 0.1975 0.275
vt 0.1975 0.475
vt 0.2075 0.275
vt 0.1975 0.475
vt 0.2075 0.475
vt 0.2075 0.275
vt 0.2075 0.275
vt 0.2075 0.475
vt 0.2175 0.275
vt 0.2075 0.475
vt 0.2175 0.475
vt 0.2175 0.275
vt 0.2175 0.275
vt 0.2175 0.475
vt 0.2275 0.275
vt 0.2175 0.475
vt 0.2275 0.475
vt 0.2275 0.275
vt 0.2275 0.275
vt 0.2275 0.475
vt 0.2375 0.275
vt 0.2275 0.475
vt 0.2375 0.475
vt 0.2375 0.275
vt 0.1375 0.275
vt 0.1375 0.475
vt 0.1475 0.275
vt 0.1375 0.475
vt 0.1475 0.475
vt 0.1475 0.275
vt 0.1475 0.275
vt 0.1475 0.475
vt 0.1575 0.275
vt 0.1475 0.475
vt 0.1575 0.475
vt 0.1575 0.275
vt 0.1575 0.275
vt 0.1575 0.475
vt 0.1675 0.275
vt 0.1575 0.475
vt 0.1675 0.475
vt 0.1675 0.275
vt 0.1675 0.275
vt 0.1675 0.475
vt 0.1775 0.275
vt 0.1675 0.475
vt 0.1775 0.475
vt 0.1775 0.275
vt 0.1775 0.275
vt 0.1775 0.475
vt 0.1875 0.275
vt 0.1775 0.475
vt 0.1875 0.475
vt 0.1875 0.275
vt 0.1875 0.275
vt 0.1875 0.475
vt 0.1975 0.475
vt 0.1975 0.275
vt 0.1875 0.275
vt 0.1975 0.475
vt 0.1975 0.275
vt 0.1975 0.475
vt 0.2075 0.475
vt 0.2075 0.275
vt 0.1975 0.275
vt 0.2075 0.475
vt 0.2075 0.275
vt 0.2075 0.475
vt 0.2175 0.475
vt 0.2175 0.275
vt 0.2075 0.275
vt 0.2175 0.475
vt 0.2175 0.275
vt 0.2175 0.475
vt 0.2275 0.475
vt 0.2275 0.275
vt 0.2175 0.275
vt 0.2275 0.475
vt 0.2275 0.275
vt 0.2275 0.475
vt 0.2375 0.475
vt 0.2375 0.275
vt 0.2275 0.275
vt 0.2375 0.475
vt 0.1375 0.275
vt 0.1375 0.475
vt 0.1475 0.475
vt 0.1475 0.275
vt 0.1375 0.275
vt 0.1475 0.475
vt 0.1475 0.275
vt 0.1475 0.475
vt 0.1575 0.475
vt 0.1575 0.275
vt 0.1475 0.275
vt 0.1575 0.475
vt 0.1575 0.275
vt 0.1575 0.475
vt 0.1675 0.475
vt 0.1675 0.275
vt 0.1575 0.275
vt 0.1675 0.475
vt 0.1675 0.275
vt 0.1675 0.475
vt 0.1775 0.475
vt 0.1775 0.275
vt 0.1675 0.275
vt 0.1775 0.475
vt 0.1775 0.275
vt 0.1775 0.475
vt 0.1875 0.475
vt 0.1875 0.275
vt 0.1775 0.275
vt 0.1875 0.475
vt 0.1875 0.275
vt 0.1875 0.475
vt 0.1975 0.275
vt 0.1875 0.475
vt 0.1975 0.475
vt 0.1975 0.275
vt 0.1975 0.275
vt 0.1975 0.475
vt 0.2075 0.275
vt 0.1975 0.475
vt 0.2075 0.475
vt 0.2075 0.275
vt 0.2075 0.275
vt 0.2075 0.475
vt 0.2175 0.275
vt 0.2075 0.475
vt 0.2175 0.475
vt 0.2175 0.275
vt 0.2175 0.275
vt 0.2175 0.475
vt 0.2275 0.275
vt 0.2175 0.475
vt 0.2275 0.475
vt 0.2275 0.275
vt 0.2275 0.275
vt 0.2275 0.475
vt 0.2375 0.275
vt 0.2275 0.475
vt 0.2375 0.475
vt 0.2375 0.275
vt 0.1375 0.275
vt 0.1375 0.475
vt 0.1475 0.275
vt 0.1375 0.475
vt 0.1475 0.475
vt 0.1475 0.275
vt 0.1475 0.275
vt 0.1475 0.475
vt 0.1575 0.275
vt 0.1475 0.475
vt 0.1575 0.475
vt 0.1575 0.275
vt 0.1575 0.275
vt 0.1575 0.475
vt 0.1675 0.275
vt 0.1575 0.475
vt 0.1675 0.475
vt 0.1675 0.275
vt 0.1675 0.275
vt 0.1675 0.475
vt 0.1775 0.275
vt 0.1675 0.475
vt 0.1775 0.475
vt 0.1775 0.275
vt 0.1775 0.275
vt 0.1775 0.475
vt 0.1875 0.275
vt 0.1775 0.475
vt 0.1875 0.475
vt 0.1875 0.275
vt 0.1875 0.275
vt 0.1875 0.475
vt 0.1975 0.475
vt 0.1975 0.275
vt 0.1875 0.275
vt 0.1975 0.475
vt 0.1975 0.275
vt 0.1975 0.475
vt 0.2075 0.475
vt 0.2075 0.275
vt 0.1975 0.275
vt 0.2075 0.475
vt 0.2075 0.275
vt 0.2075 0.475
vt 0.2175 0.475
vt 0.2175 0.275
vt 0.2075 0.275
vt 0.2175 0.475
vt 0.2175 0.275
vt 0.2175 0.475
vt 0.2275 0.475
vt 0.2275 0.275
vt 0.2175 0.275
vt 0.2275 0.475
vt 0.2275 0.275
vt 0.2275 0.475
vt 0.2375 0.475
vt 0.2375 0.275
vt 0.2275 0.275
vt 0.2375 0.475
vt 0.1375 0.275
vt 0.1375 0.475
vt 0.1475 0.475
vt 0.1475 0.275
vt 0.1375 0.275
vt 0.1475 0.475
vt 0.1475 0.275
vt 0.1475 0.475
vt 0.1575 0.475
vt 0.1575 0.275
vt 0.1475 0.275
vt 0.1575 0.475
vt 0.1575 0.275
vt 0.1575 0.475
vt 0.1675 0.475
vt 0.1675 0.275
vt 0.1575 0.275
vt 0.1675 0.475
vt 0.1675 0.275
vt 0.1675 0.475
vt 0.1775 0.475
vt 0.1775 0.275
vt 0.1675 0.275
vt 0.1775 0.475
vt 0.1775 0.275
vt 0.1775 0.475
vt 0.1875 0.475
vt 0.1875 0.275
vt 0.1775 0.275
vt 0.1875 0.475
vt 0.1875 0.275
vt 0.1875 0.475
vt 0.1975 0.275
vt 0.1875 0.475
vt 0.1975 0.475
vt 0.1975 0.275
vt 0.1975 0.275
vt 0.1975 0.475
vt 0.2075 0.275
vt 0.1975 0.475
vt 0.2075 0.475
vt 0.2075 0.275
vt 0.2075 0.275
vt 0.2075 0.475
vt 0.2175 0.275
vt 0.2075 0.475
vt 0.2175 0.475
vt 0.2175 0.275
vt 0.2175 0.275
vt 0.2175 0.475
vt 0.2275 0.275
vt 0.2175 0.475
vt 0.2275 0.475
vt 0.2275 0.275
vt 0.2275 0.275
vt 0.2275 0.475
vt 0.2375 0.275
vt 0.2275 0.475
vt 0.2375 0.475
vt 0.2375 0.275
vt 0.1375 0.275
vt 0.1375 0.475
vt 0.1475 0.275
vt 0.1375 0.475
vt 0.1475 0.475
vt 0.1475 0.275
vt 0.1475 0.275
vt 0.1475 0.475
vt 0.1575 0.275
vt 0.1475 0.475
vt 0.1575 0.475
vt 0.1575 0.275
vt 0.1575 0.275
vt 0.1575 0.475
vt 0.1675 0.275
vt 0.1575 0.475
vt 0.1675 0.475
vt 0.1675 0.275
vt 0.1675 0.275
vt 0.1675 0.475
vt 0.1775 0.275
vt 0.1675 0.475
vt 0.1775 0.475
vt 0.1775 0.275
vt 0.1775 0.275
vt 0.1775 0.475
vt 0.1875 0.275
vt 0.1775 0.475
vt 0.1875 0.475
vt 0.1875 0.275
vt 0.1875 0.275
vt 0.1875 0.475
vt 0.1975 0.475
vt 0.1975 0.275
vt 0.1875 0.275
vt 0.1975 0.475
vt 0.1975 0.275
vt 0.1975 0.475
vt 0.2075 0.475
vt 0.2075 0.275
vt 0.1975 0.275
vt 0.2075 0.475
vt 0.2075 0.275
vt 0.2075 0.475
vt 0.2175 0.475
vt 0.2175 0.275
vt 0.2075 0.275
vt 0.2175 0.475
vt 0.2175 0.275
vt 0.2175 0.475
vt 0.2275 0.475
vt 0.2275 0.275
vt 0.2175 0.275
vt 0.2275 0.475
vt 0.2275 0.275
vt 0.2275 0.475
vt 0.2375 0.475
vt 0.2375 0.275
vt 0.2275 0.275
vt 0.2375 0.475
vt 0.1375 0.275
vt 0.1375 0.475
vt 0.1475 0.475
vt 0.1475 0.275
vt 0.1375 0.275
vt 0.1475 0.475
vt 0.1475 0.275
vt 0.1475 0.475
vt 0.1575 0.475
vt 0.1575 0.275
vt 0.1475 0.275
vt 0.1575 0.475
vt 0.1575 0.275
vt 0.1575 0.475
vt 0.1675 0.475
vt 0.1675 0.275
vt 0.1575 0.275
vt 0.1675 0.475
vt 0.1675 0.275
vt 0.1675 0.475
vt 0.1775 0.475
vt 0.1775 0.275
vt 0.1675 0.275
vt 0.1775 0.475
vt 0.1775 0.275
vt 0.1775 0.475
vt 0.1875 0.475
vt 0.1875 0.275
vt 0.1775 0.275
vt 0.1875 0.475
vt 0.1875 0.275
vt 0.1875 0.475
vt 0.1975 0.275
vt 0.1875 0.475
vt 0.1975 0.475
vt 0.1975 0.275
vt 0.1975 0.275
vt 0.1975 0.475
vt 0.2075 0.275
vt 0.1975 0.475
vt 0.2075 0.475
vt 0.2075 0.275
vt 0.2075 0.275
vt 0.2075 0.475
vt 0.2175 0.275
vt 0.2075 0.475
vt 0.2175 0.475
vt 0.2175 0.275
vt 0.2175 0.275
vt 0.2175 0.475
vt 0.2275 0.275
vt 0.2175 0.475
vt 0.2275 0.475
vt 0.2275 0.275
vt 0.2275 0.275
vt 0.2275 0.475
vt 0.2375 0.275
vt 0.2275 0.475
vt 0.2375 0.475
vt 0.2375 0.275
vt 0.1375 0.275
vt 0.1375 0.475
vt 0.1475 0.275
vt 0.1375 0.475
vt 0.1475 0.475
vt 0.1475 0.275
vt 0.1475 0.275
vt 0.1475 0.475
vt 0.1575 0.275
vt 0.1475 0.475
vt 0.1575 0.475
vt 0.1575 0.275
vt 0.1575 0.275
vt 0.1575 0.475
vt 0.1675 0.275
vt 0.1575 0.475
vt 0.1675 0.475
vt 0.1675 0.275
vt 0.1675 0.275
vt 0.1675 0.475
vt 0.1775 0.275
vt 0.1675 0.475
vt 0.1775 0.475
vt 0.1775 0.275
vt 0.1775 0.275
vt 0.1775 0.475
vt 0.1875 0.275
vt 0.1775 0.475
vt 0.1875 0.475
vt 0.1875 0.275
vt 0.1875 0.275
vt 0.1875 0.475
vt 0.1975 0.475
vt 0.1975 0.275
vt 0.1875 0.275
vt 0.1975 0.475
vt 0.1975 0.275
vt 0.1975 0.475
vt 0.2075 0.475
vt 0.2075 0.275
vt 0.1975 0.275
vt 0.2075 0.475
vt 0.2075 0.275
vt 0.2075 0.475
vt 0.2175 0.475
vt 0.2175 0.275
vt 0.2075 0.275
vt 0.2175 0.475
vt 0.2175 0.275
vt 0.2175 0.475
vt 0.2275 0.475
vt 0.2275 0.275
vt 0.2175 0.275
vt 0.2275 0.475
vt 0.2275 0.275
vt 0.2275 0.475
vt 0.2375 0.475
vt 0.2375 0.275
vt 0.2275 0.275
vt 0.2375 0.475
vt 0.1375 0.275
vt 0.1375 0.475
vt 0.1475 0.475
vt 0.1475 0.275
vt 0.1375 0.275
vt 0.1475 0.475
vt 0.1475 0.275
vt 0.1475 0.475
vt 0.1575 0.475
vt 0.1575 0.275
vt 0.1475 0.275
vt 0.1575 0.475
vt 0.1575 0.275
vt 0.1575 0.475
vt 0.1675 0.475
vt 0.1675 0.275
vt 0.1575 0.275
vt 0.1675 0.475
vt 0.1675 0.275
vt 0.1675 0.475
vt 0.1775 0.475
vt 0.1775 0.275
vt 0.1675 0.275
vt 0.1775 0.475
vt 0.1775 0.275
vt 0.1775 0.475
vt 0.1875 0.475
vt 0.1875 0.275
vt 0.1775 0.275
vt 0.1875 0.475
vt 0.1875 0.275
vt 0.1875 0.475
vt 0.1975 0.275
vt 0.1875 0.475
vt 0.1975 0.475
vt 0.1975 0.275
vt 0.1975 0.275
vt 0.1975 0.475
vt 0.2075 0.275
vt 0.1975 0.475
vt 0.2075 0.475
vt 0.2075 0.275
vt 0.2075 0.275
vt 0.2075 0.475
vt 0.2175 0.275
vt 0.2075 0.475
vt 0.2175 0.475
vt 0.2175 0.275
vt 0.2175 0.275
vt 0.2175 0.475
vt 0.2275 0.275
vt 0.2175 0.475
vt 0.2275 0.475
vt 0.2275 0.275
vt 0.2275 0.275
vt 0.2275 0.475
vt 0.2375 0.275
vt 0.2275 0.475
vt 0.2375 0.475
vt 0.2375 0.275
vt 0.1375 0.275
vt 0.1375 0.475
vt 0.1475 0.275
vt 0.1375 0.475
vt 0.1475 0.475
vt 0.1475 0.275
vt 0.1475 0.275
vt 0.1475 0.475
vt 0.1575 0.275
vt 0.1475 0.475
vt 0.1575 0.475
vt 0.1575 0.275
vt 0.1575 0.275
vt 0.1575 0.475
vt 0.1675 0.275
vt 0.1575 0.475
vt 0.1675 0.475
vt 0.1675 0.275
vt 0.1675 0.275
vt 0.1675 0.475
vt 0.1775 0.275
vt 0.1675 0.475
vt 0.1775 0.475
vt 0.1775 0.275
vt 0.1775 0.275
vt 0.1775 0.475
vt 0.1875 0.275
vt 0.1775 0.475
vt 0.1875 0.475
vt 0.1875 0.275
vt 0.1875 0.275
vt 0.1875 0.475
vt 0.1975 0.475
vt 0.1975 0.275
vt 0.1875 0.275
vt 0.1975 0.475
vt 0.1975 0.275
vt 0.1975 0.475
vt 0.2075 0.475
vt 0.2075 0.275
vt 0.1975 0.275
vt 0.2075 0.475
vt 0.2075 0.275
vt 0.2075 0.475
vt 0.2175 0.475
vt 0.2175 0.275
vt 0.2075 0.275
vt 0.2175 0.475
vt 0.2175 0.275
vt 0.2175 0.475
vt 0.2275 0.475
vt 0.2275 0.275
vt 0.2175 0.275
vt 0.2275 0.475
vt 0.2275 0.275
vt 0.2275 0.475
vt 0.2375 0.475
vt 0.2375 0.275
vt 0.2275 0.275
vt 0.2375 0.475
vt 0.1375 0.275
vt 0.1375 0.475
vt 0.1475 0.475
vt 0.1475 0.275
vt 0.1375 0.275
vt 0.1475 0.475
vt 0.1475 0.275
vt 0.1475 0.475
vt 0.1575 0.475
vt 0.1575 0.275
vt 0.1475 0.275
vt 0.1575 0.475
vt 0.1575 0.275
vt 0.1575 0.475
vt 0.1675 0.475
vt 0.1675 0.275
vt 0.1575 0.275
vt 0.1675 0.475
vt 0.1675 0.275
vt 0.1675 0.475
vt 0.1775 0.475
vt 0.1775 0.275
vt 0.1675 0.275
vt 0.1775 0.475
vt 0.1775 0.275
vt 0.1775 0.475
vt 0.1875 0.475
vt 0.1875 0.275
vt 0.1775 0.275
vt 0.1875 0.475
vt 0.1875 0.275
vt 0.1875 0.475
vt 0.1975 0.275
vt 0.1875 0.475
vt 0.1975 0.475
vt 0.1975 0.275
vt 0.1975 0.275
vt 0.1975 0.475
vt 0.2075 0.275
vt 0.1975 0.475
vt 0.2075 0.475
vt 0.2075 0.275
vt 0.2075 0.275
vt 0.2075 0.475
vt 0.2175 0.275
vt 0.2075 0.475
vt 0.2175 0.475
vt 0.2175 0.275
vt 0.2175 0.275
vt 0.2175 0.475
vt 0.2275 0.275
vt 0.2175 0.475
vt 0.2275 0.475
vt 0.2275 0.275
vt 0.2275 0.275
vt 0.2275 0.475
vt 0.2375 0.275
vt 0.2275 0.475
vt 0.2375 0.475
vt 0.2375 0.275
vt 0.1375 0.275
vt 0.1375 0.475
vt 0.1475 0.275
vt 0.1375 0.475
vt 0.1475 0.475
vt 0.1475 0.275
vt 0.1475 0.275
vt 0.1475 0.475
vt 0.1575 0.275
vt 0.1475 0.475
vt 0.1575 0.475
vt 0.1575 0.275
vt 0.1575 0.275
vt 0.1575 0.475
vt 0.1675 0.275
vt 0.1575 0.475
vt 0.1675 0.475
vt 0.1675 0.275
vt 0.1675 0.275
vt 0.1675 0.475
vt 0.1775 0.275
vt 0.1675 0.475
vt 0.1775 0.475
vt 0.1775 0.275
vt 0.1775 0.275
vt 0.1775 0.475
vt 0.1875 0.275
vt 0.1775 0.475
vt 0.1875 0.475
vt 0.1875 0.275
vt 0.1875 0.275
vt 0.1875 0.475
vt 0.1975 0.475
vt 0.1975 0.275
vt 0.1875 0.275
vt 0.1975 0.475
vt 0.1975 0.275
vt 0.1975 0.475
vt 0.2075 0.475
vt 0.2075 0.275
vt 0.1975 0.275
vt 0.2075 0.475
vt 0.2075 0.275
vt 0.2075 0.475
vt 0.2175 0.475
vt 0.2175 0.275
vt 0.2075 0.275
vt 0.2175 0.475
vt 0.2175 0.275
vt 0.2175 0.475
vt 0.2275 0.475
vt 0.2275 0.275
vt 0.2175 0.275
vt 0.2275 0.475
vt 0.2275 0.275
vt 0.2275 0.475
vt 0.2375 0.475
vt 0.2375 0.275
vt 0.2275 0.275
vt 0.2375 0.475
vt 0.1375 0.275
vt 0.1375 0.475
vt 0.1475 0.475
vt 0.1475 0.275
vt 0.1375 0.275
vt 0.1475 0.475
vt 0.1475 0.275
vt 0.1475 0.475
vt 0.1575 0.475
vt 0.1575 0.275
vt 0.1475 0.275
vt 0.1575 0.475
vt 0.1575 0.275
vt 0.1575 0.475
vt 0.1675 0.475
vt 0.1675 0.275
vt 0.1575 0.275
vt 0.1675 0.475
vt 0.1675 0.275
vt 0.1675 0.475
vt 0.1775 0.475
vt 0.1775 0.275
vt 0.1675 0.275
vt 0.1775 0.475
vt 0.1775 0.275
vt 0.1775 0.475
vt 0.1875 0.475
vt 0.1875 0.275
vt 0.1775 0.275
vt 0.1875 0.475
vt 0.1875 0.275
vt 0.1875 0.475
vt 0.1975 0.275
vt 0.1875 0.475
vt 0.1975 0.475
vt 0.1975 0.275
vt 0.1975 0.275
vt 0.1975 0.475
vt 0.2075 0.275
vt 0.1975 0.475
vt 0.2075 0.475
vt 0.2075 0.275
vt 0.2075 0.275
vt 0.2075 0.475
vt 0.2175 0.275
vt 0.2075 0.475
vt 0.2175 0.475
vt 0.2175 0.275
vt 0.2175 0.275
vt 0.2175 0.475
vt 0.2275 0.275
vt 0.2175 0.475
vt 0.2275 0.475
vt 0.2275 0.275
vt 0.2275 0.275
vt 0.2275 0.475
vt 0.2375 0.275
vt 0.2275 0.475
vt 0.2375 0.475
vt 0.2375 0.275
vt 0.1375 0.275
vt 0.1375 0.475
vt 0.1475 0.275
vt 0.1375 0.475
vt 0.1475 0.475
vt 0.1475 0.275
vt 0.1475 0.275
vt 0.1475 0.475
vt 0.1575 0.275
vt 0.1475 0.475
vt 0.1575 0.475
vt 0.1575 0.275
vt 0.1575 0.275
vt 0.1575 0.475
vt 0.1675 0.275
vt 0.1575 0.475
vt 0.1675 0.475
vt 0.1675 0.275
vt 0.1675 0.275
vt 0.1675 0.475
vt 0.1775 0.275
vt 0.1675 0.475
vt 0.1775 0.475
vt 0.1775 0.275
vt 0.1775 0.275
vt 0.1775 0.475
vt 0.1875 0.275
vt 0.1775 0.475
vt 0.1875 0.475
vt 0.1875 0.275
vt 0.1875 0.275
vt 0.1875 0.475
vt 0.1975 0.475
vt 0.1975 0.275
vt 0.1875 0.275
vt 0.1975 0.475
vt 0.1975 0.275
vt 0.1975 0.475
vt 0.2075 0.475
vt 0.2075 0.275
vt 0.1975 0.275
vt 0.2075 0.475
vt 0.2075 0.275
vt 0.2075 0.475
vt 0.2175 0.475
vt 0.2175 0.275
vt 0.2075 0.275
vt 0.2175 0.475
vt 0.2175 0.275
vt 0.2175 0.475
vt 0.2275 0.475
vt 0.2275 0.275
vt 0.2175 0.275
vt 0.2275 0.475
vt 0.2275 0.275
vt 0.2275 0.475
vt 0.2375 0.475
vt 0.2375 0.275
vt 0.2275 0.275
vt 0.2375 0.475
vt 0.1375 0.275
vt 0.1375 0.475
vt 0.1475 0.475
vt 0.1475 0.275
vt 0.1375 0.275
vt 0.1475 0.475
vt 0.1475 0.275
vt 0.1475 0.475
vt 0.1575 0.475
vt 0.1575 0.275
vt 0.1475 0.275
vt 0.1575 0.475
vt 0.1575 0.275
vt 0.1575 0.475
vt 0.1675 0.475
vt 0.1675 0.275
vt 0.1575 0.275
vt 0.1675 0.475
vt 0.1675 0.275
vt 0.1675 0.475
vt 0.1775 0.475
vt 0.1775 0.275
vt 0.1675 0.275
vt 0.1775 0.475
vt 0.1775 0.275
vt 0.1775 0.475
vt 0.1875 0.475
vt 0.1875 0.275
vt 0.1775 0.275
vt 0.1875 0.475
vt 0.1875 0.275
vt 0.1875 0.475
vt 0.1975 0.275
vt 0.1875 0.475
vt 0.1975 0.475
vt 0.1975 0.275
vt 0.1975 0.275
vt 0.1975 0.475
vt 0.2075 0.275
vt 0.1975 0.475
vt 0.2075 0.475
vt 0.2075 0.275
vt 0.2075 0.275
vt 0.2075 0.475
vt 0.2175 0.275
vt 0.2075 0.475
vt 0.2175 0.475
vt 0.2175 0.275
vt 0.2175 0.275
vt 0.2175 0.475
vt 0.2275 0.275
vt 0.2175 0.475
vt 0.2275 0.475
vt 0.2275 0.275
vt 0.2275 0.275
vt 0.2275 0.475
vt 0.2375 0.275
vt 0.2275 0.475
vt 0.2375 0.475
vt 0.2375 0.275
vt 0.1375 0.275
vt 0.1375 0.475
vt 0.1475 0.275
vt 0.1375 0.475
vt 0.1475 0.475
vt 0.1475 0.275
vt 0.1475 0.275
vt 0.1475 0.475
vt 0.1575 0.275
vt 0.1475 0.475
vt 0.1575 0.475
vt 0.1575 0.275
vt 0.1575 0.275
vt 0.1575 0.475
vt 0.1675 0.275
vt 0.1575 0.475
vt 0.1675 0.475
vt 0.1675 0.275
vt 0.1675 0.275
vt 0.1675 0.475
vt 0.1775 0.275
vt 0.1675 0.475
vt 0.1775 0.475
vt 0.1775 0.275
vt 0.1775 0.275
vt 0.1775 0.475
vt 0.1875 0.275
vt 0.1775 0.475
vt 0.1875 0.475
vt 0.1875 0.275

f 65/1 1/2 2/3
f 66/4 65/5 2/6
f 66/7 2/8 3/9
f 67/10 66/11 3/12
f 67/13 3/14 4/15
f 68/16 67/17 4/18
f 68/19 4/20 5/21
f 69/22 68/23 5/24
f 69/25 5/26 6/27
f 70/28 69/29 6/30
f 70/31 6/32 7/33
f 71/34 70/35 7/36
f 71/37 7/38 8/39
f 72/40 71/41 8/42
f 72/43 8/44 9/45
f 73/46 72/47 9/48
f 73/49 9/50 10/51
f 74/52 73/53 10/54
f 74/55 10/56 11/57
f 75/58 74/59 11/60
f 75/61 11/62 12/63
f 76/64 75/65 12/66
f 76/67 12/68 13/69
f 77/70 76/71 13/72
f 77/73 13/74 14/75
f 78/76 77/77 14/78
f 78/79 14/80 15/81
f 79/82 78/83 15/84
f 79/85 15/86 16/87
f 80/88 79/89 16/90
f 80/91 16/92 17/93
f 81/94 80/95 17/96
f 81/97 17/98 18/99
f 82/100 81/101 18/102
f 82/103 18/104 19/105
f 83/106 82/107 19/108
f 83/109 19/110 20/111
f 84/112 83/113 20/114
f 84/115 20/116 21/117
f 85/118 84/119 21/120
f 85/121 21/122 22/123
f 86/124 85/125 22/126
f 86/127 22/128 23/129
f 87/130 86/131 23/132
f 87/133 23/134 24/135
f 88/136 87/137 24/138
f 88/139 24/140 25/141
f 89/142 88/143 25/144
f 89/145 25/146 26/147
f 90/148 89/149 26/150
f 90/151 26/152 27/153
f 91/154 90/155 27/156
f 91/157 27/158 28/159
f 92/160 91/161 28/162
f 92/163 28/164 29/165
f 93/166 92/167 29/168
f 93/169 29/170 30/171
f 94/172 93/173 30/174
f 94/175 30/176 31/177
f 95/178 94/179 31/180
f 95/181 31/182 32/183
f 96/184 95/185 32/186
f 96/187 32/188 33/189
f 97/190 96/191 33/192
f 97/193 33/194 98/195
f 33/196 34/197 98/198
f 98/199 34/200 99/201
f 34/202 35/203 99/204
f 99/205 35/206 100/207
f 35/208 36/209 100/210
f 100/211 36/212 101/213
f 36/214 37/215 101/216
f 101/217 37/218 102/219
f 37/220 38/221 102/222
f 102/223 38/224 103/225
f 38/226 39/227 103/228
f 103/229 39/230 104/231
f 39/232 40/233 104/234
f 104/235 40/236 105/237
f 40/238 41/239 105/240
f 105/241 41/242 106/243
f 41/244 42/245 106/246
f 106/247 42/248 107/249
f 42/250 43/251 107/252
f 107/253 43/254 108/255
f 43/256 44/257 108/258
f 108/259 44/260 109/261
f 44/262 45/263 109/264
f 109/265 45/266 110/267
f 45/268 46/269 110/270
f 110/271 46/272 111/273
f 46/274 47/275 111/276
f 111/277 47/278 112/279
f 47/280 48/281 112/282
f 112/283 48/284 113/285
f 48/286 49/287 113/288
f 113/289 49/290 114/291
f 49/292 50/293 114/294
f 114/295 50/296 115/297
f 50/298 51/299 115/300
f 115/301 51/302 116/303
f 51/304 52/305 116/306
f 116/307 52/308 117/309
f 52/310 53/311 117/312
f 117/313 53/314 118/315
f 53/316 54/317 118/318
f 118/319 54/320 119/321
f 54/322 55/323 119/324
f 119/325 55/326 120/327
f 55/328 56/329 120/330
f 120/331 56/332 121/333
f 56/334 57/335 121/336
f 121/337 57/338 122/339
f 57/340 58/341 122/342
f 122/343 58/344 123/345
f 58/346 59/347 123/348
f 123/349 59/350 124/351
f 59/352 60/353 124/354
f 124/355 60/356 125/357
f 60/358 61/359 125/360
f 125/361 61/362 126/363
f 61/364 62/365 126/366
f 126/367 62/368 127/369
f 62/370 63/371 127/372
f 127/373 63/374 128/375
f 63/376 64/377 128/378
f 128/379 64/380 65/381
f 64/382 1/383 65/384
f 129/385 65/386 66/387
f 130/388 129/389 66/390
f 130/391 66/392 67/393
f 131/394 130/395 67/396
f 131/397 67/398 68/399
f 132/400 131/401 68/402
f 132/403 68/404 69/405
f 133/406 132/407 69/408
f 133/409 69/410 70/411
f 134/412 133/413 70/414
f 134/415 70/416 71/417
f 135/418 134/419 71/420
f 135/421 71/422 72/423
f 136/424 135/425 72/426
f 136/427 72/428 73/429
f 137/430 136/431 73/432
f 137/433 73/434 74/435
f 138/436 137/437 74/438
f 138/439 74/440 75/441
f 139/442 138/443 75/444
f 139/445 75/446 76/447
f 140/448 139/449 76/450
f 140/451 76/452 77/453
f 141/454 140/455 77/456
f 141/457 77/458 78/459
f 142/460 141/461 78/462
f 142/463 78/464 79/465
f 143/466 142/467 79/468
f 143/469 79/470 80/471
f 144/472 143/473 80/474
f 144/475 80/476 81/477
f 145/478 144/479 81/480
f 145/481 81/482 82/483
f 146/484 145/485 82/486
f 146/487 82/488 83/489
f 147/490 146/491 83/492
f 147/493 83/494 84/495
f 148/496 147/497 84/498
f 148/499 84/500 85/501
f 149/502 148/503 85/504
f 149/505 85/506 86/507
f 150/508 149/509 86/510
f 150/511 86/512 87/513
f 151/514 150/515 87/516
f 151/517 87/518 88/519
f 152/520 151/521 88/522
f 152/523 88/524 89/525
f 153/526 152/527 89/528
f 153/529 89/530 90/531
f 154/532 153/533 90/534
f 154/535 90/536 91/537
f 155/538 154/539 91/540
f 155/541 91/542 92/543
f 156/544 155/545 92/546
f 156/547 92/548 93/549
f 157/550 156/551 93/552
f 157/553 93/554 94/555
f 158/556 157/557 94/558
f 158/559 94/560 95/561
f 159/562 158/563 95/564
f 159/565 95/566 96/567
f 160/568 159/569 96/570
f 160/571 96/572 97/573
f 161/574 160/575 97/576
f 161/577 97/578 162/579
f 97/580 98/581 162/582
f 162/583 98/584 163/585
f 98/586 99/587 163/588
f 163/589 99/590 164/591
f 99/592 100/593 164/594
f 164/595 100/596 165/597
f 100/598 101/599 165/600
f 165/601 101/602 166/603
f 101/604 102/605 166/606
f 166/607 102/608 167/609
f 102/610 103/611 167/612
f 167/613 103/614 168/615
f 103/616 104/617 168/618
f 168/619 104/620 169/621
f 104/622 105/623 169/624
f 169/625 105/626 170/627
f 105/628 106/629 170/630
f 170/631 106/632 171/633
f 106/634 107/635 171/636
f 171/637 107/638 172/639
f 107/640 108/641 172/642
f 172/643 108/644 173/645
f 108/646 109/647 173/648
f 173/649 109/650 174/651
f 109/652 110/653 174/654
f 174/655 110/656 175/657
f 110/658 111/659 175/660
f 175/661 111/662 176/663
f 111/664 112/665 176/666
f 176/667 112/668 177/669
f 112/670 113/671 177/672
f 177/673 113/674 178/675
f 113/676 114/677 178/678
f 178/679 114/680 179/681
f 114/682 115/683 179/684
f 179/685 115/686 180/687
f 115/688 116/689 180/690
f 180/691 116/692 181/693
f 116/694 117/695 181/696
f 181/697 117/698 182/699
f 117/700 118/701 182/702
f 182/703 118/704 183/705
f 118/706 119/707 183/708
f 183/709 119/710 184/711
f 119/712 120/713 184/714
f 184/715 120/716 185/717
f 120/718 121/719 185/720
f 185/721 121/722 186/723
f 121/724 122/725 186/726
f 186/727 122/728 187/729
f 122/730 123/731 187/732
f 187/733 123/734 188/735
f 123/736 124/737 188/738
f 188/739 124/740 189/741
f 124/742 125/743 189/744
f 189/745 125/746 190/747
f 125/748 126/749 190/750
f 190/751 126/752 191/753
f 126/754 127/755 191/756
f 191/757 127/758 192/759
f 127/760 128/761 192/762
f 192/763 128/764 129/765
f 128/766 65/767 129/768
f 193/769 129/770 130/771
f 194/772 193/773 130/774
f 194/775 130/776 131/777
f 195/778 194/779 131/780
f 195/781 131/782 132/783
f 196/784 195/785 132/786
f 196/787 132/788 133/789
f 197/790 196/791 133/792
f 197/793 133/794 134/795
f 198/796 197/797 134/798
f 198/799 134/800 135/801
f 199/802 198/803 135/804
f 199/805 135/806 136/807
f 200/808 199/809 136/810
f 200/811 136/812 137/813
f 201/814 200/815 137/816
f 201/817 137/818 138/819
f 202/820 201/821 138/822
f 202/823 138/824 139/825
f 203/826 202/827 139/828
f 203/829 139/830 140/831
f 204/832 203/833 140/834
f 204/835 140/836 141/837
f 205/838 204/839 141/840
f 205/841 141/842 142/843
f 206/844 205/845 142/846
f 206/847 142/848 143/849
f 207/850 206/851 143/852
f 207/853 143/854 144/855
f 208/856 207/857 144/858
f 208/859 144/860 145/861
f 209/862 208/863 145/864
f 209/865 145/866 146/867
f 210/868 209/869 146/870
f 210/871 146/872 147/873
f 211/874 210/875 147/876
f 211/877 147/878 148/879
f 212/880 211/881 148/882
f 212/883 148/884 149/885
f 213/886 212/887 149/888
f 213/889 149/890 150/891
f 214/892 213/893 150/894
f 214/895 150/896 151/897
f 215/898 214/899 151/900
f 215/901 151/902 152/903
f 216/904 215/905 152/906
f 216/907 152/908 153/909
f 217/910 216/911 153/912
f 217/913 153/914 154/915
f 218/916 217/917 154/918
f 218/919 154/920 155/921
f 219/922 218/923 155/924
f 219/925 155/926 156/927
f 220/928 219/929 156/930
f 220/931 156/932 157/933
f 221/934 220/935 157/936
f 221/937 157/938 158/939
f 222/940 221/941 158/942
f 222/943 158/944 159/945
f 223/946 222/947 159/948
f 223/949 159/950 160/951
f 224/952 223/953 160/954
f 224/955 160/956 161/957
f 225/958 224/959 161/960
f 225/961 161/962 226/963
f 161/964 162/965 226/966
f 226/967 162/968 227/969
f 162/970 163/971 227/972
f 227/973 163/974 228/975
f 163/976 164/977 228/978
f 228/979 164/980 229/981
f 164/982 165/983 229/984
f 229/985 165/986 230/987
f 165/988 166/989 230/990
f 230/991 166/992 231/993
f 166/994 167/995 231/996
f 231/997 167/998 232/999
f 167/1000 168/1001 232/1002
f 232/1003 168/1004 233/1005
f 168/1006 169/1007 233/1008
f 233/1009 169/1010 234/1011
f 169/1012 170/1013 234/1014
f 234/1015 170/1016 235/1017
f 170/1018 171/1019 235/1020
f 235/1021 171/1022 236/1023
f 171/1024 172/1025 236/1026
f 236/1027 172/1028 237/1029
f 172/1030 173/1031 237/1032
f 237/1033 173/1034 238/1035
f 173/1036 174/1037 238/1038
f 238/1039 174/1040 239/1041
f 174/1042 175/1043 239/1044
f 239/1045 175/1046 240/1047
f 175/1048 176/1049 240/1050
f 240/1051 176/1052 241/1053
f 176/1054 177/1055 241/1056
f 241/1057 177/1058 242/1059
f 177/1060 178/1061 242/1062
f 242/1063 178/1064 243/1065
f 178/1066 179/1067 243/1068
f 243/1069 179/1070 244/1071
f 179/1072 180/1073 244/1074
f 244/1075 180/1076 245/1077
f 180/1078 181/1079 245/1080
f 245/1081 181/1082 246/1083
f 181/1084 182/1085 246/1086
f 246/1087 182/1088 247/1089
f 182/1090 183/1091 247/1092
f 247/1093 183/1094 248/1095
f 183/1096 184/1097 248/1098
f 248/1099 184/1100 249/1101
f 184/1102 185/1103 249/1104
f 249/1105 185/1106 250/1107
f 185/1108 186/1109 250/1110
f 250/1111 186/1112 251/1113
f 186/1114 187/1115 251/1116
f 251/1117 187/1118 252/1119
f 187/1120 188/1121 252/1122
f 252/1123 188/1124 253/1125
f 188/1126 189/1127 253/1128
f 253/1129 189/1130 254/1131
f 189/1132 190/1133 254/1134
f 254/1135 190/1136 255/1137
f 190/1138 191/1139 255/1140
f 255/1141 191/1142 256/1143
f 191/1144 192/1145 256/1146
f 256/1147 192/1148 193/1149
f 192/1150 129/1151 193/1152
f 257/1153 193/1154 194/1155
f 258/1156 257/1157 194/1158
f 258/1159 194/1160 195/1161
f 259/1162 258/1163 195/1164
f 259/1165 195/1166 196/1167
f 260/1168 259/1169 196/1170
f 260/1171 196/1172 197/1173
f 261/1174 260/1175 197/1176
f 261/1177 197/1178 198/1179
f 262/1180 261/1181 198/1182
f 262/1183 198/1184 199/1185
f 263/1186 262/1187 199/1188
f 263/1189 199/1190 200/1191
f 264/1192 263/1193 200/1194
f 264/1195 200/1196 201/1197
f 265/1198 264/1199 201/1200
f 265/1201 201/1202 202/1203
f 266/1204 265/1205 202/1206
f 266/1207 202/1208 203/1209
f 267/1210 266/1211 203/1212
f 267/1213 203/1214 204/1215
f 268/1216 267/1217 204/1218
f 268/1219 204/1220 205/1221
f 269/1222 268/1223 205/1224
f 269/1225 205/1226 206/1227
f 270/1228 269/1229 206/1230
f 270/1231 206/1232 207/1233
f 271/1234 270/1235 207/1236
f 271/1237 207/1238 208/1239
f 272/1240 271/1241 208/1242
f 272/1243 208/1244 209/1245
f 273/1246 272/1247 209/1248
f 273/1249 209/1250 210/1251
f 274/1252 273/1253 210/1254
f 274/1255 210/1256 211/1257
f 275/1258 274/1259 211/1260
f 275/1261 211/1262 212/1263
f 276/1264 275/1265 212/1266
f 276/1267 212/1268 213/1269
f 277/1270 276/1271 213/1272
f 277/1273 213/1274 214/1275
f 278/1276 277/1277 214/1278
f 278/1279 214/1280 215/1281
f 279/1282 278/1283 215/1284
f 279/1285 215/1286 216/1287
f 280/1288 279/1289 216/1290
f 280/1291 216/1292 217/1293
f 281/1294 280/1295 217/1296
f 281/1297 217/1298 218/1299
f 282/1300 281/1301 218/1302
f 282/1303 218/1304 219/1305
f 283/1306 282/1307 219/1308
f 283/1309 219/1310 220/1311
f 284/1312 283/1313 220/1314
f 284/1315 220/1316 221/1317
f 285/1318 284/1319 221/1320
f 285/1321 221/1322 222/1323
f 286/1324 285/1325 222/1326
f 286/1327 222/1328 223/1329
f 287/1330 286/1331 223/1332
f 287/1333 223/1334 224/1335
f 288/1336 287/1337 224/1338
f 288/1339 224/1340 225/1341
f 289/1342 288/1343 225/1344
f 289/1345 225/1346 290/1347
f 225/1348 226/1349 290/1350
f 290/1351 226/1352 291/1353
f 226/1354 227/1355 291/1356
f 291/1357 227/1358 292/1359
f 227/1360 228/1361 292/1362
f 292/1363 228/1364 293/1365
f 228/1366 229/1367 293/1368
f 293/1369 229/1370 294/1371
f 229/1372 230/1373 294/1374
f 294/1375 230/1376 295/1377
f 230/1378 231/1379 295/1380
f 295/1381 231/1382 296/1383
f 231/1384 232/1385 296/1386
f 296/1387 232/1388 297/1389
f 232/1390 233/1391 297/1392
f 297/1393 233/1394 298/1395
f 233/1396 234/1397 298/1398
f 298/1399 234/1400 299/1401
f 234/1402 235/1403 299/1404
f 299/1405 235/1406 300/1407
f 235/1408 236/1409 300/1410
f 300/1411 236/1412 301/1413
f 236/1414 237/1415 301/1416
f 301/1417 237/1418 302/1419
f 237/1420 238/1421 302/1422
f 302/1423 238/1424 303/1425
f 238/1426 239/1427 303/1428
f 303/1429 239/1430 304/1431
f 239/1432 240/1433 304/1434
f 304/1435 240/1436 305/1437
f 240/1438 241/1439 305/1440
f 305/1441 241/1442 306/1443
f 241/1444 242/1445 306/1446
f 306/1447 242/1448 307/1449
f 242/1450 243/1451 307/1452
f 307/1453 243/1454 308/1455
f 243/1456 244/1457 308/1458
f 308/1459 244/1460 309/1461
f 244/1462 245/1463 309/1464
f 309/1465 245/1466 310/1467
f 245/1468 246/1469 310/1470
f 310/1471 246/1472 311/1473
f 246/1474 247/1475 311/1476
f 311/1477 247/1478 312/1479
f 247/1480 248/1481 312/1482
f 312/1483 248/1484 313/1485
f 248/1486 249/1487 313/1488
f 313/1489 249/1490 314/1491
f 249/1492 250/1493 314/1494
f 314/1495 250/1496 315/1497
f 250/1498 251/1499 315/1500
f 315/1501 251/1502 316/1503
f 251/1504 252/1505 316/1506
f 316/1507 252/1508 317/1509
f 252/1510 253/1511 317/1512
f 317/1513 253/1514 318/1515
f 253/1516 254/1517 318/1518
f 318/1519 254/1520 319/1521
f 254/1522 255/1523 319/1524
f 319/1525 255/1526 320/1527
f 255/1528 256/1529 320/1530
f 320/1531 256/1532 257/1533
f 256/1534 193/1535 257/1536
f 321/1537 257/1538 258/1539
f 322/1540 321/1541 258/1542
f 322/1543 258/1544 259/1545
f 323/1546 322/1547 259/1548
f 323/1549 259/1550 260/1551
f 324/1552 323/1553 260/1554
f 324/1555 260/1556 261/1557
f 325/1558 324/1559 261/1560
f 325/1561 261/1562 262/1563
f 326/1564 325/1565 262/1566
f 326/1567 262/1568 263/1569
f 327/1570 326/1571 263/1572
f 327/1573 263/1574 264/1575
f 328/1576 327/1577 264/1578
f 328/1579 264/1580 265/1581
f 329/1582 328/1583 265/1584
f 329/1585 265/1586 266/1587
f 330/1588 329/1589 266/1590
f 330/1591 266/1592 267/1593
f 331/1594 330/1595 267/1596
f 331/1597 267/1598 268/1599
f 332/1600 331/1601 268/1602
f 332/1603 268/1604 269/1605
f 333/1606 332/1607 269/1608
f 333/1609 269/1610 270/1611
f 334/1612 333/1613 270/1614
f 334/1615 270/1616 271/1617
f 335/1618 334/1619 271/1620
f 335/1621 271/1622 272/1623
f 336/1624 335/1625 272/1626
f 336/1627 272/1628 273/1629
f 337/1630 336/1631 273/1632
f 337/1633 273/1634 274/1635
f 338/1636 337/1637 274/1638
f 338/1639 274/1640 275/1641
f 339/1642 338/1643 275/1644
f 339/1645 275/1646 276/1647
f 340/1648 339/1649 276/1650
f 340/1651 276/1652 277/1653
f 341/1654 340/1655 277/1656
f 341/1657 277/1658 278/1659
f 342/1660 341/1661 278/1662
f 342/1663 278/1664 279/1665
f 343/1666 342/1667 279/1668
f 343/1669 279/1670 280/1671
f 344/1672 343/1673 280/1674
f 344/1675 280/1676 281/1677
f 345/1678 344/1679 281/1680
f 345/1681 281/1682 282/1683
f 346/1684 345/1685 282/1686
f 346/1687 282/1688 283/1689
f 347/1690 346/1691 283/1692
f 347/1693 283/1694 284/1695
f 348/1696 347/1697 284/1698
f 348/1699 284/1700 285/1701
f 349/1702 348/1703 285/1704
f 349/1705 285/1706 286/1707
f 350/1708 349/1709 286/1710
f 350/1711 286/1712 287/1713
f 351/1714 350/1715 287/1716
f 351/1717 287/1718 288/1719
f 352/1720 351/1721 288/1722
f 352/1723 288/1724 289/1725
f 353/1726 352/1727 289/1728
f 353/1729 289/1730 354/1731
f 289/1732 290/1733 354/1734
f 354/1735 290/1736 355/1737
f 290/1738 291/1739 355/1740
f 355/1741 291/1742 356/1743
f 291/1744 292/1745 356/1746
f 356/1747 292/1748 357/1749
f 292/1750 293/1751 357/1752
f 357/1753 293/1754 358/1755
f 293/1756 294/1757 358/1758
f 358/1759 294/1760 359/1761
f 294/1762 295/1763 359/1764
f 359/1765 295/1766 360/1767
f 295/1768 296/1769 360/1770
f 360/1771 296/1772 361/1773
f 296/1774 297/1775 361/1776
f 361/1777 297/1778 362/1779
f 297/1780 298/1781 362/1782
f 362/1783 298/1784 363/1785
f 298/1786 299/1787 363/1788
f 363/1789 299/1790 364/1791
f 299/1792 300/1793 364/1794
f 364/1795 300/1796 365/1797
f 300/1798 301/1799 365/1800
f 365/1801 301/1802 366/1803
f 301/1804 302/1805 366/1806
f 366/1807 302/1808 367/1809
f 302/1810 303/1811 367/1812
f 367/1813 303/1814 368/1815
f 303/1816 304/1817 368/1818
f 368/1819 304/1820 369/1821
f 304/1822 305/1823 369/1824
f 369/1825 305/1826 370/1827
f 305/1828 306/1829 370/1830
f 370/1831 306/1832 371/1833
f 306/1834 307/1835 371/1836
f 371/1837 307/1838 372/1839
f 307/1840 308/1841 372/1842
f 372/1843 308/1844 373/1845
f 308/1846 309/1847 373/1848
f 373/1849 309/1850 374/1851
f 309/1852 310/1853 374/1854
f 374/1855 310/1856 375/1857
f 310/1858 311/1859 375/1860
f 375/1861 311/1862 376/1863
f 311/1864 312/1865 376/1866
f 376/1867 312/1868 377/1869
f 312/1870 313/1871 377/1872
f 377/1873 313/1874 378/1875
f 313/1876 314/1877 378/1878
f 378/1879 314/1880 379/1881
f 314/1882 315/1883 379/1884
f 379/1885 315/1886 380/1887
f 315/1888 316/1889 380/1890
f 380/1891 316/1892 381/1893
f 316/1894 317/1895 381/1896
f 381/1897 317/1898 382/1899
f 317/1900 318/1901 382/1902
f 382/1903 318/1904 383/1905
f 318/1906 319/1907 383/1908
f 383/1909 319/1910 384/1911
f 319/1912 320/1913 384/1914
f 384/1915 320/1916 321/1917
f 320/1918 257/1919 321/1920
f 385/1921 321/1922 322/1923
f 386/1924 385/1925 322/1926
f 386/1927 322/1928 323/1929
f 387/1930 386/1931 323/1932
f 387/1933 323/1934 324/1935
f 388/1936 387/1937 324/1938
f 388/1939 324/1940 325/1941
f 389/1942 388/1943 325/1944
f 389/1945 325/1946 326/1947
f 390/1948 389/1949 326/1950
f 390/1951 326/1952 327/1953
f 391/1954 390/1955 327/1956
f 391/1957 327/1958 328/1959
f 392/1960 391/1961 328/1962
f 392/1963 328/1964 329/1965
f 393/1966 392/1967 329/1968
f 393/1969 329/1970 330/1971
f 394/1972 393/1973 330/1974
f 394/1975 330/1976 331/1977
f 395/1978 394/1979 331/1980
f 395/1981 331/1982 332/1983
f 396/1984 395/1985 332/1986
f 396/1987 332/1988 333/1989
f 397/1990 396/1991 333/1992
f 397/1993 333/1994 334/1995
f 398/1996 397/1997 334/1998
f 398/1999 334/2000 335/2001
f 399/2002 398/2003 335/2004
f 399/2005 335/2006 336/2007
f 400/2008 399/2009 336/2010
f 400/2011 336/2012 337/2013
f 401/2014 400/2015 337/2016
f 401/2017 337/2018 338/2019
f 402/2020 401/2021 338/2022
f 402/2023 338/2024 339/2025
f 403/2026 402/2027 339/2028
f 403/2029 339/2030 340/2031
f 404/2032 403/2033 340/2034
f 404/2035 340/2036 341/2037
f 405/2038 404/2039 341/2040
f 405/2041 341/2042 342/2043
f 406/2044 405/2045 342/2046
f 406/2047 342/2048 343/2049
f 407/2050 406/2051 343/2052
f 407/2053 343/2054 344/2055
f 408/2056 407/2057 344/2058
f 408/2059 344/2060 345/2061
f 409/2062 408/2063 345/2064
f 409/2065 345/2066 346/2067
f 410/2068 409/2069 346/2070
f 410/2071 346/2072 347/2073
f 411/2074 410/2075 347/2076
f 411/2077 347/2078 348/2079
f 412/2080 411/2081 348/2082
f 412/2083 348/2084 349/2085
f 413/2086 412/2087 349/2088
f 413/2089 349/2090 350/2091
f 414/2092 413/2093 350/2094
f 414/2095 350/2096 351/2097
f 415/2098 414/2099 351/2100
f 415/2101 351/2102 352/2103
f 416/2104 415/2105 352/2106
f 416/2107 352/2108 353/2109
f 417/2110 416/2111 353/2112
f 417/2113 353/2114 418/2115
f 353/2116 354/2117 418/2118
f 418/2119 354/2120 419/2121
f 354/2122 355/2123 419/2124
f 419/2125 355/2126 420/2127
f 355/2128 356/2129 420/2130
f 420/2131 356/2132 421/2133
f 356/2134 357/2135 421/2136
f 421/2137 357/2138 422/2139
f 357/2140 358/2141 422/2142
f 422/2143 358/2144 423/2145
f 358/2146 359/2147 423/2148
f 423/2149 359/2150 424/2151
f 359/2152 360/2153 424/2154
f 424/2155 360/2156 425/2157
f 360/2158 361/2159 425/2160
f 425/2161 361/2162 426/2163
f 361/2164 362/2165 426/2166
f 426/2167 362/2168 427/2169
f 362/2170 363/2171 427/2172
f 427/2173 363/2174 428/2175
f 363/2176 364/2177 428/2178
f 428/2179 364/2180 429/2181
f 364/2182 365/2183 429/2184
f 429/2185 365/2186 430/2187
f 365/2188 366/2189 430/2190
f 430/2191 366/2192 431/2193
f 366/2194 367/2195 431/2196
f 431/2197 367/2198 432/2199
f 367/2200 368/2201 432/2202
f 432/2203 368/2204 433/2205
f 368/2206 369/2207 433/2208
f 433/2209 369/2210 434/2211
f 369/2212 370/2213 434/2214
f 434/2215 370/2216 435/2217
f 370/2218 371/2219 435/2220
f 435/2221 371/2222 436/2223
f 371/2224 372/2225 436/2226
f 436/2227 372/2228 437/2229
f 372/2230 373/2231 437/2232
f 437/2233 373/2234 438/2235
f 373/2236 374/2237 438/2238
f 438/2239 374/2240 439/2241
f 374/2242 375/2243 439/2244
f 439/2245 375/2246 440/2247
f 375/2248 376/2249 440/2250
f 440/2251 376/2252 441/2253
f 376/2254 377/2255 441/2256
f 441/2257 377/2258 442/2259
f 377/2260 378/2261 442/2262
f 442/2263 378/2264 443/2265
f 378/2266 379/2267 443/2268
f 443/2269 379/2270 444/2271
f 379/2272 380/2273 444/2274
f 444/2275 380/2276 445/2277
f 380/2278 381/2279 445/2280
f 445/2281 381/2282 446/2283
f 381/2284 382/2285 446/2286
f 446/2287 382/2288 447/2289
f 382/2290 383/2291 447/2292
f 447/2293 383/2294 448/2295
f 383/2296 384/2297 448/2298
f 448/2299 384/2300 385/2301
f 384/2302 321/2303 385/2304
f 449/2305 385/2306 386/2307
f 450/2308 449/2309 386/2310
f 450/2311 386/2312 387/2313
f 451/2314 450/2315 387/2316
f 451/2317 387/2318 388/2319
f 452/2320 451/2321 388/2322
f 452/2323 388/2324 389/2325
f 453/2326 452/2327 389/2328
f 453/2329 389/2330 390/2331
f 454/2332 453/2333 390/2334
f 454/2335 390/2336 391/2337
f 455/2338 454/2339 391/2340
f 455/2341 391/2342 392/2343
f 456/2344 455/2345 392/2346
f 456/2347 392/2348 393/2349
f 457/2350 456/2351 393/2352
f 457/2353 393/2354 394/2355
f 458/2356 457/2357 394/2358
f 458/2359 394/2360 395/2361
f 459/2362 458/2363 395/2364
f 459/2365 395/2366 396/2367
f 460/2368 459/2369 396/2370
f 460/2371 396/2372 397/2373
f 461/2374 460/2375 397/2376
f 461/2377 397/2378 398/2379
f 462/2380 461/2381 398/2382
f 462/2383 398/2384 399/2385
f 463/2386 462/2387 399/2388
f 463/2389 399/2390 400/2391
f 464/2392 463/2393 400/2394
f 464/2395 400/2396 401/2397
f 465/2398 464/2399 401/2400
f 465/2401 401/2402 402/2403
f 466/2404 465/2405 402/2406
f 466/2407 402/2408 403/2409
f 467/2410 466/2411 403/2412
f 467/2413 403/2414 404/2415
f 468/2416 467/2417 404/2418
f 468/2419 404/2420 405/2421
f 469/2422 468/2423 405/2424
f 469/2425 405/2426 406/2427
f 470/2428 469/2429 406/2430
f 470/2431 406/2432 407/2433
f 471/2434 470/2435 407/2436
f 471/2437 407/2438 408/2439
f 472/2440 471/2441 408/2442
f 472/2443 408/2444 409/2445
f 473/2446 472/2447 409/2448
f 473/2449 409/2450 410/2451
f 474/2452 473/2453 410/2454
f 474/2455 410/2456 411/2457
f 475/2458 474/2459 411/2460
f 475/2461 411/2462 412/2463
f 476/2464 475/2465 412/2466
f 476/2467 412/2468 413/2469
f 477/2470 476/2471 413/2472
f 477/2473 413/2474 414/2475
f 478/2476 477/2477 414/2478
f 478/2479 414/2480 415/2481
f 479/2482 478/2483 415/2484
f 479/2485 415/2486 416/2487
f 480/2488 479/2489 416/2490
f 480/2491 416/2492 417/2493
f 481/2494 480/2495 417/2496
f 481/2497 417/2498 482/2499
f 417/2500 418/2501 482/2502
f 482/2503 418/2504 483/2505
f 418/2506 419/2507 483/2508
f 483/2509 419/2510 484/2511
f 419/2512 420/2513 484/2514
f 484/2515 420/2516 485/2517
f 420/2518 421/2519 485/2520
f 485/2521 421/2522 486/2523
f 421/2524 422/2525 486/2526
f 486/2527 422/2528 487/2529
f 422/2530 423/2531 487/2532
f 487/2533 423/2534 488/2535
f 423/2536 424/2537 488/2538
f 488/2539 424/2540 489/2541
f 424/2542 425/2543 489/2544
f 489/2545 425/2546 490/2547
f 425/2548 426/2549 490/2550
f 490/2551 426/2552 491/2553
f 426/2554 427/2555 491/2556
f 491/2557 427/2558 492/2559
f 427/2560 428/2561 492/2562
f 492/2563 428/2564 493/2565
f 428/2566 429/2567 493/2568
f 493/2569 429/2570 494/2571
f 429/2572 430/2573 494/2574
f 494/2575 430/2576 495/2577
f 430/2578 431/2579 495/2580
f 495/2581 431/2582 496/2583
f 431/2584 432/2585 496/2586
f 496/2587 432/2588 497/2589
f 432/2590 433/2591 497/2592
f 497/2593 433/2594 498/2595
f 433/2596 434/2597 498/2598
f 498/2599 434/2600 499/2601
f 434/2602 435/2603 499/2604
f 499/2605 435/2606 500/2607
f 435/2608 436/2609 500/2610
f 500/2611 436/2612 501/2613
f 436/2614 437/2615 501/2616
f 501/2617 437/2618 502/2619
f 437/2620 438/2621 502/2622
f 502/2623 438/2624 503/2625
f 438/2626 439/2627 503/2628
f 503/2629 439/2630 504/2631
f 439/2632 440/2633 504/2634
f 504/2635 440/2636 505/2637
f 440/2638 441/2639 505/2640
f 505/2641 441/2642 506/2643
f 441/2644 442/2645 506/2646
f 506/2647 442/2648 507/2649
f 442/2650 443/2651 507/2652
f 507/2653 443/2654 508/2655
f 443/2656 444/2657 508/2658
f 508/2659 444/2660 509/2661
f 444/2662 445/2663 509/2664
f 509/2665 445/2666 510/2667
f 445/2668 446/2669 510/2670
f 510/2671 446/2672 511/2673
f 446/2674 447/2675 511/2676
f 511/2677 447/2678 512/2679
f 447/2680 448/2681 512/2682
f 512/2683 448/2684 449/2685
f 448/2686 385/2687 449/2688
f 513/2689 449/2690 450/2691
f 514/2692 513/2693 450/2694
f 514/2695 450/2696 451/2697
f 515/2698 514/2699 451/2700
f 515/2701 451/2702 452/2703
f 516/2704 515/2705 452/2706
f 516/2707 452/2708 453/2709
f 517/2710 516/2711 453/2712
f 517/2713 453/2714 454/2715
f 518/2716 517/2717 454/2718
f 518/2719 454/2720 455/2721
f 519/2722 518/2723 455/2724
f 519/2725 455/2726 456/2727
f 520/2728 519/2729 456/2730
f 520/2731 456/2732 457/2733
f 521/2734 520/2735 457/2736
f 521/2737 457/2738 458/2739
f 522/2740 521/2741 458/2742
f 522/2743 458/2744 459/2745
f 523/2746 522/2747 459/2748
f 523/2749 459/2750 460/2751
f 524/2752 523/2753 460/2754
f 524/2755 460/2756 461/2757
f 525/2758 524/2759 461/2760
f 525/2761 461/2762 462/2763
f 526/2764 525/2765 462/2766
f 526/2767 462/2768 463/2769
f 527/2770 526/2771 463/2772
f 527/2773 463/2774 464/2775
f 528/2776 527/2777 464/2778
f 528/2779 464/2780 465/2781
f 529/2782 528/2783 465/2784
f 529/2785 465/2786 466/2787
f 530/2788 529/2789 466/2790
f 530/2791 466/2792 467/2793
f 531/2794 530/2795 467/2796
f 531/2797 467/2798 468/2799
f 532/2800 531/2801 468/2802
f 532/2803 468/2804 469/2805
f 533/2806 532/2807 469/2808
f 533/2809 469/2810 470/2811
f 534/2812 533/2813 470/2814
f 534/2815 470/2816 471/2817
f 535/2818 534/2819 471/2820
f 535/2821 471/2822 472/2823
f 536/2824 535/2825 472/2826
f 536/2827 472/2828 473/2829
f 537/2830 536/2831 473/2832
f 537/2833 473/2834 474/2835
f 538/2836 537/2837 474/2838
f 538/2839 474/2840 475/2841
f 539/2842 538/2843 475/2844
f 539/2845 475/2846 476/2847
f 540/2848 539/2849 476/2850
f 540/2851 476/2852 477/2853
f 541/2854 540/2855 477/2856
f 541/2857 477/2858 478/2859
f 542/2860 541/2861 478/2862
f 542/2863 478/2864 479/2865
f 543/2866 542/2867 479/2868
f 543/2869 479/2870 480/2871
f 544/2872 543/2873 480/2874
f 544/2875 480/2876 481/2877
f 545/2878 544/2879 481/2880
f 545/2881 481/2882 546/2883
f 481/2884 482/2885 546/2886
f 546/2887 482/2888 547/2889
f 482/2890 483/2891 547/2892
f 547/2893 483/2894 548/2895
f 483/2896 484/2897 548/2898
f 548/2899 484/2900 549/2901
f 484/2902 485/2903 549/2904
f 549/2905 485/2906 550/2907
f 485/2908 486/2909 550/2910
f 550/2911 486/2912 551/2913
f 486/2914 487/2915 551/2916
f 551/2917 487/2918 552/2919
f 487/2920 488/2921 552/2922
f 552/2923 488/2924 553/2925
f 488/2926 489/2927 553/2928
f 553/2929 489/2930 554/2931
f 489/2932 490/2933 554/2934
f 554/2935 490/2936 555/2937
f 490/2938 491/2939 555/2940
f 555/2941 491/2942 556/2943
f 491/2944 492/2945 556/2946
f 556/2947 492/2948 557/2949
f 492/2950 493/2951 557/2952
f 557/2953 493/2954 558/2955
f 493/2956 494/2957 558/2958
f 558/2959 494/2960 559/2961
f 494/2962 495/2963 559/2964
f 559/2965 495/2966 560/2967
f 495/2968 496/2969 560/2970
f 560/2971 496/2972 561/2973
f 496/2974 497/2975 561/2976
f 561/2977 497/2978 562/2979
f 497/2980 498/2981 562/2982
f 562/2983 498/2984 563/2985
f 498/2986 499/2987 563/2988
f 563/2989 499/2990 564/2991
f 499/2992 500/2993 564/2994
f 564/2995 500/2996 565/2997
f 500/2998 501/2999 565/3000
f 565/3001 501/3002 566/3003
f 501/3004 502/3005 566/3006
f 566/3007 502/3008 567/3009
f 502/3010 503/3011 567/3012
f 567/3013 503/3014 568/3015
f 503/3016 504/3017 568/3018
f 568/3019 504/3020 569/3021
f 504/3022 505/3023 569/3024
f 569/3025 505/3026 570/3027
f 505/3028 506/3029 570/3030
f 570/3031 506/3032 571/3033
f 506/3034 507/3035 571/3036
f 571/3037 507/3038 572/3039
f 507/3040 508/3041 572/3042
f 572/3043 508/3044 573/3045
f 508/3046 509/3047 573/3048
f 573/3049 509/3050 574/3051
f 509/3052 510/3053 574/3054
f 574/3055 510/3056 575/3057
f 510/3058 511/3059 575/3060
f 575/3061 511/3062 576/3063
f 511/3064 512/3065 576/3066
f 576/3067 512/3068 513/3069
f 512/3070 449/3071 513/3072
f 577/3073 513/3074 514/3075
f 578/3076 577/3077 514/3078
f 578/3079 514/3080 515/3081
f 579/3082 578/3083 515/3084
f 579/3085 515/3086 516/3087
f 580/3088 579/3089 516/3090
f 580/3091 516/3092 517/3093
f 581/3094 580/3095 517/3096
f 581/3097 517/3098 518/3099
f 582/3100 581/3101 518/3102
f 582/3103 518/3104 519/3105
f 583/3106 582/3107 519/3108
f 583/3109 519/3110 520/3111
f 584/3112 583/3113 520/3114
f 584/3115 520/3116 521/3117
f 585/3118 584/3119 521/3120
f 585/3121 521/3122 522/3123
f 586/3124 585/3125 522/3126
f 586/3127 522/3128 523/3129
f 587/3130 586/3131 523/3132
f 587/3133 523/3134 524/3135
f 588/3136 587/3137 524/3138
f 588/3139 524/3140 525/3141
f 589/3142 588/3143 525/3144
f 589/3145 525/3146 526/3147
f 590/3148 589/3149 526/3150
f 590/3151 526/3152 527/3153
f 591/3154 590/3155 527/3156
f 591/3157 527/3158 528/3159
f 592/3160 591/3161 528/3162
f 592/3163 528/3164 529/3165
f 593/3166 592/3167 529/3168
f 593/3169 529/3170 530/3171
f 594/3172 593/3173 530/3174
f 594/3175 530/3176 531/3177
f 595/3178 594/3179 531/3180
f 595/3181 531/3182 532/3183
f 596/3184 595/3185 532/3186
f 596/3187 532/3188 533/3189
f 597/3190 596/3191 533/3192
f 597/3193 533/3194 534/3195
f 598/3196 597/3197 534/3198
f 598/3199 534/3200 535/3201
f 599/3202 598/3203 535/3204
f 599/3205 535/3206 536/3207
f 600/3208 599/3209 536/3210
f 600/3211 536/3212 537/3213
f 601/3214 600/3215 537/3216
f 601/3217 537/3218 538/3219
f 602/3220 601/3221 538/3222
f 602/3223 538/3224 539/3225
f 603/3226 602/3227 539/3228
f 603/3229 539/3230 540/3231
f 604/3232 603/3233 540/3234
f 604/3235 540/3236 541/3237
f 605/3238 604/3239 541/3240
f 605/3241 541/3242 542/3243
f 606/3244 605/3245 542/3246
f 606/3247 542/3248 543/3249
f 607/3250 606/3251 543/3252
f 607/3253 543/3254 544/3255
f 608/3256 607/3257 544/3258
f 608/3259 544/3260 545/3261
f 609/3262 608/3263 545/3264
f 609/3265 545/3266 610/3267
f 545/3268 546/3269 610/3270
f 610/3271 546/3272 611/3273
f 546/3274 547/3275 611/3276
f 611/3277 547/3278 612/3279
f 547/3280 548/3281 612/3282
f 612/3283 548/3284 613/3285
f 548/3286 549/3287 613/3288
f 613/3289 549/3290 614/3291
f 549/3292 550/3293 614/3294
f 614/3295 550/3296 615/3297
f 550/3298 551/3299 615/3300
f 615/3301 551/3302 616/3303
f 551/3304 552/3305 616/3306
f 616/3307 552/3308 617/3309
f 552/3310 553/3311 617/3312
f 617/3313 553/3314 618/3315
f 553/3316 554/3317 618/3318
f 618/3319 554/3320 619/3321
f 554/3322 555/3323 619/3324
f 619/3325 555/3326 620/3327
f 555/3328 556/3329 620/3330
f 620/3331 556/3332 621/3333
f 556/3334 557/3335 621/3336
f 621/3337 557/3338 622/3339
f 557/3340 558/3341 622/3342
f 622/3343 558/3344 623/3345
f 558/3346 559/3347 623/3348
f 623/3349 559/3350 624/3351
f 559/3352 560/3353 624/3354
f 624/3355 560/3356 625/3357
f 560/3358 561/3359 625/3360
f 625/3361 561/3362 626/3363
f 561/3364 562/3365 626/3366
f 626/3367 562/3368 627/3369
f 562/3370 563/3371 627/3372
f 627/3373 563/3374 628/3375
f 563/3376 564/3377 628/3378
f 628/3379 564/3380 629/3381
f 564/3382 565/3383 629/3384
f 629/3385 565/3386 630/3387
f 565/3388 566/3389 630/3390
f 630/3391 566/3392 631/3393
f 566/3394 567/3395 631/3396
f 631/3397 567/3398 632/3399
f 567/3400 568/3401 632/3402
f 632/3403 568/3404 633/3405
f 568/3406 569/3407 633/3408
f 633/3409 569/3410 634/3411
f 569/3412 570/3413 634/3414
f 634/3415 570/3416 635/3417
f 570/3418 571/3419 635/3420
f 635/3421 571/3422 636/3423
f 571/3424 572/3425 636/3426
f 636/3427 572/3428 637/3429
f 572/3430 573/3431 637/3432
f 637/3433 573/3434 638/3435
f 573/3436 574/3437 638/3438
f 638/3439 574/3440 639/3441
f 574/3442 575/3443 639/3444
f 639/3445 575/3446 640/3447
f 575/3448 576/3449 640/3450
f 640/3451 576/3452 577/3453
f 576/3454 513/3455 577/3456
f 641/3457 577/3458 578/3459
f 642/3460 641/3461 578/3462
f 642/3463 578/3464 579/3465
f 643/3466 642/3467 579/3468
f 643/3469 579/3470 580/3471
f 644/3472 643/3473 580/3474
f 644/3475 580/3476 581/3477
f 645/3478 644/3479 581/3480
f 645/3481 581/3482 582/3483
f 646/3484 645/3485 582/3486
f 646/3487 582/3488 583/3489
f 647/3490 646/3491 583/3492
f 647/3493 583/3494 584/3495
f 648/3496 647/3497 584/3498
f 648/3499 584/3500 585/3501
f 649/3502 648/3503 585/3504
f 649/3505 585/3506 586/3507
f 650/3508 649/3509 586/3510
f 650/3511 586/3512 587/3513
f 651/3514 650/3515 587/3516
f 651/3517 587/3518 588/3519
f 652/3520 651/3521 588/3522
f 652/3523 588/3524 589/3525
f 653/3526 652/3527 589/3528
f 653/3529 589/3530 590/3531
f 654/3532 653/3533 590/3534
f 654/3535 590/3536 591/3537
f 655/3538 654/3539 591/3540
f 655/3541 591/3542 592/3543
f 656/3544 655/3545 592/3546
f 656/3547 592/3548 593/3549
f 657/3550 656/3551 593/3552
f 657/3553 593/3554 594/3555
f 658/3556 657/3557 594/3558
f 658/3559 594/3560 595/3561
f 659/3562 658/3563 595/3564
f 659/3565 595/3566 596/3567
f 660/3568 659/3569 596/3570
f 660/3571 596/3572 597/3573
f 661/3574 660/3575 597/3576
f 661/3577 597/3578 598/3579
f 662/3580 661/3581 598/3582
f 662/3583 598/3584 599/3585
f 663/3586 662/3587 599/3588
f 663/3589 599/3590 600/3591
f 664/3592 663/3593 600/3594
f 664/3595 600/3596 601/3597
f 665/3598 664/3599 601/3600
f 665/3601 601/3602 602/3603
f 666/3604 665/3605 602/3606
f 666/3607 602/3608 603/3609
f 667/3610 666/3611 603/3612
f 667/3613 603/3614 604/3615
f 668/3616 667/3617 604/3618
f 668/3619 604/3620 605/3621
f 669/3622 668/3623 605/3624
f 669/3625 605/3626 606/3627
f 670/3628 669/3629 606/3630
f 670/3631 606/3632 607/3633
f 671/3634 670/3635 607/3636
f 671/3637 607/3638 608/3639
f 672/3640 671/3641 608/3642
f 672/3643 608/3644 609/3645
f 673/3646 672/3647 609/3648
f 673/3649 609/3650 674/3651
f 609/3652 610/3653 674/3654
f 674/3655 610/3656 675/3657
f 610/3658 611/3659 675/3660
f 675/3661 611/3662 676/3663
f 611/3664 612/3665 676/3666
f 676/3667 612/3668 677/3669
f 612/3670 613/3671 677/3672
f 677/3673 613/3674 678/3675
f 613/3676 614/3677 678/3678
f 678/3679 614/3680 679/3681
f 614/3682 615/3683 679/3684
f 679/3685 615/3686 680/3687
f 615/3688 616/3689 680/3690
f 680/3691 616/3692 681/3693
f 616/3694 617/3695 681/3696
f 681/3697 617/3698 682/3699
f 617/3700 618/3701 682/3702
f 682/3703 618/3704 683/3705
f 618/3706 619/3707 683/3708
f 683/3709 619/3710 684/3711
f 619/3712 620/3713 684/3714
f 684/3715 620/3716 685/3717
f 620/3718 621/3719 685/3720
f 685/3721 621/3722 686/3723
f 621/3724 622/3725 686/3726
f 686/3727 622/3728 687/3729
f 622/3730 623/3731 687/3732
f 687/3733 623/3734 688/3735
f 623/3736 624/3737 688/3738
f 688/3739 624/3740 689/3741
f 624/3742 625/3743 689/3744
f 689/3745 625/3746 690/3747
f 625/3748 626/3749 690/3750
f 690/3751 626/3752 691/3753
f 626/3754 627/3755 691/3756
f 691/3757 627/3758 692/3759
f 627/3760 628/3761 692/3762
f 692/3763 628/3764 693/3765
f 628/3766 629/3767 693/3768
f 693/3769 629/3770 694/3771
f 629/3772 630/3773 694/3774
f 694/3775 630/3776 695/3777
f 630/3778 631/3779 695/3780
f 695/3781 631/3782 696/3783
f 631/3784 632/3785 696/3786
f 696/3787 632/3788 697/3789
f 632/3790 633/3791 697/3792
f 697/3793 633/3794 698/3795
f 633/3796 634/3797 698/3798
f 698/3799 634/3800 699/3801
f 634/3802 635/3803 699/3804
f 699/3805 635/3806 700/3807
f 635/3808 636/3809 700/3810
f 700/3811 636/3812 701/3813
f 636/3814 637/3815 701/3816
f 701/3817 637/3818 702/3819
f 637/3820 638/3821 702/3822
f 702/3823 638/3824 703/3825
f 638/3826 639/3827 703/3828
f 703/3829 639/3830 704/3831
f 639/3832 640/3833 704/3834
f 704/3835 640/3836 641/3837
f 640/3838 577/3839 641/3840
f 705/3841 641/3842 642/3843
f 706/3844 705/3845 642/3846
f 706/3847 642/3848 643/3849
f 707/3850 706/3851 643/3852
f 707/3853 643/3854 644/3855
f 708/3856 707/3857 644/3858
f 708/3859 644/3860 645/3861
f 709/3862 708/3863 645/3864
f 709/3865 645/3866 646/3867
f 710/3868 709/3869 646/3870
f 710/3871 646/3872 647/3873
f 711/3874 710/3875 647/3876
f 711/3877 647/3878 648/3879
f 712/3880 711/3881 648/3882
f 712/3883 648/3884 649/3885
f 713/3886 712/3887 649/3888
f 713/3889 649/3890 650/3891
f 714/3892 713/3893 650/3894
f 714/3895 650/3896 651/3897
f 715/3898 714/3899 651/3900
f 715/3901 651/3902 652/3903
f 716/3904 715/3905 652/3906
f 716/3907 652/3908 653/3909
f 717/3910 716/3911 653/3912
f 717/3913 653/3914 654/3915
f 718/3916 717/3917 654/3918
f 718/3919 654/3920 655/3921
f 719/3922 718/3923 655/3924
f 719/3925 655/3926 656/3927
f 720/3928 719/3929 656/3930
f 720/3931 656/3932 657/3933
f 721/3934 720/3935 657/3936
f 721/3937 657/3938 658/3939
f 722/3940 721/3941 658/3942
f 722/3943 658/3944 659/3945
f 723/3946 722/3947 659/3948
f 723/3949 659/3950 660/3951
f 724/3952 723/3953 660/3954
f 724/3955 660/3956 661/3957
f 725/3958 724/3959 661/3960
f 725/3961 661/3962 662/3963
f 726/3964 725/3965 662/3966
f 726/3967 662/3968 663/3969
f 727/3970 726/3971 663/3972
f 727/3973 663/3974 664/3975
f 728/3976 727/3977 664/3978
f 728/3979 664/3980 665/3981
f 729/3982 728/3983 665/3984
f 729/3985 665/3986 666/3987
f 730/3988 729/3989 666/3990
f 730/3991 666/3992 667/3993
f 731/3994 730/3995 667/3996
f 731/3997 667/3998 668/3999
f 732/4000 731/4001 668/4002
f 732/4003 668/4004 669/4005
f 733/4006 732/4007 669/4008
f 733/4009 669/4010 670/4011
f 734/4012 733/4013 670/4014
f 734/4015 670/4016 671/4017
f 735/4018 734/4019 671/4020
f 735/4021 671/4022 672/4023
f 736/4024 735/4025 672/4026
f 736/4027 672/4028 673/4029
f 737/4030 736/4031 673/4032
f 737/4033 673/4034 738/4035
f 673/4036 674/4037 738/4038
f 738/4039 674/4040 739/4041
f 674/4042 675/4043 739/4044
f 739/4045 675/4046 740/4047
f 675/4048 676/4049 740/4050
f 740/4051 676/4052 741/4053
f 676/4054 677/4055 741/4056
f 741/4057 677/4058 742/4059
f 677/4060 678/4061 742/4062
f 742/4063 678/4064 743/4065
f 678/4066 679/4067 743/4068
f 743/4069 679/4070 744/4071
f 679/4072 680/4073 744/4074
f 744/4075 680/4076 745/4077
f 680/4078 681/4079 745/4080
f 745/4081 681/4082 746/4083
f 681/4084 682/4085 746/4086
f 746/4087 682/4088 747/4089
f 682/4090 683/4091 747/4092
f 747/4093 683/4094 748/4095
f 683/4096 684/4097 748/4098
f 748/4099 684/4100 749/4101
f 684/4102 685/4103 749/4104
f 749/4105 685/4106 750/4107
f 685/4108 686/4109 750/4110
f 750/4111 686/4112 751/4113
f 686/4114 687/4115 751/4116
f 751/4117 687/4118 752/4119
f 687/4120 688/4121 752/4122
f 752/4123 688/4124 753/4125
f 688/4126 689/4127 753/4128
f 753/4129 689/4130 754/4131
f 689/4132 690/4133 754/4134
f 754/4135 690/4136 755/4137
f 690/4138 691/4139 755/4140
f 755/4141 691/4142 756/4143
f 691/4144 692/4145 756/4146
f 756/4147 692/4148 757/4149
f 692/4150 693/4151 757/4152
f 757/4153 693/4154 758/4155
f 693/4156 694/4157 758/4158
f 758/4159 694/4160 759/4161
f 694/4162 695/4163 759/4164
f 759/4165 695/4166 760/4167
f 695/4168 696/4169 760/4170
f 760/4171 696/4172 761/4173
f 696/4174 697/4175 761/4176
f 761/4177 697/4178 762/4179
f 697/4180 698/4181 762/4182
f 762/4183 698/4184 763/4185
f 698/4186 699/4187 763/4188
f 763/4189 699/4190 764/4191
f 699/4192 700/4193 764/4194
f 764/4195 700/4196 765/4197
f 700/4198 701/4199 765/4200
f 765/4201 701/4202 766/4203
f 701/4204 702/4205 766/4206
f 766/4207 702/4208 767/4209
f 702/4210 703/4211 767/4212
f 767/4213 703/4214 768/4215
f 703/4216 704/4217 768/4218
f 768/4219 704/4220 705/4221
f 704/4222 641/4223 705/4224
f 769/4225 705/4226 706/4227
f 770/4228 769/4229 706/4230
f 770/4231 706/4232 707/4233
f 771/4234 770/4235 707/4236
f 771/4237 707/4238 708/4239
f 772/4240 771/4241 708/4242
f 772/4243 708/4244 709/4245
f 773/4246 772/4247 709/4248
f 773/4249 709/4250 710/4251
f 774/4252 773/4253 710/4254
f 774/4255 710/4256 711/4257
f 775/4258 774/4259 711/4260
f 775/4261 711/4262 712/4263
f 776/4264 775/4265 712/4266
f 776/4267 712/4268 713/4269
f 777/4270 776/4271 713/4272
f 777/4273 713/4274 714/4275
f 778/4276 777/4277 714/4278
f 778/4279 714/4280 715/4281
f 779/4282 778/4283 715/4284
f 779/4285 715/4286 716/4287
f 780/4288 779/4289 716/4290
f 780/4291 716/4292 717/4293
f 781/4294 780/4295 717/4296
f 781/4297 717/4298 718/4299
f 782/4300 781/4301 718/4302
f 782/4303 718/4304 719/4305
f 783/4306 782/4307 719/4308
f 783/4309 719/4310 720/4311
f 784/4312 783/4313 720/4314
f 784/4315 720/4316 721/4317
f 785/4318 784/4319 721/4320
f 785/4321 721/4322 722/4323
f 786/4324 785/4325 722/4326
f 786/4327 722/4328 723/4329
f 787/4330 786/4331 723/4332
f 787/4333 723/4334 724/4335
f 788/4336 787/4337 724/4338
f 788/4339 724/4340 725/4341
f 789/4342 788/4343 725/4344
f 789/4345 725/4346 726/4347
f 790/4348 789/4349 726/4350
f 790/4351 726/4352 727/4353
f 791/4354 790/4355 727/4356
f 791/4357 727/4358 728/4359
f 792/4360 791/4361 728/4362
f 792/4363 728/4364 729/4365
f 793/4366 792/4367 729/4368
f 793/4369 729/4370 730/4371
f 794/4372 793/4373 730/4374
f 794/4375 730/4376 731/4377
f 795/4378 794/4379 731/4380
f 795/4381 731/4382 732/4383
f 796/4384 795/4385 732/4386
f 796/4387 732/4388 733/4389
f 797/4390 796/4391 733/4392
f 797/4393 733/4394 734/4395
f 798/4396 797/4397 734/4398
f 798/4399 734/4400 735/4401
f 799/4402 798/4403 735/4404
f 799/4405 735/4406 736/4407
f 800/4408 799/4409 736/4410
f 800/4411 736/4412 737/4413
f 801/4414 800/4415 737/4416
f 801/4417 737/4418 802/4419
f 737/4420 738/4421 802/4422
f 802/4423 738/4424 803/4425
f 738/4426 739/4427 803/4428
f 803/4429 739/4430 804/4431
f 739/4432 740/4433 804/4434
f 804/4435 740/4436 805/4437
f 740/4438 741/4439 805/4440
f 805/4441 741/4442 806/4443
f 741/4444 742/4445 806/4446
f 806/4447 742/4448 807/4449
f 742/4450 743/4451 807/4452
f 807/4453 743/4454 808/4455
f 743/4456 744/4457 808/4458
f 808/4459 744/4460 809/4461
f 744/4462 745/4463 809/4464
f 809/4465 745/4466 810/4467
f 745/4468 746/4469 810/4470
f 810/4471 746/4472 811/4473
f 746/4474 747/4475 811/4476
f 811/4477 747/4478 812/4479
f 747/4480 748/4481 812/4482
f 812/4483 748/4484 813/4485
f 748/4486 749/4487 813/4488
f 813/4489 749/4490 814/4491
f 749/4492 750/4493 814/4494
f 814/4495 750/4496 815/4497
f 750/4498 751/4499 815/4500
f 815/4501 751/4502 816/4503
f 751/4504 752/4505 816/4506
f 816/4507 752/4508 817/4509
f 752/4510 753/4511 817/4512
f 817/4513 753/4514 818/4515
f 753/4516 754/4517 818/4518
f 818/4519 754/4520 819/4521
f 754/4522 755/4523 819/4524
f 819/4525 755/4526 820/4527
f 755/4528 756/4529 820/4530
f 820/4531 756/4532 821/4533
f 756/4534 757/4535 821/4536
f 821/4537 757/4538 822/4539
f 757/4540 758/4541 822/4542
f 822/4543 758/4544 823/4545
f 758/4546 759/4547 823/4548
f 823/4549 759/4550 824/4551
f 759/4552 760/4553 824/4554
f 824/4555 760/4556 825/4557
f 760/4558 761/4559 825/4560
f 825/4561 761/4562 826/4563
f 761/4564 762/4565 826/4566
f 826/4567 762/4568 827/4569
f 762/4570 763/4571 827/4572
f 827/4573 763/4574 828/4575
f 763/4576 764/4577 828/4578
f 828/4579 764/4580 829/4581
f 764/4582 765/4583 829/4584
f 829/4585 765/4586 830/4587
f 765/4588 766/4589 830/4590
f 830/4591 766/4592 831/4593
f 766/4594 767/4595 831/4596
f 831/4597 767/4598 832/4599
f 767/4600 768/4601 832/4602
f 832/4603 768/4604 769/4605
f 768/4606 705/4607 769/4608
f 833/4609 769/4610 770/4611
f 834/4612 833/4613 770/4614
f 834/4615 770/4616 771/4617
f 835/4618 834/4619 771/4620
f 835/4621 771/4622 772/4623
f 836/4624 835/4625 772/4626
f 836/4627 772/4628 773/4629
f 837/4630 836/4631 773/4632
f 837/4633 773/4634 774/4635
f 838/4636 837/4637 774/4638
f 838/4639 774/4640 775/4641
f 839/4642 838/4643 775/4644
f 839/4645 775/4646 776/4647
f 840/4648 839/4649 776/4650
f 840/4651 776/4652 777/4653
f 841/4654 840/4655 777/4656
f 841/4657 777/4658 778/4659
f 842/4660 841/4661 778/4662
f 842/4663 778/4664 779/4665
f 843/4666 842/4667 779/4668
f 843/4669 779/4670 780/4671
f 844/4672 843/4673 780/4674
f 844/4675 780/4676 781/4677
f 845/4678 844/4679 781/4680
f 845/4681 781/4682 782/4683
f 846/4684 845/4685 782/4686
f 846/4687 782/4688 783/4689
f 847/4690 846/4691 783/4692
f 847/4693 783/4694 784/4695
f 848/4696 847/4697 784/4698
f 848/4699 784/4700 785/4701
f 849/4702 848/4703 785/4704
f 849/4705 785/4706 786/4707
f 850/4708 849/4709 786/4710
f 850/4711 786/4712 787/4713
f 851/4714 850/4715 787/4716
f 851/4717 787/4718 788/4719
f 852/4720 851/4721 788/4722
f 852/4723 788/4724 789/4725
f 853/4726 852/4727 789/4728
f 853/4729 789/4730 790/4731
f 854/4732 853/4733 790/4734
f 854/4735 790/4736 791/4737
f 855/4738 854/4739 791/4740
f 855/4741 791/4742 792/4743
f 856/4744 855/4745 792/4746
f 856/4747 792/4748 793/4749
f 857/4750 856/4751 793/4752
f 857/4753 793/4754 794/4755
f 858/4756 857/4757 794/4758
f 858/4759 794/4760 795/4761
f 859/4762 858/4763 795/4764
f 859/4765 795/4766 796/4767
f 860/4768 859/4769 796/4770
f 860/4771 796/4772 797/4773
f 861/4774 860/4775 797/4776
f 861/4777 797/4778 798/4779
f 862/4780 861/4781 798/4782
f 862/4783 798/4784 799/4785
f 863/4786 862/4787 799/4788
f 863/4789 799/4790 800/4791
f 864/4792 863/4793 800/4794
f 864/4795 800/4796 801/4797
f 865/4798 864/4799 801/4800
f 865/4801 801/4802 866/4803
f 801/4804 802/4805 866/4806
f 866/4807 802/4808 867/4809
f 802/4810 803/4811 867/4812
f 867/4813 803/4814 868/4815
f 803/4816 804/4817 868/4818
f 868/4819 804/4820 869/4821
f 804/4822 805/4823 869/4824
f 869/4825 805/4826 870/4827
f 805/4828 806/4829 870/4830
f 870/4831 806/4832 871/4833
f 806/4834 807/4835 871/4836
f 871/4837 807/4838 872/4839
f 807/4840 808/4841 872/4842
f 872/4843 808/4844 873/4845
f 808/4846 809/4847 873/4848
f 873/4849 809/4850 874/4851
f 809/4852 810/4853 874/4854
f 874/4855 810/4856 875/4857
f 810/4858 811/4859 875/4860
f 875/4861 811/4862 876/4863
f 811/4864 812/4865 876/4866
f 876/4867 812/4868 877/4869
f 812/4870 813/4871 877/4872
f 877/4873 813/4874 878/4875
f 813/4876 814/4877 878/4878
f 878/4879 814/4880 879/4881
f 814/4882 815/4883 879/4884
f 879/4885 815/4886 880/4887
f 815/4888 816/4889 880/4890
f 880/4891 816/4892 881/4893
f 816/4894 817/4895 881/4896
f 881/4897 817/4898 882/4899
f 817/4900 818/4901 882/4902
f 882/4903 818/4904 883/4905
f 818/4906 819/4907 883/4908
f 883/4909 819/4910 884/4911
f 819/4912 820/4913 884/4914
f 884/4915 820/4916 885/4917
f 820/4918 821/4919 885/4920
f 885/4921 821/4922 886/4923
f 821/4924 822/4925 886/4926
f 886/4927 822/4928 887/4929
f 822/4930 823/4931 887/4932
f 887/4933 823/4934 888/4935
f 823/4936 824/4937 888/4938
f 888/4939 824/4940 889/4941
f 824/4942 825/4943 889/4944
f 889/4945 825/4946 890/4947
f 825/4948 826/4949 890/4950
f 890/4951 826/4952 891/4953
f 826/4954 827/4955 891/4956
f 891/4957 827/4958 892/4959
f 827/4960 828/4961 892/4962
f 892/4963 828/4964 893/4965
f 828/4966 829/4967 893/4968
f 893/4969 829/4970 894/4971
f 829/4972 830/4973 894/4974
f 894/4975 830/4976 895/4977
f 830/4978 831/4979 895/4980
f 895/4981 831/4982 896/4983
f 831/4984 832/4985 896/4986
f 896/4987 832/4988 833/4989
f 832/4990 769/4991 833/4992
f 897/4993 833/4994 834/4995
f 898/4996 897/4997 834/4998
f 898/4999 834/5000 835/5001
f 899/5002 898/5003 835/5004
f 899/5005 835/5006 836/5007
f 900/5008 899/5009 836/5010
f 900/5011 836/5012 837/5013
f 901/5014 900/5015 837/5016
f 901/5017 837/5018 838/5019
f 902/5020 901/5021 838/5022
f 902/5023 838/5024 839/5025
f 903/5026 902/5027 839/5028
f 903/5029 839/5030 840/5031
f 904/5032 903/5033 840/5034
f 904/5035 840/5036 841/5037
f 905/5038 904/5039 841/5040
f 905/5041 841/5042 842/5043
f 906/5044 905/5045 842/5046
f 906/5047 842/5048 843/5049
f 907/5050 906/5051 843/5052
f 907/5053 843/5054 844/5055
f 908/5056 907/5057 844/5058
f 908/5059 844/5060 845/5061
f 909/5062 908/5063 845/5064
f 909/5065 845/5066 846/5067
f 910/5068 909/5069 846/5070
f 910/5071 846/5072 847/5073
f 911/5074 910/5075 847/5076
f 911/5077 847/5078 848/5079
f 912/5080 911/5081 848/5082
f 912/5083 848/5084 849/5085
f 913/5086 912/5087 849/5088
f 913/5089 849/5090 850/5091
f 914/5092 913/5093 850/5094
f 914/5095 850/5096 851/5097
f 915/5098 914/5099 851/5100
f 915/5101 851/5102 852/5103
f 916/5104 915/5105 852/5106
f 916/5107 852/5108 853/5109
f 917/5110 916/5111 853/5112
f 917/5113 853/5114 854/5115
f 918/5116 917/5117 854/5118
f 918/5119 854/5120 855/5121
f 919/5122 918/5123 855/5124
f 919/5125 855/5126 856/5127
f 920/5128 919/5129 856/5130
f 920/5131 856/5132 857/5133
f 921/5134 920/5135 857/5136
f 921/5137 857/5138 858/5139
f 922/5140 921/5141 858/5142
f 922/5143 858/5144 859/5145
f 923/5146 922/5147 859/5148
f 923/5149 859/5150 860/5151
f 924/5152 923/5153 860/5154
f 924/5155 860/5156 861/5157
f 925/5158 924/5159 861/5160
f 925/5161 861/5162 862/5163
f 926/5164 925/5165 862/5166
f 926/5167 862/5168 863/5169
f 927/5170 926/5171 863/5172
f 927/5173 863/5174 864/5175
f 928/5176 927/5177 864/5178
f 928/5179 864/5180 865/5181
f 929/5182 928/5183 865/5184
f 929/5185 865/5186 930/5187
f 865/5188 866/5189 930/5190
f 930/5191 866/5192 931/5193
f 866/5194 867/5195 931/5196
f 931/5197 867/5198 932/5199
f 867/5200 868/5201 932/5202
f 932/5203 868/5204 933/5205
f 868/5206 869/5207 933/5208
f 933/5209 869/5210 934/5211
f 869/5212 870/5213 934/5214
f 934/5215 870/5216 935/5217
f 870/5218 871/5219 935/5220
f 935/5221 871/5222 936/5223
f 871/5224 872/5225 936/5226
f 936/5227 872/5228 937/5229
f 872/5230 873/5231 937/5232
f 937/5233 873/5234 938/5235
f 873/5236 874/5237 938/5238
f 938/5239 874/5240 939/5241
f 874/5242 875/5243 939/5244
f 939/5245 875/5246 940/5247
f 875/5248 876/5249 940/5250
f 940/5251 876/5252 941/5253
f 876/5254 877/5255 941/5256
f 941/5257 877/5258 942/5259
f 877/5260 878/5261 942/5262
f 942/5263 878/5264 943/5265
f 878/5266 879/5267 943/5268
f 943/5269 879/5270 944/5271
f 879/5272 880/5273 944/5274
f 944/5275 880/5276 945/5277
f 880/5278 881/5279 945/5280
f 945/5281 881/5282 946/5283
f 881/5284 882/5285 946/5286
f 946/5287 882/5288 947/5289
f 882/5290 883/5291 947/5292
f 947/5293 883/5294 948/5295
f 883/5296 884/5297 948/5298
f 948/5299 884/5300 949/5301
f 884/5302 885/5303 949/5304
f 949/5305 885/5306 950/5307
f 885/5308 886/5309 950/5310
f 950/5311 886/5312 951/5313
f 886/5314 887/5315 951/5316
f 951/5317 887/5318 952/5319
f 887/5320 888/5321 952/5322
f 952/5323 888/5324 953/5325
f 888/5326 889/5327 953/5328
f 953/5329 889/5330 954/5331
f 889/5332 890/5333 954/5334
f 954/5335 890/5336 955/5337
f 890/5338 891/5339 955/5340
f 955/5341 891/5342 956/5343
f 891/5344 892/5345 956/5346
f 956/5347 892/5348 957/5349
f 892/5350 893/5351 957/5352
f 957/5353 893/5354 958/5355
f 893/5356 894/5357 958/5358
f 958/5359 894/5360 959/5361
f 894/5362 895/5363 959/5364
f 959/5365 895/5366 960/5367
f 895/5368 896/5369 960/5370
f 960/5371 896/5372 897/5373
f 896/5374 833/5375 897/5376
f 961/5377 897/5378 898/5379
f 962/5380 961/5381 898/5382
f 962/5383 898/5384 899/5385
f 963/5386 962/5387 899/5388
f 963/5389 899/5390 900/5391
f 964/5392 963/5393 900/5394
f 964/5395 900/5396 901/5397
f 965/5398 964/5399 901/5400
f 965/5401 901/5402 902/5403
f 966/5404 965/5405 902/5406
f 966/5407 902/5408 903/5409
f 967/5410 966/5411 903/5412
f 967/5413 903/5414 904/5415
f 968/5416 967/5417 904/5418
f 968/5419 904/5420 905/5421
f 969/5422 968/5423 905/5424
f 969/5425 905/5426 906/5427
f 970/5428 969/5429 906/5430
f 970/5431 906/5432 907/5433
f 971/5434 970/5435 907/5436
f 971/5437 907/5438 908/5439
f 972/5440 971/5441 908/5442
f 972/5443 908/5444 909/5445
f 973/5446 972/5447 909/5448
f 973/5449 909/5450 910/5451
f 974/5452 973/5453 910/5454
f 974/5455 910/5456 911/5457
f 975/5458 974/5459 911/5460
f 975/5461 911/5462 912/5463
f 976/5464 975/5465 912/5466
f 976/5467 912/5468 913/5469
f 977/5470 976/5471 913/5472
f 977/5473 913/5474 914/5475
f 978/5476 977/5477 914/5478
f 978/5479 914/5480 915/5481
f 979/5482 978/5483 915/5484
f 979/5485 915/5486 916/5487
f 980/5488 979/5489 916/5490
f 980/5491 916/5492 917/5493
f 981/5494 980/5495 917/5496
f 981/5497 917/5498 918/5499
f 982/5500 981/5501 918/5502
f 982/5503 918/5504 919/5505
f 983/5506 982/5507 919/5508
f 983/5509 919/5510 920/5511
f 984/5512 983/5513 920/5514
f 984/5515 920/5516 921/5517
f 985/5518 984/5519 921/5520
f 985/5521 921/5522 922/5523
f 986/5524 985/5525 922/5526
f 986/5527 922/5528 923/5529
f 987/5530 986/5531 923/5532
f 987/5533 923/5534 924/5535
f 988/5536 987/5537 924/5538
f 988/5539 924/5540 925/5541
f 989/5542 988/5543 925/5544
f 989/5545 925/5546 926/5547
f 990/5548 989/5549 926/5550
f 990/5551 926/5552 927/5553
f 991/5554 990/5555 927/5556
f 991/5557 927/5558 928/5559
f 992/5560 991/5561 928/5562
f 992/5563 928/5564 929/5565
f 993/5566 992/5567 929/5568
f 993/5569 929/5570 994/5571
f 929/5572 930/5573 994/5574
f 994/5575 930/5576 995/5577
f 930/5578 931/5579 995/5580
f 995/5581 931/5582 996/5583
f 931/5584 932/5585 996/5586
f 996/5587 932/5588 997/5589
f 932/5590 933/5591 997/5592
f 997/5593 933/5594 998/5595
f 933/5596 934/5597 998/5598
f 998/5599 934/5600 999/5601
f 934/5602 935/5603 999/5604
f 999/5605 935/5606 1000/5607
f 935/5608 936/5609 1000/5610
f 1000/5611 936/5612 1001/5613
f 936/5614 937/5615 1001/5616
f 1001/5617 937/5618 1002/5619
f 937/5620 938/5621 1002/5622
f 1002/5623 938/5624 1003/5625
f 938/5626 939/5627 1003/5628
f 1003/5629 939/5630 1004/5631
f 939/5632 940/5633 1004/5634
f 1004/5635 940/5636 1005/5637
f 940/5638 941/5639 1005/5640
f 1005/5641 941/5642 1006/5643
f 941/5644 942/5645 1006/5646
f 1006/5647 942/5648 1007/5649
f 942/5650 943/5651 1007/5652
f 1007/5653 943/5654 1008/5655
f 943/5656 944/5657 1008/5658
f 1008/5659 944/5660 1009/5661
f 944/5662 945/5663 1009/5664
f 1009/5665 945/5666 1010/5667
f 945/5668 946/5669 1010/5670
f 1010/5671 946/5672 1011/5673
f 946/5674 947/5675 1011/5676
f 1011/5677 947/5678 1012/5679
f 947/5680 948/5681 1012/5682
f 1012/5683 948/5684 1013/5685
f 948/5686 949/5687 1013/5688
f 1013/5689 949/5690 1014/5691
f 949/5692 950/5693 1014/5694
f 1014/5695 950/5696 1015/5697
f 950/5698 951/5699 1015/5700
f 1015/5701 951/5702 1016/5703
f 951/5704 952/5705 1016/5706
f 1016/5707 952/5708 1017/5709
f 952/5710 953/5711 1017/5712
f 1017/5713 953/5714 1018/5715
f 953/5716 954/5717 1018/5718
f 1018/5719 954/5720 1019/5721
f 954/5722 955/5723 1019/5724
f 1019/5725 955/5726 1020/5727
f 955/5728 956/5729 1020/5730
f 1020/5731 956/5732 1021/5733
f 956/5734 957/5735 1021/5736
f 1021/5737 957/5738 1022/5739
f 957/5740 958/5741 1022/5742
f 1022/5743 958/5744 1023/5745
f 958/5746 959/5747 1023/5748
f 1023/5749 959/5750 1024/5751
f 959/5752 960/5753 1024/5754
f 1024/5755 960/5756 961/5757
f 960/5758 897/5759 961/5760
f 1025/5761 961/5762 962/5763
f 1026/5764 1025/5765 962/5766
f 1026/5767 962/5768 963/5769
f 1027/5770 1026/5771 963/5772
f 1027/5773 963/5774 964/5775
f 1028/5776 1027/5777 964/5778
f 1028/5779 964/5780 965/5781
f 1029/5782 1028/5783 965/5784
f 1029/5785 965/5786 966/5787
f 1030/5788 1029/5789 966/5790
f 1030/5791 966/5792 967/5793
f 1031/5794 1030/5795 967/5796
f 1031/5797 967/5798 968/5799
f 1032/5800 1031/5801 968/5802
f 1032/5803 968/5804 969/5805
f 1033/5806 1032/5807 969/5808
f 1033/5809 969/5810 970/5811
f 1034/5812 1033/5813 970/5814
f 1034/5815 970/5816 971/5817
f 1035/5818 1034/5819 971/5820
f 1035/5821 971/5822 972/5823
f 1036/5824 1035/5825 972/5826
f 1036/5827 972/5828 973/5829
f 1037/5830 1036/5831 973/5832
f 1037/5833 973/5834 974/5835
f 1038/5836 1037/5837 974/5838
f 1038/5839 974/5840 975/5841
f 1039/5842 1038/5843 975/5844
f 1039/5845 975/5846 976/5847
f 1040/5848 1039/5849 976/5850
f 1040/5851 976/5852 977/5853
f 1041/5854 1040/5855 977/5856
f 1041/5857 977/5858 978/5859
f 1042/5860 1041/5861 978/5862
f 1042/5863 978/5864 979/5865
f 1043/5866 1042/5867 979/5868
f 1043/5869 979/5870 980/5871
f 1044/5872 1043/5873 980/5874
f 1044/5875 980/5876 981/5877
f 1045/5878 1044/5879 981/5880
f 1045/5881 981/5882 982/5883
f 1046/5884 1045/5885 982/5886
f 1046/5887 982/5888 983/5889
f 1047/5890 1046/5891 983/5892
f 1047/5893 983/5894 984/5895
f 1048/5896 1047/5897 984/5898
f 1048/5899 984/5900 985/5901
f 1049/5902 1048/5903 985/5904
f 1049/5905 985/5906 986/5907
f 1050/5908 1049/5909 986/5910
f 1050/5911 986/5912 987/5913
f 1051/5914 1050/5915 987/5916
f 1051/5917 987/5918 988/5919
f 1052/5920 1051/5921 988/5922
f 1052/5923 988/5924 989/5925
f 1053/5926 1052/5927 989/5928
f 1053/5929 989/5930 990/5931
f 1054/5932 1053/5933 990/5934
f 1054/5935 990/5936 991/5937
f 1055/5938 1054/5939 991/5940
f 1055/5941 991/5942 992/5943
f 1056/5944 1055/5945 992/5946
f 1056/5947 992/5948 993/5949
f 1057/5950 1056/5951 993/5952
f 1057/5953 993/5954 1058/5955
f 993/5956 994/5957 1058/5958
f 1058/5959 994/5960 1059/5961
f 994/5962 995/5963 1059/5964
f 1059/5965 995/5966 1060/5967
f 995/5968 996/5969 1060/5970
f 1060/5971 996/5972 1061/5973
f 996/5974 997/5975 1061/5976
f 1061/5977 997/5978 1062/5979
f 997/5980 998/5981 1062/5982
f 1062/5983 998/5984 1063/5985
f 998/5986 999/5987 1063/5988
f 1063/5989 999/5990 1064/5991
f 999/5992 1000/5993 1064/5994
f 1064/5995 1000/5996 1065/5997
f 1000/5998 1001/5999 1065/6000
f 1065/6001 1001/6002 1066/6003
f 1001/6004 1002/6005 1066/6006
f 1066/6007 1002/6008 1067/6009
f 1002/6010 1003/6011 1067/6012
f 1067/6013 1003/6014 1068/6015
f 1003/6016 1004/6017 1068/6018
f 1068/6019 1004/6020 1069/6021
f 1004/6022 1005/6023 1069/6024
f 1069/6025 1005/6026 1070/6027
f 1005/6028 1006/6029 1070/6030
f 1070/6031 1006/6032 1071/6033
f 1006/6034 1007/6035 1071/6036
f 1071/6037 1007/6038 1072/6039
f 1007/6040 1008/6041 1072/6042
f 1072/6043 1008/6044 1073/6045
f 1008/6046 1009/6047 1073/6048
f 1073/6049 1009/6050 1074/6051
f 1009/6052 1010/6053 1074/6054
f 1074/6055 1010/6056 1075/6057
f 1010/6058 1011/6059 1075/6060
f 1075/6061 1011/6062 1076/6063
f 1011/6064 1012/6065 1076/6066
f 1076/6067 1012/6068 1077/6069
f 1012/6070 1013/6071 1077/6072
f 1077/6073 1013/6074 1078/6075
f 1013/6076 1014/6077 1078/6078
f 1078/6079 1014/6080 1079/6081
f 1014/6082 1015/6083 1079/6084
f 1079/6085 1015/6086 1080/6087
f 1015/6088 1016/6089 1080/6090
f 1080/6091 1016/6092 1081/6093
f 1016/6094 1017/6095 1081/6096
f 1081/6097 1017/6098 1082/6099
f 1017/6100 1018/6101 1082/6102
f 1082/6103 1018/6104 1083/6105
f 1018/6106 1019/6107 1083/6108
f 1083/6109 1019/6110 1084/6111
f 1019/6112 1020/6113 1084/6114
f 1084/6115 1020/6116 1085/6117
f 1020/6118 1021/6119 1085/6120
f 1085/6121 1021/6122 1086/6123
f 1021/6124 1022/6125 1086/6126
f 1086/6127 1022/6128 1087/6129
f 1022/6130 1023/6131 1087/6132
f 1087/6133 1023/6134 1088/6135
f 1023/6136 1024/6137 1088/6138
f 1088/6139 1024/6140 1025/6141
f 1024/6142 961/6143 1025/6144
f 1089/6145 1025/6146 1026/6147
f 1090/6148 1089/6149 1026/6150
f 1090/6151 1026/6152 1027/6153
f 1091/6154 1090/6155 1027/6156
f 1091/6157 1027/6158 1028/6159
f 1092/6160 1091/6161 1028/6162
f 1092/6163 1028/6164 1029/6165
f 1093/6166 1092/6167 1029/6168
f 1093/6169 1029/6170 1030/6171
f 1094/6172 1093/6173 1030/6174
f 1094/6175 1030/6176 1031/6177
f 1095/6178 1094/6179 1031/6180
f 1095/6181 1031/6182 1032/6183
f 1096/6184 1095/6185 1032/6186
f 1096/6187 1032/6188 1033/6189
f 1097/6190 1096/6191 1033/6192
f 1097/6193 1033/6194 1034/6195
f 1098/6196 1097/6197 1034/6198
f 1098/6199 1034/6200 1035/6201
f 1099/6202 1098/6203 1035/6204
f 1099/6205 1035/6206 1036/6207
f 1100/6208 1099/6209 1036/6210
f 1100/6211 1036/6212 1037/6213
f 1101/6214 1100/6215 1037/6216
f 1101/6217 1037/6218 1038/6219
f 1102/6220 1101/6221 1038/6222
f 1102/6223 1038/6224 1039/6225
f 1103/6226 1102/6227 1039/6228
f 1103/6229 1039/6230 1040/6231
f 1104/6232 1103/6233 1040/6234
f 1104/6235 1040/6236 1041/6237
f 1105/6238 1104/6239 1041/6240
f 1105/6241 1041/6242 1042/6243
f 1106/6244 1105/6245 1042/6246
f 1106/6247 1042/6248 1043/6249
f 1107/6250 1106/6251 1043/6252
f 1107/6253 1043/6254 1044/6255
f 1108/6256 1107/6257 1044/6258
f 1108/6259 1044/6260 1045/6261
f 1109/6262 1108/6263 1045/6264
f 1109/6265 1045/6266 1046/6267
f 1110/6268 1109/6269 1046/6270
f 1110/6271 1046/6272 1047/6273
f 1111/6274 1110/6275 1047/6276
f 1111/6277 1047/6278 1048/6279
f 1112/6280 1111/6281 1048/6282
f 1112/6283 1048/6284 1049/6285
f 1113/6286 1112/6287 1049/6288
f 1113/6289 1049/6290 1050/6291
f 1114/6292 1113/6293 1050/6294
f 1114/6295 1050/6296 1051/6297
f 1115/6298 1114/6299 1051/6300
f 1115/6301 1051/6302 1052/6303
f 1116/6304 1115/6305 1052/6306
f 1116/6307 1052/6308 1053/6309
f 1117/6310 1116/6311 1053/6312
f 1117/6313 1053/6314 1054/6315
f 1118/6316 1117/6317 1054/6318
f 1118/6319 1054/6320 1055/6321
f 1119/6322 1118/6323 1055/6324
f 1119/6325 1055/6326 1056/6327
f 1120/6328 1119/6329 1056/6330
f 1120/6331 1056/6332 1057/6333
f 1121/6334 1120/6335 1057/6336
f 1121/6337 1057/6338 1122/6339
f 1057/6340 1058/6341 1122/6342
f 1122/6343 1058/6344 1123/6345
f 1058/6346 1059/6347 1123/6348
f 1123/6349 1059/6350 1124/6351
f 1059/6352 1060/6353 1124/6354
f 1124/6355 1060/6356 1125/6357
f 1060/6358 1061/6359 1125/6360
f 1125/6361 1061/6362 1126/6363
f 1061/6364 1062/6365 1126/6366
f 1126/6367 1062/6368 1127/6369
f 1062/6370 1063/6371 1127/6372
f 1127/6373 1063/6374 1128/6375
f 1063/6376 1064/6377 1128/6378
f 1128/6379 1064/6380 1129/6381
f 1064/6382 1065/6383 1129/6384
f 1129/6385 1065/6386 1130/6387
f 1065/6388 1066/6389 1130/6390
f 1130/6391 1066/6392 1131/6393
f 1066/6394 1067/6395 1131/6396
f 1131/6397 1067/6398 1132/6399
f 1067/6400 1068/6401 1132/6402
f 1132/6403 1068/6404 1133/6405
f 1068/6406 1069/6407 1133/6408
f 1133/6409 1069/6410 1134/6411
f 1069/6412 1070/6413 1134/6414
f 1134/6415 1070/6416 1135/6417
f 1070/6418 1071/6419 1135/6420
f 1135/6421 1071/6422 1136/6423
f 1071/6424 1072/6425 1136/6426
f 1136/6427 1072/6428 1137/6429
f 1072/6430 1073/6431 1137/6432
f 1137/6433 1073/6434 1138/6435
f 1073/6436 1074/6437 1138/6438
f 1138/6439 1074/6440 1139/6441
f 1074/6442 1075/6443 1139/6444
f 1139/6445 1075/6446 1140/6447
f 1075/6448 1076/6449 1140/6450
f 1140/6451 1076/6452 1141/6453
f 1076/6454 1077/6455 1141/6456
f 1141/6457 1077/6458 1142/6459
f 1077/6460 1078/6461 1142/6462
f 1142/6463 1078/6464 1143/6465
f 1078/6466 1079/6467 1143/6468
f 1143/6469 1079/6470 1144/6471
f 1079/6472 1080/6473 1144/6474
f 1144/6475 1080/6476 1145/6477
f 1080/6478 1081/6479 1145/6480
f 1145/6481 1081/6482 1146/6483
f 1081/6484 1082/6485 1146/6486
f 1146/6487 1082/6488 1147/6489
f 1082/6490 1083/6491 1147/6492
f 1147/6493 1083/6494 1148/6495
f 1083/6496 1084/6497 1148/6498
f 1148/6499 1084/6500 1149/6501
f 1084/6502 1085/6503 1149/6504
f 1149/6505 1085/6506 1150/6507
f 1085/6508 1086/6509 1150/6510
f 1150/6511 1086/6512 1151/6513
f 1086/6514 1087/6515 1151/6516
f 1151/6517 1087/6518 1152/6519
f 1087/6520 1088/6521 1152/6522
f 1152/6523 1088/6524 1089/6525
f 1088/6526 1025/6527 1089/6528
f 1153/6529 1089/6530 1090/6531
f 1154/6532 1153/6533 1090/6534
f 1154/6535 1090/6536 1091/6537
f 1155/6538 1154/6539 1091/6540
f 1155/6541 1091/6542 1092/6543
f 1156/6544 1155/6545 1092/6546
f 1156/6547 1092/6548 1093/6549
f 1157/6550 1156/6551 1093/6552
f 1157/6553 1093/6554 1094/6555
f 1158/6556 1157/6557 1094/6558
f 1158/6559 1094/6560 1095/6561
f 1159/6562 1158/6563 1095/6564
f 1159/6565 1095/6566 1096/6567
f 1160/6568 1159/6569 1096/6570
f 1160/6571 1096/6572 1097/6573
f 1161/6574 1160/6575 1097/6576
f 1161/6577 1097/6578 1098/6579
f 1162/6580 1161/6581 1098/6582
f 1162/6583 1098/6584 1099/6585
f 1163/6586 1162/6587 1099/6588
f 1163/6589 1099/6590 1100/6591
f 1164/6592 1163/6593 1100/6594
f 1164/6595 1100/6596 1101/6597
f 1165/6598 1164/6599 1101/6600
f 1165/6601 1101/6602 1102/6603
f 1166/6604 1165/6605 1102/6606
f 1166/6607 1102/6608 1103/6609
f 1167/6610 1166/6611 1103/6612
f 1167/6613 1103/6614 1104/6615
f 1168/6616 1167/6617 1104/6618
f 1168/6619 1104/6620 1105/6621
f 1169/6622 1168/6623 1105/6624
f 1169/6625 1105/6626 1106/6627
f 1170/6628 1169/6629 1106/6630
f 1170/6631 1106/6632 1107/6633
f 1171/6634 1170/6635 1107/6636
f 1171/6637 1107/6638 1108/6639
f 1172/6640 1171/6641 1108/6642
f 1172/6643 1108/6644 1109/6645
f 1173/6646 1172/6647 1109/6648
f 1173/6649 1109/6650 1110/6651
f 1174/6652 1173/6653 1110/6654
f 1174/6655 1110/6656 1111/6657
f 1175/6658 1174/6659 1111/6660
f 1175/6661 1111/6662 1112/6663
f 1176/6664 1175/6665 1112/6666
f 1176/6667 1112/6668 1113/6669
f 1177/6670 1176/6671 1113/6672
f 1177/6673 1113/6674 1114/6675
f 1178/6676 1177/6677 1114/6678
f 1178/6679 1114/6680 1115/6681
f 1179/6682 1178/6683 1115/6684
f 1179/6685 1115/6686 1116/6687
f 1180/6688 1179/6689 1116/6690
f 1180/6691 1116/6692 1117/6693
f 1181/6694 1180/6695 1117/6696
f 1181/6697 1117/6698 1118/6699
f 1182/6700 1181/6701 1118/6702
f 1182/6703 1118/6704 1119/6705
f 1183/6706 1182/6707 1119/6708
f 1183/6709 1119/6710 1120/6711
f 1184/6712 1183/6713 1120/6714
f 1184/6715 1120/6716 1121/6717
f 1185/6718 1184/6719 1121/6720
f 1185/6721 1121/6722 1186/6723
f 1121/6724 1122/6725 1186/6726
f 1186/6727 1122/6728 1187/6729
f 1122/6730 1123/6731 1187/6732
f 1187/6733 1123/6734 1188/6735
f 1123/6736 1124/6737 1188/6738
f 1188/6739 1124/6740 1189/6741
f 1124/6742 1125/6743 1189/6744
f 1189/6745 1125/6746 1190/6747
f 1125/6748 1126/6749 1190/6750
f 1190/6751 1126/6752 1191/6753
f 1126/6754 1127/6755 1191/6756
f 1191/6757 1127/6758 1192/6759
f 1127/6760 1128/6761 1192/6762
f 1192/6763 1128/6764 1193/6765
f 1128/6766 1129/6767 1193/6768
f 1193/6769 1129/6770 1194/6771
f 1129/6772 1130/6773 1194/6774
f 1194/6775 1130/6776 1195/6777
f 1130/6778 1131/6779 1195/6780
f 1195/6781 1131/6782 1196/6783
f 1131/6784 1132/6785 1196/6786
f 1196/6787 1132/6788 1197/6789
f 1132/6790 1133/6791 1197/6792
f 1197/6793 1133/6794 1198/6795
f 1133/6796 1134/6797 1198/6798
f 1198/6799 1134/6800 1199/6801
f 1134/6802 1135/6803 1199/6804
f 1199/6805 1135/6806 1200/6807
f 1135/6808 1136/6809 1200/6810
f 1200/6811 1136/6812 1201/6813
f 1136/6814 1137/6815 1201/6816
f 1201/6817 1137/6818 1202/6819
f 1137/6820 1138/6821 1202/6822
f 1202/6823 1138/6824 1203/6825
f 1138/6826 1139/6827 1203/6828
f 1203/6829 1139/6830 1204/6831
f 1139/6832 1140/6833 1204/6834
f 1204/6835 1140/6836 1205/6837
f 1140/6838 1141/6839 1205/6840
f 1205/6841 1141/6842 1206/6843
f 1141/6844 1142/6845 1206/6846
f 1206/6847 1142/6848 1207/6849
f 1142/6850 1143/6851 1207/6852
f 1207/6853 1143/6854 1208/6855
f 1143/6856 1144/6857 1208/6858
f 1208/6859 1144/6860 1209/6861
f 1144/6862 1145/6863 1209/6864
f 1209/6865 1145/6866 1210/6867
f 1145/6868 1146/6869 1210/6870
f 1210/6871 1146/6872 1211/6873
f 1146/6874 1147/6875 1211/6876
f 1211/6877 1147/6878 1212/6879
f 1147/6880 1148/6881 1212/6882
f 1212/6883 1148/6884 1213/6885
f 1148/6886 1149/6887 1213/6888
f 1213/6889 1149/6890 1214/6891
f 1149/6892 1150/6893 1214/6894
f 1214/6895 1150/6896 1215/6897
f 1150/6898 1151/6899 1215/6900
f 1215/6901 1151/6902 1216/6903
f 1151/6904 1152/6905 1216/6906
f 1216/6907 1152/6908 1153/6909
f 1152/6910 1089/6911 1153/6912
f 1217/6913 1153/6914 1154/6915
f 1218/6916 1217/6917 1154/6918
f 1218/6919 1154/6920 1155/6921
f 1219/6922 1218/6923 1155/6924
f 1219/6925 1155/6926 1156/6927
f 1220/6928 1219/6929 1156/6930
f 1220/6931 1156/6932 1157/6933
f 1221/6934 1220/6935 1157/6936
f 1221/6937 1157/6938 1158/6939
f 1222/6940 1221/6941 1158/6942
f 1222/6943 1158/6944 1159/6945
f 1223/6946 1222/6947 1159/6948
f 1223/6949 1159/6950 1160/6951
f 1224/6952 1223/6953 1160/6954
f 1224/6955 1160/6956 1161/6957
f 1225/6958 1224/6959 1161/6960
f 1225/6961 1161/6962 1162/6963
f 1226/6964 1225/6965 1162/6966
f 1226/6967 1162/6968 1163/6969
f 1227/6970 1226/6971 1163/6972
f 1227/6973 1163/6974 1164/6975
f 1228/6976 1227/6977 1164/6978
f 1228/6979 1164/6980 1165/6981
f 1229/6982 1228/6983 1165/6984
f 1229/6985 1165/6986 1166/6987
f 1230/6988 1229/6989 1166/6990
f 1230/6991 1166/6992 1167/6993
f 1231/6994 1230/6995 1167/6996
f 1231/6997 1167/6998 1168/6999
f 1232/7000 1231/7001 1168/7002
f 1232/7003 1168/7004 1169/7005
f 1233/7006 1232/7007 1169/7008
f 1233/7009 1169/7010 1170/7011
f 1234/7012 1233/7013 1170/7014
f 1234/7015 1170/7016 1171/7017
f 1235/7018 1234/7019 1171/7020
f 1235/7021 1171/7022 1172/7023
f 1236/7024 1235/7025 1172/7026
f 1236/7027 1172/7028 1173/7029
f 1237/7030 1236/7031 1173/7032
f 1237/7033 1173/7034 1174/7035
f 1238/7036 1237/7037 1174/7038
f 1238/7039 1174/7040 1175/7041
f 1239/7042 1238/7043 1175/7044
f 1239/7045 1175/7046 1176/7047
f 1240/7048 1239/7049 1176/7050
f 1240/7051 1176/7052 1177/7053
f 1241/7054 1240/7055 1177/7056
f 1241/7057 1177/7058 1178/7059
f 1242/7060 1241/7061 1178/7062
f 1242/7063 1178/7064 1179/7065
f 1243/7066 1242/7067 1179/7068
f 1243/7069 1179/7070 1180/7071
f 1244/7072 1243/7073 1180/7074
f 1244/7075 1180/7076 1181/7077
f 1245/7078 1244/7079 1181/7080
f 1245/7081 1181/7082 1182/7083
f 1246/7084 1245/7085 1182/7086
f 1246/7087 1182/7088 1183/7089
f 1247/7090 1246/7091 1183/7092
f 1247/7093 1183/7094 1184/7095
f 1248/7096 1247/7097 1184/7098
f 1248/7099 1184/7100 1185/7101
f 1249/7102 1248/7103 1185/7104
f 1249/7105 1185/7106 1250/7107
f 1185/7108 1186/7109 1250/7110
f 1250/7111 1186/7112 1251/7113
f 1186/7114 1187/7115 1251/7116
f 1251/7117 1187/7118 1252/7119
f 1187/7120 1188/7121 1252/7122
f 1252/7123 1188/7124 1253/7125
f 1188/7126 1189/7127 1253/7128
f 1253/7129 1189/7130 1254/7131
f 1189/7132 1190/7133 1254/7134
f 1254/7135 1190/7136 1255/7137
f 1190/7138 1191/7139 1255/7140
f 1255/7141 1191/7142 1256/7143
f 1191/7144 1192/7145 1256/7146
f 1256/7147 1192/7148 1257/7149
f 1192/7150 1193/7151 1257/7152
f 1257/7153 1193/7154 1258/7155
f 1193/7156 1194/7157 1258/7158
f 1258/7159 1194/7160 1259/7161
f 1194/7162 1195/7163 1259/7164
f 1259/7165 1195/7166 1260/7167
f 1195/7168 1196/7169 1260/7170
f 1260/7171 1196/7172 1261/7173
f 1196/7174 1197/7175 1261/7176
f 1261/7177 1197/7178 1262/7179
f 1197/7180 1198/7181 1262/7182
f 1262/7183 1198/7184 1263/7185
f 1198/7186 1199/7187 1263/7188
f 1263/7189 1199/7190 1264/7191
f 1199/7192 1200/7193 1264/7194
f 1264/7195 1200/7196 1265/7197
f 1200/7198 1201/7199 1265/7200
f 1265/7201 1201/7202 1266/7203
f 1201/7204 1202/7205 1266/7206
f 1266/7207 1202/7208 1267/7209
f 1202/7210 1203/7211 1267/7212
f 1267/7213 1203/7214 1268/7215
f 1203/7216 1204/7217 1268/7218
f 1268/7219 1204/7220 1269/7221
f 1204/7222 1205/7223 1269/7224
f 1269/7225 1205/7226 1270/7227
f 1205/7228 1206/7229 1270/7230
f 1270/7231 1206/7232 1271/7233
f 1206/7234 1207/7235 1271/7236
f 1271/7237 1207/7238 1272/7239
f 1207/7240 1208/7241 1272/7242
f 1272/7243 1208/7244 1273/7245
f 1208/7246 1209/7247 1273/7248
f 1273/7249 1209/7250 1274/7251
f 1209/7252 1210/7253 1274/7254
f 1274/7255 1210/7256 1275/7257
f 1210/7258 1211/7259 1275/7260
f 1275/7261 1211/7262 1276/7263
f 1211/7264 1212/7265 1276/7266
f 1276/7267 1212/7268 1277/7269
f 1212/7270 1213/7271 1277/7272
f 1277/7273 1213/7274 1278/7275
f 1213/7276 1214/7277 1278/7278
f 1278/7279 1214/7280 1279/7281
f 1214/7282 1215/7283 1279/7284
f 1279/7285 1215/7286 1280/7287
f 1215/7288 1216/7289 1280/7290
f 1280/7291 1216/7292 1217/7293
f 1216/7294 1153/7295 1217/7296
f 1281/7297 1217/7298 1218/7299
f 1282/7300 1281/7301 1218/7302
f 1282/7303 1218/7304 1219/7305
f 1283/7306 1282/7307 1219/7308
f 1283/7309 1219/7310 1220/7311
f 1284/7312 1283/7313 1220/7314
f 1284/7315 1220/7316 1221/7317
f 1285/7318 1284/7319 1221/7320
f 1285/7321 1221/7322 1222/7323
f 1286/7324 1285/7325 1222/7326
f 1286/7327 1222/7328 1223/7329
f 1287/7330 1286/7331 1223/7332
f 1287/7333 1223/7334 1224/7335
f 1288/7336 1287/7337 1224/7338
f 1288/7339 1224/7340 1225/7341
f 1289/7342 1288/7343 1225/7344
f 1289/7345 1225/7346 1226/7347
f 1290/7348 1289/7349 1226/7350
f 1290/7351 1226/7352 1227/7353
f 1291/7354 1290/7355 1227/7356
f 1291/7357 1227/7358 1228/7359
f 1292/7360 1291/7361 1228/7362
f 1292/7363 1228/7364 1229/7365
f 1293/7366 1292/7367 1229/7368
f 1293/7369 1229/7370 1230/7371
f 1294/7372 1293/7373 1230/7374
f 1294/7375 1230/7376 1231/7377
f 1295/7378 1294/7379 1231/7380
f 1295/7381 1231/7382 1232/7383
f 1296/7384 1295/7385 1232/7386
f 1296/7387 1232/7388 1233/7389
f 1297/7390 1296/7391 1233/7392
f 1297/7393 1233/7394 1234/7395
f 1298/7396 1297/7397 1234/7398
f 1298/7399 1234/7400 1235/7401
f 1299/7402 1298/7403 1235/7404
f 1299/7405 1235/7406 1236/7407
f 1300/7408 1299/7409 1236/7410
f 1300/7411 1236/7412 1237/7413
f 1301/7414 1300/7415 1237/7416
f 1301/7417 1237/7418 1238/7419
f 1302/7420 1301/7421 1238/7422
f 1302/7423 1238/7424 1239/7425
f 1303/7426 1302/7427 1239/7428
f 1303/7429 1239/7430 1240/7431
f 1304/7432 1303/7433 1240/7434
f 1304/7435 1240/7436 1241/7437
f 1305/7438 1304/7439 1241/7440
f 1305/7441 1241/7442 1242/7443
f 1306/7444 1305/7445 1242/7446
f 1306/7447 1242/7448 1243/7449
f 1307/7450 1306/7451 1243/7452
f 1307/7453 1243/7454 1244/7455
f 1308/7456 1307/7457 1244/7458
f 1308/7459 1244/7460 1245/7461
f 1309/7462 1308/7463 1245/7464
f 1309/7465 1245/7466 1246/7467
f 1310/7468 1309/7469 1246/7470
f 1310/7471 1246/7472 1247/7473
f 1311/7474 1310/7475 1247/7476
f 1311/7477 1247/7478 1248/7479
f 1312/7480 1311/7481 1248/7482
f 1312/7483 1248/7484 1249/7485
f 1313/7486 1312/7487 1249/7488
f 1313/7489 1249/7490 1314/7491
f 1249/7492 1250/7493 1314/7494
f 1314/7495 1250/7496 1315/7497
f 1250/7498 1251/7499 1315/7500
f 1315/7501 1251/7502 1316/7503
f 1251/7504 1252/7505 1316/7506
f 1316/7507 1252/7508 1317/7509
f 1252/7510 1253/7511 1317/7512
f 1317/7513 1253/7514 1318/7515
f 1253/7516 1254/7517 1318/7518
f 1318/7519 1254/7520 1319/7521
f 1254/7522 1255/7523 1319/7524
f 1319/7525 1255/7526 1320/7527
f 1255/7528 1256/7529 1320/7530
f 1320/7531 1256/7532 1321/7533
f 1256/7534 1257/7535 1321/7536
f 1321/7537 1257/7538 1322/7539
f 1257/7540 1258/7541 1322/7542
f 1322/7543 1258/7544 1323/7545
f 1258/7546 1259/7547 1323/7548
f 1323/7549 1259/7550 1324/7551
f 1259/7552 1260/7553 1324/7554
f 1324/7555 1260/7556 1325/7557
f 1260/7558 1261/7559 1325/7560
f 1325/7561 1261/7562 1326/7563
f 1261/7564 1262/7565 1326/7566
f 1326/7567 1262/7568 1327/7569
f 1262/7570 1263/7571 1327/7572
f 1327/7573 1263/7574 1328/7575
f 1263/7576 1264/7577 1328/7578
f 1328/7579 1264/7580 1329/7581
f 1264/7582 1265/7583 1329/7584
f 1329/7585 1265/7586 1330/7587
f 1265/7588 1266/7589 1330/7590
f 1330/7591 1266/7592 1331/7593
f 1266/7594 1267/7595 1331/7596
f 1331/7597 1267/7598 1332/7599
f 1267/7600 1268/7601 1332/7602
f 1332/7603 1268/7604 1333/7605
f 1268/7606 1269/7607 1333/7608
f 1333/7609 1269/7610 1334/7611
f 1269/7612 1270/7613 1334/7614
f 1334/7615 1270/7616 1335/7617
f 1270/7618 1271/7619 1335/7620
f 1335/7621 1271/7622 1336/7623
f 1271/7624 1272/7625 1336/7626
f 1336/7627 1272/7628 1337/7629
f 1272/7630 1273/7631 1337/7632
f 1337/7633 1273/7634 1338/7635
f 1273/7636 1274/7637 1338/7638
f 1338/7639 1274/7640 1339/7641
f 1274/7642 1275/7643 1339/7644
f 1339/7645 1275/7646 1340/7647
f 1275/7648 1276/7649 1340/7650
f 1340/7651 1276/7652 1341/7653
f 1276/7654 1277/7655 1341/7656
f 1341/7657 1277/7658 1342/7659
f 1277/7660 1278/7661 1342/7662
f 1342/7663 1278/7664 1343/7665
f 1278/7666 1279/7667 1343/7668
f 1343/7669 1279/7670 1344/7671
f 1279/7672 1280/7673 1344/7674
f 1344/7675 1280/7676 1281/7677
f 1280/7678 1217/7679 1281/7680
f 1345/7681 1281/7682 1282/7683
f 1346/7684 1345/7685 1282/7686
f 1346/7687 1282/7688 1283/7689
f 1347/7690 1346/7691 1283/7692
f 1347/7693 1283/7694 1284/7695
f 1348/7696 1347/7697 1284/7698
f 1348/7699 1284/7700 1285/7701
f 1349/7702 1348/7703 1285/7704
f 1349/7705 1285/7706 1286/7707
f 1350/7708 1349/7709 1286/7710
f 1350/7711 1286/7712 1287/7713
f 1351/7714 1350/7715 1287/7716
f 1351/7717 1287/7718 1288/7719
f 1352/7720 1351/7721 1288/7722
f 1352/7723 1288/7724 1289/7725
f 1353/7726 1352/7727 1289/7728
f 1353/7729 1289/7730 1290/7731
f 1354/7732 1353/7733 1290/7734
f 1354/7735 1290/7736 1291/7737
f 1355/7738 1354/7739 1291/7740
f 1355/7741 1291/7742 1292/7743
f 1356/7744 1355/7745 1292/7746
f 1356/7747 1292/7748 1293/7749
f 1357/7750 1356/7751 1293/7752
f 1357/7753 1293/7754 1294/7755
f 1358/7756 1357/7757 1294/7758
f 1358/7759 1294/7760 1295/7761
f 1359/7762 1358/7763 1295/7764
f 1359/7765 1295/7766 1296/7767
f 1360/7768 1359/7769 1296/7770
f 1360/7771 1296/7772 1297/7773
f 1361/7774 1360/7775 1297/7776
f 1361/7777 1297/7778 1298/7779
f 1362/7780 1361/7781 1298/7782
f 1362/7783 1298/7784 1299/7785
f 1363/7786 1362/7787 1299/7788
f 1363/7789 1299/7790 1300/7791
f 1364/7792 1363/7793 1300/7794
f 1364/7795 1300/7796 1301/7797
f 1365/7798 1364/7799 1301/7800
f 1365/7801 1301/7802 1302/7803
f 1366/7804 1365/7805 1302/7806
f 1366/7807 1302/7808 1303/7809
f 1367/7810 1366/7811 1303/7812
f 1367/7813 1303/7814 1304/7815
f 1368/7816 1367/7817 1304/7818
f 1368/7819 1304/7820 1305/7821
f 1369/7822 1368/7823 1305/7824
f 1369/7825 1305/7826 1306/7827
f 1370/7828 1369/7829 1306/7830
f 1370/7831 1306/7832 1307/7833
f 1371/7834 1370/7835 1307/7836
f 1371/7837 1307/7838 1308/7839
f 1372/7840 1371/7841 1308/7842
f 1372/7843 1308/7844 1309/7845
f 1373/7846 1372/7847 1309/7848
f 1373/7849 1309/7850 1310/7851
f 1374/7852 1373/7853 1310/7854
f 1374/7855 1310/7856 1311/7857
f 1375/7858 1374/7859 1311/7860
f 1375/7861 1311/7862 1312/7863
f 1376/7864 1375/7865 1312/7866
f 1376/7867 1312/7868 1313/7869
f 1377/7870 1376/7871 1313/7872
f 1377/7873 1313/7874 1378/7875
f 1313/7876 1314/7877 1378/7878
f 1378/7879 1314/7880 1379/7881
f 1314/7882 1315/7883 1379/7884
f 1379/7885 1315/7886 1380/7887
f 1315/7888 1316/7889 1380/7890
f 1380/7891 1316/7892 1381/7893
f 1316/7894 1317/7895 1381/7896
f 1381/7897 1317/7898 1382/7899
f 1317/7900 1318/7901 1382/7902
f 1382/7903 1318/7904 1383/7905
f 1318/7906 1319/7907 1383/7908
f 1383/7909 1319/7910 1384/7911
f 1319/7912 1320/7913 1384/7914
f 1384/7915 1320/7916 1385/7917
f 1320/7918 1321/7919 1385/7920
f 1385/7921 1321/7922 1386/7923
f 1321/7924 1322/7925 1386/7926
f 1386/7927 1322/7928 1387/7929
f 1322/7930 1323/7931 1387/7932
f 1387/7933 1323/7934 1388/7935
f 1323/7936 1324/7937 1388/7938
f 1388/7939 1324/7940 1389/7941
f 1324/7942 1325/7943 1389/7944
f 1389/7945 1325/7946 1390/7947
f 1325/7948 1326/7949 1390/7950
f 1390/7951 1326/7952 1391/7953
f 1326/7954 1327/7955 1391/7956
f 1391/7957 1327/7958 1392/7959
f 1327/7960 1328/7961 1392/7962
f 1392/7963 1328/7964 1393/7965
f 1328/7966 1329/7967 1393/7968
f 1393/7969 1329/7970 1394/7971
f 1329/7972 1330/7973 1394/7974
f 1394/7975 1330/7976 1395/7977
f 1330/7978 1331/7979 1395/7980
f 1395/7981 1331/7982 1396/7983
f 1331/7984 1332/7985 1396/7986
f 1396/7987 1332/7988 1397/7989
f 1332/7990 1333/7991 1397/7992
f 1397/7993 1333/7994 1398/7995
f 1333/7996 1334/7997 1398/7998
f 1398/7999 1334/8000 1399/8001
f 1334/8002 1335/8003 1399/8004
f 1399/8005 1335/8006 1400/8007
f 1335/8008 1336/8009 1400/8010
f 1400/8011 1336/8012 1401/8013
f 1336/8014 1337/8015 1401/8016
f 1401/8017 1337/8018 1402/8019
f 1337/8020 1338/8021 1402/8022
f 1402/8023 1338/8024 1403/8025
f 1338/8026 1339/8027 1403/8028
f 1403/8029 1339/8030 1404/8031
f 1339/8032 1340/8033 1404/8034
f 1404/8035 1340/8036 1405/8037
f 1340/8038 1341/8039 1405/8040
f 1405/8041 1341/8042 1406/8043
f 1341/8044 1342/8045 1406/8046
f 1406/8047 1342/8048 1407/8049
f 1342/8050 1343/8051 1407/8052
f 1407/8053 1343/8054 1408/8055
f 1343/8056 1344/8057 1408/8058
f 1408/8059 1344/8060 1345/8061
f 1344/8062 1281/8063 1345/8064
f 1409/8065 1345/8066 1346/8067
f 1410/8068 1409/8069 1346/8070
f 1410/8071 1346/8072 1347/8073
f 1411/8074 1410/8075 1347/8076
f 1411/8077 1347/8078 1348/8079
f 1412/8080 1411/8081 1348/8082
f 1412/8083 1348/8084 1349/8085
f 1413/8086 1412/8087 1349/8088
f 1413/8089 1349/8090 1350/8091
f 1414/8092 1413/8093 1350/8094
f 1414/8095 1350/8096 1351/8097
f 1415/8098 1414/8099 1351/8100
f 1415/8101 1351/8102 1352/8103
f 1416/8104 1415/8105 1352/8106
f 1416/8107 1352/8108 1353/8109
f 1417/8110 1416/8111 1353/8112
f 1417/8113 1353/8114 1354/8115
f 1418/8116 1417/8117 1354/8118
f 1418/8119 1354/8120 1355/8121
f 1419/8122 1418/8123 1355/8124
f 1419/8125 1355/8126 1356/8127
f 1420/8128 1419/8129 1356/8130
f 1420/8131 1356/8132 1357/8133
f 1421/8134 1420/8135 1357/8136
f 1421/8137 1357/8138 1358/8139
f 1422/8140 1421/8141 1358/8142
f 1422/8143 1358/8144 1359/8145
f 1423/8146 1422/8147 1359/8148
f 1423/8149 1359/8150 1360/8151
f 1424/8152 1423/8153 1360/8154
f 1424/8155 1360/8156 1361/8157
f 1425/8158 1424/8159 1361/8160
f 1425/8161 1361/8162 1362/8163
f 1426/8164 1425/8165 1362/8166
f 1426/8167 1362/8168 1363/8169
f 1427/8170 1426/8171 1363/8172
f 1427/8173 1363/8174 1364/8175
f 1428/8176 1427/8177 1364/8178
f 1428/8179 1364/8180 1365/8181
f 1429/8182 1428/8183 1365/8184
f 1429/8185 1365/8186 1366/8187
f 1430/8188 1429/8189 1366/8190
f 1430/8191 1366/8192 1367/8193
f 1431/8194 1430/8195 1367/8196
f 1431/8197 1367/8198 1368/8199
f 1432/8200 1431/8201 1368/8202
f 1432/8203 1368/8204 1369/8205
f 1433/8206 1432/8207 1369/8208
f 1433/8209 1369/8210 1370/8211
f 1434/8212 1433/8213 1370/8214
f 1434/8215 1370/8216 1371/8217
f 1435/8218 1434/8219 1371/8220
f 1435/8221 1371/8222 1372/8223
f 1436/8224 1435/8225 1372/8226
f 1436/8227 1372/8228 1373/8229
f 1437/8230 1436/8231 1373/8232
f 1437/8233 1373/8234 1374/8235
f 1438/8236 1437/8237 1374/8238
f 1438/8239 1374/8240 1375/8241
f 1439/8242 1438/8243 1375/8244
f 1439/8245 1375/8246 1376/8247
f 1440/8248 1439/8249 1376/8250
f 1440/8251 1376/8252 1377/8253
f 1441/8254 1440/8255 1377/8256
f 1441/8257 1377/8258 1442/8259
f 1377/8260 1378/8261 1442/8262
f 1442/8263 1378/8264 1443/8265
f 1378/8266 1379/8267 1443/8268
f 1443/8269 1379/8270 1444/8271
f 1379/8272 1380/8273 1444/8274
f 1444/8275 1380/8276 1445/8277
f 1380/8278 1381/8279 1445/8280
f 1445/8281 1381/8282 1446/8283
f 1381/8284 1382/8285 1446/8286
f 1446/8287 1382/8288 1447/8289
f 1382/8290 1383/8291 1447/8292
f 1447/8293 1383/8294 1448/8295
f 1383/8296 1384/8297 1448/8298
f 1448/8299 1384/8300 1449/8301
f 1384/8302 1385/8303 1449/8304
f 1449/8305 1385/8306 1450/8307
f 1385/8308 1386/8309 1450/8310
f 1450/8311 1386/8312 1451/8313
f 1386/8314 1387/8315 1451/8316
f 1451/8317 1387/8318 1452/8319
f 1387/8320 1388/8321 1452/8322
f 1452/8323 1388/8324 1453/8325
f 1388/8326 1389/8327 1453/8328
f 1453/8329 1389/8330 1454/8331
f 1389/8332 1390/8333 1454/8334
f 1454/8335 1390/8336 1455/8337
f 1390/8338 1391/8339 1455/8340
f 1455/8341 1391/8342 1456/8343
f 1391/8344 1392/8345 1456/8346
f 1456/8347 1392/8348 1457/8349
f 1392/8350 1393/8351 1457/8352
f 1457/8353 1393/8354 1458/8355
f 1393/8356 1394/8357 1458/8358
f 1458/8359 1394/8360 1459/8361
f 1394/8362 1395/8363 1459/8364
f 1459/8365 1395/8366 1460/8367
f 1395/8368 1396/8369 1460/8370
f 1460/8371 1396/8372 1461/8373
f 1396/8374 1397/8375 1461/8376
f 1461/8377 1397/8378 1462/8379
f 1397/8380 1398/8381 1462/8382
f 1462/8383 1398/8384 1463/8385
f 1398/8386 1399/8387 1463/8388
f 1463/8389 1399/8390 1464/8391
f 1399/8392 1400/8393 1464/8394
f 1464/8395 1400/8396 1465/8397
f 1400/8398 1401/8399 1465/8400
f 1465/8401 1401/8402 1466/8403
f 1401/8404 1402/8405 1466/8406
f 1466/8407 1402/8408 1467/8409
f 1402/8410 1403/8411 1467/8412
f 1467/8413 1403/8414 1468/8415
f 1403/8416 1404/8417 1468/8418
f 1468/8419 1404/8420 1469/8421
f 1404/8422 1405/8423 1469/8424
f 1469/8425 1405/8426 1470/8427
f 1405/8428 1406/8429 1470/8430
f 1470/8431 1406/8432 1471/8433
f 1406/8434 1407/8435 1471/8436
f 1471/8437 1407/8438 1472/8439
f 1407/8440 1408/8441 1472/8442
f 1472/8443 1408/8444 1409/8445
f 1408/8446 1345/8447 1409/8448
f 1473/8449 1409/8450 1410/8451
f 1474/8452 1473/8453 1410/8454
f 1474/8455 1410/8456 1411/8457
f 1475/8458 1474/8459 1411/8460
f 1475/8461 1411/8462 1412/8463
f 1476/8464 1475/8465 1412/8466
f 1476/8467 1412/8468 1413/8469
f 1477/8470 1476/8471 1413/8472
f 1477/8473 1413/8474 1414/8475
f 1478/8476 1477/8477 1414/8478
f 1478/8479 1414/8480 1415/8481
f 1479/8482 1478/8483 1415/8484
f 1479/8485 1415/8486 1416/8487
f 1480/8488 1479/8489 1416/8490
f 1480/8491 1416/8492 1417/8493
f 1481/8494 1480/8495 1417/8496
f 1481/8497 1417/8498 1418/8499
f 1482/8500 1481/8501 1418/8502
f 1482/8503 1418/8504 1419/8505
f 1483/8506 1482/8507 1419/8508
f 1483/8509 1419/8510 1420/8511
f 1484/8512 1483/8513 1420/8514
f 1484/8515 1420/8516 1421/8517
f 1485/8518 1484/8519 1421/8520
f 1485/8521 1421/8522 1422/8523
f 1486/8524 1485/8525 1422/8526
f 1486/8527 1422/8528 1423/8529
f 1487/8530 1486/8531 1423/8532
f 1487/8533 1423/8534 1424/8535
f 1488/8536 1487/8537 1424/8538
f 1488/8539 1424/8540 1425/8541
f 1489/8542 1488/8543 1425/8544
f 1489/8545 1425/8546 1426/8547
f 1490/8548 1489/8549 1426/8550
f 1490/8551 1426/8552 1427/8553
f 1491/8554 1490/8555 1427/8556
f 1491/8557 1427/8558 1428/8559
f 1492/8560 1491/8561 1428/8562
f 1492/8563 1428/8564 1429/8565
f 1493/8566 1492/8567 1429/8568
f 1493/8569 1429/8570 1430/8571
f 1494/8572 1493/8573 1430/8574
f 1494/8575 1430/8576 1431/8577
f 1495/8578 1494/8579 1431/8580
f 1495/8581 1431/8582 1432/8583
f 1496/8584 1495/8585 1432/8586
f 1496/8587 1432/8588 1433/8589
f 1497/8590 1496/8591 1433/8592
f 1497/8593 1433/8594 1434/8595
f 1498/8596 1497/8597 1434/8598
f 1498/8599 1434/8600 1435/8601
f 1499/8602 1498/8603 1435/8604
f 1499/8605 1435/8606 1436/8607
f 1500/8608 1499/8609 1436/8610
f 1500/8611 1436/8612 1437/8613
f 1501/8614 1500/8615 1437/8616
f 1501/8617 1437/8618 1438/8619
f 1502/8620 1501/8621 1438/8622
f 1502/8623 1438/8624 1439/8625
f 1503/8626 1502/8627 1439/8628
f 1503/8629 1439/8630 1440/8631
f 1504/8632 1503/8633 1440/8634
f 1504/8635 1440/8636 1441/8637
f 1505/8638 1504/8639 1441/8640
f 1505/8641 1441/8642 1506/8643
f 1441/8644 1442/8645 1506/8646
f 1506/8647 1442/8648 1507/8649
f 1442/8650 1443/8651 1507/8652
f 1507/8653 1443/8654 1508/8655
f 1443/8656 1444/8657 1508/8658
f 1508/8659 1444/8660 1509/8661
f 1444/8662 1445/8663 1509/8664
f 1509/8665 1445/8666 1510/8667
f 1445/8668 1446/8669 1510/8670
f 1510/8671 1446/8672 1511/8673
f 1446/8674 1447/8675 1511/8676
f 1511/8677 1447/8678 1512/8679
f 1447/8680 1448/8681 1512/8682
f 1512/8683 1448/8684 1513/8685
f 1448/8686 1449/8687 1513/8688
f 1513/8689 1449/8690 1514/8691
f 1449/8692 1450/8693 1514/8694
f 1514/8695 1450/8696 1515/8697
f 1450/8698 1451/8699 1515/8700
f 1515/8701 1451/8702 1516/8703
f 1451/8704 1452/8705 1516/8706
f 1516/8707 1452/8708 1517/8709
f 1452/8710 1453/8711 1517/8712
f 1517/8713 1453/8714 1518/8715
f 1453/8716 1454/8717 1518/8718
f 1518/8719 1454/8720 1519/8721
f 1454/8722 1455/8723 1519/8724
f 1519/8725 1455/8726 1520/8727
f 1455/8728 1456/8729 1520/8730
f 1520/8731 1456/8732 1521/8733
f 1456/8734 1457/8735 1521/8736
f 1521/8737 1457/8738 1522/8739
f 1457/8740 1458/8741 1522/8742
f 1522/8743 1458/8744 1523/8745
f 1458/8746 1459/8747 1523/8748
f 1523/8749 1459/8750 1524/8751
f 1459/8752 1460/8753 1524/8754
f 1524/8755 1460/8756 1525/8757
f 1460/8758 1461/8759 1525/8760
f 1525/8761 1461/8762 1526/8763
f 1461/8764 1462/8765 1526/8766
f 1526/8767 1462/8768 1527/8769
f 1462/8770 1463/8771 1527/8772
f 1527/8773 1463/8774 1528/8775
f 1463/8776 1464/8777 1528/8778
f 1528/8779 1464/8780 1529/8781
f 1464/8782 1465/8783 1529/8784
f 1529/8785 1465/8786 1530/8787
f 1465/8788 1466/8789 1530/8790
f 1530/8791 1466/8792 1531/8793
f 1466/8794 1467/8795 1531/8796
f 1531/8797 1467/8798 1532/8799
f 1467/8800 1468/8801 1532/8802
f 1532/8803 1468/8804 1533/8805
f 1468/8806 1469/8807 1533/8808
f 1533/8809 1469/8810 1534/8811
f 1469/8812 1470/8813 1534/8814
f 1534/8815 1470/8816 1535/8817
f 1470/8818 1471/8819 1535/8820
f 1535/8821 1471/8822 1536/8823
f 1471/8824 1472/8825 1536/8826
f 1536/8827 1472/8828 1473/8829
f 1472/8830 1409/8831 1473/8832
f 1537/8833 1473/8834 1474/8835
f 1538/8836 1537/8837 1474/8838
f 1538/8839 1474/8840 1475/8841
f 1539/8842 1538/8843 1475/8844
f 1539/8845 1475/8846 1476/8847
f 1540/8848 1539/8849 1476/8850
f 1540/8851 1476/8852 1477/8853
f 1541/8854 1540/8855 1477/8856
f 1541/8857 1477/8858 1478/8859
f 1542/8860 1541/8861 1478/8862
f 1542/8863 1478/8864 1479/8865
f 1543/8866 1542/8867 1479/8868
f 1543/8869 1479/8870 1480/8871
f 1544/8872 1543/8873 1480/8874
f 1544/8875 1480/8876 1481/8877
f 1545/8878 1544/8879 1481/8880
f 1545/8881 1481/8882 1482/8883
f 1546/8884 1545/8885 1482/8886
f 1546/8887 1482/8888 1483/8889
f 1547/8890 1546/8891 1483/8892
f 1547/8893 1483/8894 1484/8895
f 1548/8896 1547/8897 1484/8898
f 1548/8899 1484/8900 1485/8901
f 1549/8902 1548/8903 1485/8904
f 1549/8905 1485/8906 1486/8907
f 1550/8908 1549/8909 1486/8910
f 1550/8911 1486/8912 1487/8913
f 1551/8914 1550/8915 1487/8916
f 1551/8917 1487/8918 1488/8919
f 1552/8920 1551/8921 1488/8922
f 1552/8923 1488/8924 1489/8925
f 1553/8926 1552/8927 1489/8928
f 1553/8929 1489/8930 1490/8931
f 1554/8932 1553/8933 1490/8934
f 1554/8935 1490/8936 1491/8937
f 1555/8938 1554/8939 1491/8940
f 1555/8941 1491/8942 1492/8943
f 1556/8944 1555/8945 1492/8946
f 1556/8947 1492/8948 1493/8949
f 1557/8950 1556/8951 1493/8952
f 1557/8953 1493/8954 1494/8955
f 1558/8956 1557/8957 1494/8958
f 1558/8959 1494/8960 1495/8961
f 1559/8962 1558/8963 1495/8964
f 1559/8965 1495/8966 1496/8967
f 1560/8968 1559/8969 1496/8970
f 1560/8971 1496/8972 1497/8973
f 1561/8974 1560/8975 1497/8976
f 1561/8977 1497/8978 1498/8979
f 1562/8980 1561/8981 1498/8982
f 1562/8983 1498/8984 1499/8985
f 1563/8986 1562/8987 1499/8988
f 1563/8989 1499/8990 1500/8991
f 1564/8992 1563/8993 1500/8994
f 1564/8995 1500/8996 1501/8997
f 1565/8998 1564/8999 1501/9000
f 1565/9001 1501/9002 1502/9003
f 1566/9004 1565/9005 1502/9006
f 1566/9007 1502/9008 1503/9009
f 1567/9010 1566/9011 1503/9012
f 1567/9013 1503/9014 1504/9015
f 1568/9016 1567/9017 1504/9018
f 1568/9019 1504/9020 1505/9021
f 1569/9022 1568/9023 1505/9024
f 1569/9025 1505/9026 1570/9027
f 1505/9028 1506/9029 1570/9030
f 1570/9031 1506/9032 1571/9033
f 1506/9034 1507/9035 1571/9036
f 1571/9037 1507/9038 1572/9039
f 1507/9040 1508/9041 1572/9042
f 1572/9043 1508/9044 1573/9045
f 1508/9046 1509/9047 1573/9048
f 1573/9049 1509/9050 1574/9051
f 1509/9052 1510/9053 1574/9054
f 1574/9055 1510/9056 1575/9057
f 1510/9058 1511/9059 1575/9060
f 1575/9061 1511/9062 1576/9063
f 1511/9064 1512/9065 1576/9066
f 1576/9067 1512/9068 1577/9069
f 1512/9070 1513/9071 1577/9072
f 1577/9073 1513/9074 1578/9075
f 1513/9076 1514/9077 1578/9078
f 1578/9079 1514/9080 1579/9081
f 1514/9082 1515/9083 1579/9084
f 1579/9085 1515/9086 1580/9087
f 1515/9088 1516/9089 1580/9090
f 1580/9091 1516/9092 1581/9093
f 1516/9094 1517/9095 1581/9096
f 1581/9097 1517/9098 1582/9099
f 1517/9100 1518/9101 1582/9102
f 1582/9103 1518/9104 1583/9105
f 1518/9106 1519/9107 1583/9108
f 1583/9109 1519/9110 1584/9111
f 1519/9112 1520/9113 1584/9114
f 1584/9115 1520/9116 1585/9117
f 1520/9118 1521/9119 1585/9120
f 1585/9121 1521/9122 1586/9123
f 1521/9124 1522/9125 1586/9126
f 1586/9127 1522/9128 1587/9129
f 1522/9130 1523/9131 1587/9132
f 1587/9133 1523/9134 1588/9135
f 1523/9136 1524/9137 1588/9138
f 1588/9139 1524/9140 1589/9141
f 1524/9142 1525/9143 1589/9144
f 1589/9145 1525/9146 1590/9147
f 1525/9148 1526/9149 1590/9150
f 1590/9151 1526/9152 1591/9153
f 1526/9154 1527/9155 1591/9156
f 1591/9157 1527/9158 1592/9159
f 1527/9160 1528/9161 1592/9162
f 1592/9163 1528/9164 1593/9165
f 1528/9166 1529/9167 1593/9168
f 1593/9169 1529/9170 1594/9171
f 1529/9172 1530/9173 1594/9174
f 1594/9175 1530/9176 1595/9177
f 1530/9178 1531/9179 1595/9180
f 1595/9181 1531/9182 1596/9183
f 1531/9184 1532/9185 1596/9186
f 1596/9187 1532/9188 1597/9189
f 1532/9190 1533/9191 1597/9192
f 1597/9193 1533/9194 1598/9195
f 1533/9196 1534/9197 1598/9198
f 1598/9199 1534/9200 1599/9201
f 1534/9202 1535/9203 1599/9204
f 1599/9205 1535/9206 1600/9207
f 1535/9208 1536/9209 1600/9210
f 1600/9211 1536/9212 1537/9213
f 1536/9214 1473/9215 1537/9216
f 1601/9217 1537/9218 1538/9219
f 1602/9220 1601/9221 1538/9222
f 1602/9223 1538/9224 1539/9225
f 1603/9226 1602/9227 1539/9228
f 1603/9229 1539/9230 1540/9231
f 1604/9232 1603/9233 1540/9234
f 1604/9235 1540/9236 1541/9237
f 1605/9238 1604/9239 1541/9240
f 1605/9241 1541/9242 1542/9243
f 1606/9244 1605/9245 1542/9246
f 1606/9247 1542/9248 1543/9249
f 1607/9250 1606/9251 1543/9252
f 1607/9253 1543/9254 1544/9255
f 1608/9256 1607/9257 1544/9258
f 1608/9259 1544/9260 1545/9261
f 1609/9262 1608/9263 1545/9264
f 1609/9265 1545/9266 1546/9267
f 1610/9268 1609/9269 1546/9270
f 1610/9271 1546/9272 1547/9273
f 1611/9274 1610/9275 1547/9276
f 1611/9277 1547/9278 1548/9279
f 1612/9280 1611/9281 1548/9282
f 1612/9283 1548/9284 1549/9285
f 1613/9286 1612/9287 1549/9288
f 1613/9289 1549/9290 1550/9291
f 1614/9292 1613/9293 1550/9294
f 1614/9295 1550/9296 1551/9297
f 1615/9298 1614/9299 1551/9300
f 1615/9301 1551/9302 1552/9303
f 1616/9304 1615/9305 1552/9306
f 1616/9307 1552/9308 1553/9309
f 1617/9310 1616/9311 1553/9312
f 1617/9313 1553/9314 1554/9315
f 1618/9316 1617/9317 1554/9318
f 1618/9319 1554/9320 1555/9321
f 1619/9322 1618/9323 1555/9324
f 1619/9325 1555/9326 1556/9327
f 1620/9328 1619/9329 1556/9330
f 1620/9331 1556/9332 1557/9333
f 1621/9334 1620/9335 1557/9336
f 1621/9337 1557/9338 1558/9339
f 1622/9340 1621/9341 1558/9342
f 1622/9343 1558/9344 1559/9345
f 1623/9346 1622/9347 1559/9348
f 1623/9349 1559/9350 1560/9351
f 1624/9352 1623/9353 1560/9354
f 1624/9355 1560/9356 1561/9357
f 1625/9358 1624/9359 1561/9360
f 1625/9361 1561/9362 1562/9363
f 1626/9364 1625/9365 1562/9366
f 1626/9367 1562/9368 1563/9369
f 1627/9370 1626/9371 1563/9372
f 1627/9373 1563/9374 1564/9375
f 1628/9376 1627/9377 1564/9378
f 1628/9379 1564/9380 1565/9381
f 1629/9382 1628/9383 1565/9384
f 1629/9385 1565/9386 1566/9387
f 1630/9388 1629/9389 1566/9390
f 1630/9391 1566/9392 1567/9393
f 1631/9394 1630/9395 1567/9396
f 1631/9397 1567/9398 1568/9399
f 1632/9400 1631/9401 1568/9402
f 1632/9403 1568/9404 1569/9405
f 1633/9406 1632/9407 1569/9408
f 1633/9409 1569/9410 1634/9411
f 1569/9412 1570/9413 1634/9414
f 1634/9415 1570/9416 1635/9417
f 1570/9418 1571/9419 1635/9420
f 1635/9421 1571/9422 1636/9423
f 1571/9424 1572/9425 1636/9426
f 1636/9427 1572/9428 1637/9429
f 1572/9430 1573/9431 1637/9432
f 1637/9433 1573/9434 1638/9435
f 1573/9436 1574/9437 1638/9438
f 1638/9439 1574/9440 1639/9441
f 1574/9442 1575/9443 1639/9444
f 1639/9445 1575/9446 1640/9447
f 1575/9448 1576/9449 1640/9450
f 1640/9451 1576/9452 1641/9453
f 1576/9454 1577/9455 1641/9456
f 1641/9457 1577/9458 1642/9459
f 1577/9460 1578/9461 1642/9462
f 1642/9463 1578/9464 1643/9465
f 1578/9466 1579/9467 1643/9468
f 1643/9469 1579/9470 1644/9471
f 1579/9472 1580/9473 1644/9474
f 1644/9475 1580/9476 1645/9477
f 1580/9478 1581/9479 1645/9480
f 1645/9481 1581/9482 1646/9483
f 1581/9484 1582/9485 1646/9486
f 1646/9487 1582/9488 1647/9489
f 1582/9490 1583/9491 1647/9492
f 1647/9493 1583/9494 1648/9495
f 1583/9496 1584/9497 1648/9498
f 1648/9499 1584/9500 1649/9501
f 1584/9502 1585/9503 1649/9504
f 1649/9505 1585/9506 1650/9507
f 1585/9508 1586/9509 1650/9510
f 1650/9511 1586/9512 1651/9513
f 1586/9514 1587/9515 1651/9516
f 1651/9517 1587/9518 1652/9519
f 1587/9520 1588/9521 1652/9522
f 1652/9523 1588/9524 1653/9525
f 1588/9526 1589/9527 1653/9528
f 1653/9529 1589/9530 1654/9531
f 1589/9532 1590/9533 1654/9534
f 1654/9535 1590/9536 1655/9537
f 1590/9538 1591/9539 1655/9540
f 1655/9541 1591/9542 1656/9543
f 1591/9544 1592/9545 1656/9546
f 1656/9547 1592/9548 1657/9549
f 1592/9550 1593/9551 1657/9552
f 1657/9553 1593/9554 1658/9555
f 1593/9556 1594/9557 1658/9558
f 1658/9559 1594/9560 1659/9561
f 1594/9562 1595/9563 1659/9564
f 1659/9565 1595/9566 1660/9567
f 1595/9568 1596/9569 1660/9570
f 1660/9571 1596/9572 1661/9573
f 1596/9574 1597/9575 1661/9576
f 1661/9577 1597/9578 1662/9579
f 1597/9580 1598/9581 1662/9582
f 1662/9583 1598/9584 1663/9585
f 1598/9586 1599/9587 1663/9588
f 1663/9589 1599/9590 1664/9591
f 1599/9592 1600/9593 1664/9594
f 1664/9595 1600/9596 1601/9597
f 1600/9598 1537/9599 1601/9600
f 1665/9601 1601/9602 1602/9603
f 1666/9604 1665/9605 1602/9606
f 1666/9607 1602/9608 1603/9609
f 1667/9610 1666/9611 1603/9612
f 1667/9613 1603/9614 1604/9615
f 1668/9616 1667/9617 1604/9618
f 1668/9619 1604/9620 1605/9621
f 1669/9622 1668/9623 1605/9624
f 1669/9625 1605/9626 1606/9627
f 1670/9628 1669/9629 1606/9630
f 1670/9631 1606/9632 1607/9633
f 1671/9634 1670/9635 1607/9636
f 1671/9637 1607/9638 1608/9639
f 1672/9640 1671/9641 1608/9642
f 1672/9643 1608/9644 1609/9645
f 1673/9646 1672/9647 1609/9648
f 1673/9649 1609/9650 1610/9651
f 1674/9652 1673/9653 1610/9654
f 1674/9655 1610/9656 1611/9657
f 1675/9658 1674/9659 1611/9660
f 1675/9661 1611/9662 1612/9663
f 1676/9664 1675/9665 1612/9666
f 1676/9667 1612/9668 1613/9669
f 1677/9670 1676/9671 1613/9672
f 1677/9673 1613/9674 1614/9675
f 1678/9676 1677/9677 1614/9678
f 1678/9679 1614/9680 1615/9681
f 1679/9682 1678/9683 1615/9684
f 1679/9685 1615/9686 1616/9687
f 1680/9688 1679/9689 1616/9690
f 1680/9691 1616/9692 1617/9693
f 1681/9694 1680/9695 1617/9696
f 1681/9697 1617/9698 1618/9699
f 1682/9700 1681/9701 1618/9702
f 1682/9703 1618/9704 1619/9705
f 1683/9706 1682/9707 1619/9708
f 1683/9709 1619/9710 1620/9711
f 1684/9712 1683/9713 1620/9714
f 1684/9715 1620/9716 1621/9717
f 1685/9718 1684/9719 1621/9720
f 1685/9721 1621/9722 1622/9723
f 1686/9724 1685/9725 1622/9726
f 1686/9727 1622/9728 1623/9729
f 1687/9730 1686/9731 1623/9732
f 1687/9733 1623/9734 1624/9735
f 1688/9736 1687/9737 1624/9738
f 1688/9739 1624/9740 1625/9741
f 1689/9742 1688/9743 1625/9744
f 1689/9745 1625/9746 1626/9747
f 1690/9748 1689/9749 1626/9750
f 1690/9751 1626/9752 1627/9753
f 1691/9754 1690/9755 1627/9756
f 1691/9757 1627/9758 1628/9759
f 1692/9760 1691/9761 1628/9762
f 1692/9763 1628/9764 1629/9765
f 1693/9766 1692/9767 1629/9768
f 1693/9769 1629/9770 1630/9771
f 1694/9772 1693/9773 1630/9774
f 1694/9775 1630/9776 1631/9777
f 1695/9778 1694/9779 1631/9780
f 1695/9781 1631/9782 1632/9783
f 1696/9784 1695/9785 1632/9786
f 1696/9787 1632/9788 1633/9789
f 1697/9790 1696/9791 1633/9792
f 1697/9793 1633/9794 1698/9795
f 1633/9796 1634/9797 1698/9798
f 1698/9799 1634/9800 1699/9801
f 1634/9802 1635/9803 1699/9804
f 1699/9805 1635/9806 1700/9807
f 1635/9808 1636/9809 1700/9810
f 1700/9811 1636/9812 1701/9813
f 1636/9814 1637/9815 1701/9816
f 1701/9817 1637/9818 1702/9819
f 1637/9820 1638/9821 1702/9822
f 1702/9823 1638/9824 1703/9825
f 1638/9826 1639/9827 1703/9828
f 1703/9829 1639/9830 1704/9831
f 1639/9832 1640/9833 1704/9834
f 1704/9835 1640/9836 1705/9837
f 1640/9838 1641/9839 1705/9840
f 1705/9841 1641/9842 1706/9843
f 1641/9844 1642/9845 1706/9846
f 1706/9847 1642/9848 1707/9849
f 1642/9850 1643/9851 1707/9852
f 1707/9853 1643/9854 1708/9855
f 1643/9856 1644/9857 1708/9858
f 1708/9859 1644/9860 1709/9861
f 1644/9862 1645/9863 1709/9864
f 1709/9865 1645/9866 1710/9867
f 1645/9868 1646/9869 1710/9870
f 1710/9871 1646/9872 1711/9873
f 1646/9874 1647/9875 1711/9876
f 1711/9877 1647/9878 1712/9879
f 1647/9880 1648/9881 1712/9882
f 1712/9883 1648/9884 1713/9885
f 1648/9886 1649/9887 1713/9888
f 1713/9889 1649/9890 1714/9891
f 1649/9892 1650/9893 1714/9894
f 1714/9895 1650/9896 1715/9897
f 1650/9898 1651/9899 1715/9900
f 1715/9901 1651/9902 1716/9903
f 1651/9904 1652/9905 1716/9906
f 1716/9907 1652/9908 1717/9909
f 1652/9910 1653/9911 1717/9912
f 1717/9913 1653/9914 1718/9915
f 1653/9916 1654/9917 1718/9918
f 1718/9919 1654/9920 1719/9921
f 1654/9922 1655/9923 1719/9924
f 1719/9925 1655/9926 1720/9927
f 1655/9928 1656/9929 1720/9930
f 1720/9931 1656/9932 1721/9933
f 1656/9934 1657/9935 1721/9936
f 1721/9937 1657/9938 1722/9939
f 1657/9940 1658/9941 1722/9942
f 1722/9943 1658/9944 1723/9945
f 1658/9946 1659/9947 1723/9948
f 1723/9949 1659/9950 1724/9951
f 1659/9952 1660/9953 1724/9954
f 1724/9955 1660/9956 1725/9957
f 1660/9958 1661/9959 1725/9960
f 1725/9961 1661/9962 1726/9963
f 1661/9964 1662/9965 1726/9966
f 1726/9967 1662/9968 1727/9969
f 1662/9970 1663/9971 1727/9972
f 1727/9973 1663/9974 1728/9975
f 1663/9976 1664/9977 1728/9978
f 1728/9979 1664/9980 1665/9981
f 1664/9982 1601/9983 1665/9984
f 1729/9985 1665/9986 1666/9987
f 1730/9988 1729/9989 1666/9990
f 1730/9991 1666/9992 1667/9993
f 1731/9994 1730/9995 1667/9996
f 1731/9997 1667/9998 1668/9999
f 1732/10000 1731/10001 1668/10002
f 1732/10003 1668/10004 1669/10005
f 1733/10006 1732/10007 1669/10008
f 1733/10009 1669/10010 1670/10011
f 1734/10012 1733/10013 1670/10014
f 1734/10015 1670/10016 1671/10017
f 1735/10018 1734/10019 1671/10020
f 1735/10021 1671/10022 1672/10023
f 1736/10024 1735/10025 1672/10026
f 1736/10027 1672/10028 1673/10029
f 1737/10030 1736/10031 1673/10032
f 1737/10033 1673/10034 1674/10035
f 1738/10036 1737/10037 1674/10038
f 1738/10039 1674/10040 1675/10041
f 1739/10042 1738/10043 1675/10044
f 1739/10045 1675/10046 1676/10047
f 1740/10048 1739/10049 1676/10050
f 1740/10051 1676/10052 1677/10053
f 1741/10054 1740/10055 1677/10056
f 1741/10057 1677/10058 1678/10059
f 1742/10060 1741/10061 1678/10062
f 1742/10063 1678/10064 1679/10065
f 1743/10066 1742/10067 1679/10068
f 1743/10069 1679/10070 1680/10071
f 1744/10072 1743/10073 1680/10074
f 1744/10075 1680/10076 1681/10077
f 1745/10078 1744/10079 1681/10080
f 1745/10081 1681/10082 1682/10083
f 1746/10084 1745/10085 1682/10086
f 1746/10087 1682/10088 1683/10089
f 1747/10090 1746/10091 1683/10092
f 1747/10093 1683/10094 1684/10095
f 1748/10096 1747/10097 1684/10098
f 1748/10099 1684/10100 1685/10101
f 1749/10102 1748/10103 1685/10104
f 1749/10105 1685/10106 1686/10107
f 1750/10108 1749/10109 1686/10110
f 1750/10111 1686/10112 1687/10113
f 1751/10114 1750/10115 1687/10116
f 1751/10117 1687/10118 1688/10119
f 1752/10120 1751/10121 1688/10122
f 1752/10123 1688/10124 1689/10125
f 1753/10126 1752/10127 1689/10128
f 1753/10129 1689/10130 1690/10131
f 1754/10132 1753/10133 1690/10134
f 1754/10135 1690/10136 1691/10137
f 1755/10138 1754/10139 1691/10140
f 1755/10141 1691/10142 1692/10143
f 1756/10144 1755/10145 1692/10146
f 1756/10147 1692/10148 1693/10149
f 1757/10150 1756/10151 1693/10152
f 1757/10153 1693/10154 1694/10155
f 1758/10156 1757/10157 1694/10158
f 1758/10159 1694/10160 1695/10161
f 1759/10162 1758/10163 1695/10164
f 1759/10165 1695/10166 1696/10167
f 1760/10168 1759/10169 1696/10170
f 1760/10171 1696/10172 1697/10173
f 1761/10174 1760/10175 1697/10176
f 1761/10177 1697/10178 1762/10179
f 1697/10180 1698/10181 1762/10182
f 1762/10183 1698/10184 1763/10185
f 1698/10186 1699/10187 1763/10188
f 1763/10189 1699/10190 1764/10191
f 1699/10192 1700/10193 1764/10194
f 1764/10195 1700/10196 1765/10197
f 1700/10198 1701/10199 1765/10200
f 1765/10201 1701/10202 1766/10203
f 1701/10204 1702/10205 1766/10206
f 1766/10207 1702/10208 1767/10209
f 1702/10210 1703/10211 1767/10212
f 1767/10213 1703/10214 1768/10215
f 1703/10216 1704/10217 1768/10218
f 1768/10219 1704/10220 1769/10221
f 1704/10222 1705/10223 1769/10224
f 1769/10225 1705/10226 1770/10227
f 1705/10228 1706/10229 1770/10230
f 1770/10231 1706/10232 1771/10233
f 1706/10234 1707/10235 1771/10236
f 1771/10237 1707/10238 1772/10239
f 1707/10240 1708/10241 1772/10242
f 1772/10243 1708/10244 1773/10245
f 1708/10246 1709/10247 1773/10248
f 1773/10249 1709/10250 1774/10251
f 1709/10252 1710/10253 1774/10254
f 1774/10255 1710/10256 1775/10257
f 1710/10258 1711/10259 1775/10260
f 1775/10261 1711/10262 1776/10263
f 1711/10264 1712/10265 1776/10266
f 1776/10267 1712/10268 1777/10269
f 1712/10270 1713/10271 1777/10272
f 1777/10273 1713/10274 1778/10275
f 1713/10276 1714/10277 1778/10278
f 1778/10279 1714/10280 1779/10281
f 1714/10282 1715/10283 1779/10284
f 1779/10285 1715/10286 1780/10287
f 1715/10288 1716/10289 1780/10290
f 1780/10291 1716/10292 1781/10293
f 1716/10294 1717/10295 1781/10296
f 1781/10297 1717/10298 1782/10299
f 1717/10300 1718/10301 1782/10302
f 1782/10303 1718/10304 1783/10305
f 1718/10306 1719/10307 1783/10308
f 1783/10309 1719/10310 1784/10311
f 1719/10312 1720/10313 1784/10314
f 1784/10315 1720/10316 1785/10317
f 1720/10318 1721/10319 1785/10320
f 1785/10321 1721/10322 1786/10323
f 1721/10324 1722/10325 1786/10326
f 1786/10327 1722/10328 1787/10329
f 1722/10330 1723/10331 1787/10332
f 1787/10333 1723/10334 1788/10335
f 1723/10336 1724/10337 1788/10338
f 1788/10339 1724/10340 1789/10341
f 1724/10342 1725/10343 1789/10344
f 1789/10345 1725/10346 1790/10347
f 1725/10348 1726/10349 1790/10350
f 1790/10351 1726/10352 1791/10353
f 1726/10354 1727/10355 1791/10356
f 1791/10357 1727/10358 1792/10359
f 1727/10360 1728/10361 1792/10362
f 1792/10363 1728/10364 1729/10365
f 1728/10366 1665/10367 1729/10368
f 1793/10369 1729/10370 1730/10371
f 1794/10372 1793/10373 1730/10374
f 1794/10375 1730/10376 1731/10377
f 1795/10378 1794/10379 1731/10380
f 1795/10381 1731/10382 1732/10383
f 1796/10384 1795/10385 1732/10386
f 1796/10387 1732/10388 1733/10389
f 1797/10390 1796/10391 1733/10392
f 1797/10393 1733/10394 1734/10395
f 1798/10396 1797/10397 1734/10398
f 1798/10399 1734/10400 1735/10401
f 1799/10402 1798/10403 1735/10404
f 1799/10405 1735/10406 1736/10407
f 1800/10408 1799/10409 1736/10410
f 1800/10411 1736/10412 1737/10413
f 1801/10414 1800/10415 1737/10416
f 1801/10417 1737/10418 1738/10419
f 1802/10420 1801/10421 1738/10422
f 1802/10423 1738/10424 1739/10425
f 1803/10426 1802/10427 1739/10428
f 1803/10429 1739/10430 1740/10431
f 1804/10432 1803/10433 1740/10434
f 1804/10435 1740/10436 1741/10437
f 1805/10438 1804/10439 1741/10440
f 1805/10441 1741/10442 1742/10443
f 1806/10444 1805/10445 1742/10446
f 1806/10447 1742/10448 1743/10449
f 1807/10450 1806/10451 1743/10452
f 1807/10453 1743/10454 1744/10455
f 1808/10456 1807/10457 1744/10458
f 1808/10459 1744/10460 1745/10461
f 1809/10462 1808/10463 1745/10464
f 1809/10465 1745/10466 1746/10467
f 1810/10468 1809/10469 1746/10470
f 1810/10471 1746/10472 1747/10473
f 1811/10474 1810/10475 1747/10476
f 1811/10477 1747/10478 1748/10479
f 1812/10480 1811/10481 1748/10482
f 1812/10483 1748/10484 1749/10485
f 1813/10486 1812/10487 1749/10488
f 1813/10489 1749/10490 1750/10491
f 1814/10492 1813/10493 1750/10494
f 1814/10495 1750/10496 1751/10497
f 1815/10498 1814/10499 1751/10500
f 1815/10501 1751/10502 1752/10503
f 1816/10504 1815/10505 1752/10506
f 1816/10507 1752/10508 1753/10509
f 1817/10510 1816/10511 1753/10512
f 1817/10513 1753/10514 1754/10515
f 1818/10516 1817/10517 1754/10518
f 1818/10519 1754/10520 1755/10521
f 1819/10522 1818/10523 1755/10524
f 1819/10525 1755/10526 1756/10527
f 1820/10528 1819/10529 1756/10530
f 1820/10531 1756/10532 1757/10533
f 1821/10534 1820/10535 1757/10536
f 1821/10537 1757/10538 1758/10539
f 1822/10540 1821/10541 1758/10542
f 1822/10543 1758/10544 1759/10545
f 1823/10546 1822/10547 1759/10548
f 1823/10549 1759/10550 1760/10551
f 1824/10552 1823/10553 1760/10554
f 1824/10555 1760/10556 1761/10557
f 1825/10558 1824/10559 1761/10560
f 1825/10561 1761/10562 1826/10563
f 1761/10564 1762/10565 1826/10566
f 1826/10567 1762/10568 1827/10569
f 1762/10570 1763/10571 1827/10572
f 1827/10573 1763/10574 1828/10575
f 1763/10576 1764/10577 1828/10578
f 1828/10579 1764/10580 1829/10581
f 1764/10582 1765/10583 1829/10584
f 1829/10585 1765/10586 1830/10587
f 1765/10588 1766/10589 1830/10590
f 1830/10591 1766/10592 1831/10593
f 1766/10594 1767/10595 1831/10596
f 1831/10597 1767/10598 1832/10599
f 1767/10600 1768/10601 1832/10602
f 1832/10603 1768/10604 1833/10605
f 1768/10606 1769/10607 1833/10608
f 1833/10609 1769/10610 1834/10611
f 1769/10612 1770/10613 1834/10614
f 1834/10615 1770/10616 1835/10617
f 1770/10618 1771/10619 1835/10620
f 1835/10621 1771/10622 1836/10623
f 1771/10624 1772/10625 1836/10626
f 1836/10627 1772/10628 1837/10629
f 1772/10630 1773/10631 1837/10632
f 1837/10633 1773/10634 1838/10635
f 1773/10636 1774/10637 1838/10638
f 1838/10639 1774/10640 1839/10641
f 1774/10642 1775/10643 1839/10644
f 1839/10645 1775/10646 1840/10647
f 1775/10648 1776/10649 1840/10650
f 1840/10651 1776/10652 1841/10653
f 1776/10654 1777/10655 1841/10656
f 1841/10657 1777/10658 1842/10659
f 1777/10660 1778/10661 1842/10662
f 1842/10663 1778/10664 1843/10665
f 1778/10666 1779/10667 1843/10668
f 1843/10669 1779/10670 1844/10671
f 1779/10672 1780/10673 1844/10674
f 1844/10675 1780/10676 1845/10677
f 1780/10678 1781/10679 1845/10680
f 1845/10681 1781/10682 1846/10683
f 1781/10684 1782/10685 1846/10686
f 1846/10687 1782/10688 1847/10689
f 1782/10690 1783/10691 1847/10692
f 1847/10693 1783/10694 1848/10695
f 1783/10696 1784/10697 1848/10698
f 1848/10699 1784/10700 1849/10701
f 1784/10702 1785/10703 1849/10704
f 1849/10705 1785/10706 1850/10707
f 1785/10708 1786/10709 1850/10710
f 1850/10711 1786/10712 1851/10713
f 1786/10714 1787/10715 1851/10716
f 1851/10717 1787/10718 1852/10719
f 1787/10720 1788/10721 1852/10722
f 1852/10723 1788/10724 1853/10725
f 1788/10726 1789/10727 1853/10728
f 1853/10729 1789/10730 1854/10731
f 1789/10732 1790/10733 1854/10734
f 1854/10735 1790/10736 1855/10737
f 1790/10738 1791/10739 1855/10740
f 1855/10741 1791/10742 1856/10743
f 1791/10744 1792/10745 1856/10746
f 1856/10747 1792/10748 1793/10749
f 1792/10750 1729/10751 1793/10752
f 1877/10753 1857/10754 1858/10755
f 1878/10756 1877/10757 1858/10758
f 1878/10759 1858/10760 1859/10761
f 1879/10762 1878/10763 1859/10764
f 1879/10765 1859/10766 1860/10767
f 1880/10768 1879/10769 1860/10770
f 1880/10771 1860/10772 1861/10773
f 1881/10774 1880/10775 1861/10776
f 1881/10777 1861/10778 1862/10779
f 1882/10780 1881/10781 1862/10782
f 1882/10783 1862/10784 1863/10785
f 1883/10786 1882/10787 1863/10788
f 1883/10789 1863/10790 1864/10791
f 1884/10792 1883/10793 1864/10794
f 1884/10795 1864/10796 1865/10797
f 1885/10798 1884/10799 1865/10800
f 1885/10801 1865/10802 1866/10803
f 1886/10804 1885/10805 1866/10806
f 1886/10807 1866/10808 1867/10809
f 1887/10810 1886/10811 1867/10812
f 1887/10813 1867/10814 1888/10815
f 1867/10816 1868/10817 1888/10818
f 1888/10819 1868/10820 1889/10821
f 1868/10822 1869/10823 1889/10824
f 1889/10825 1869/10826 1890/10827
f 1869/10828 1870/10829 1890/10830
f 1890/10831 1870/10832 1891/10833
f 1870/10834 1871/10835 1891/10836
f 1891/10837 1871/10838 1892/10839
f 1871/10840 1872/10841 1892/10842
f 1892/10843 1872/10844 1893/10845
f 1872/10846 1873/10847 1893/10848
f 1893/10849 1873/10850 1894/10851
f 1873/10852 1874/10853 1894/10854
f 1894/10855 1874/10856 1895/10857
f 1874/10858 1875/10859 1895/10860
f 1895/10861 1875/10862 1896/10863
f 1875/10864 1876/10865 1896/10866
f 1896/10867 1876/10868 1877/10869
f 1876/10870 1857/10871 1877/10872
f 1897/10873 1877/10874 1878/10875
f 1898/10876 1897/10877 1878/10878
f 1898/10879 1878/10880 1879/10881
f 1899/10882 1898/10883 1879/10884
f 1899/10885 1879/10886 1880/10887
f 1900/10888 1899/10889 1880/10890
f 1900/10891 1880/10892 1881/10893
f 1901/10894 1900/10895 1881/10896
f 1901/10897 1881/10898 1882/10899
f 1902/10900 1901/10901 1882/10902
f 1902/10903 1882/10904 1883/10905
f 1903/10906 1902/10907 1883/10908
f 1903/10909 1883/10910 1884/10911
f 1904/10912 1903/10913 1884/10914
f 1904/10915 1884/10916 1885/10917
f 1905/10918 1904/10919 1885/10920
f 1905/10921 1885/10922 1886/10923
f 1906/10924 1905/10925 1886/10926
f 1906/10927 1886/10928 1887/10929
f 1907/10930 1906/10931 1887/10932
f 1907/10933 1887/10934 1908/10935
f 1887/10936 1888/10937 1908/10938
f 1908/10939 1888/10940 1909/10941
f 1888/10942 1889/10943 1909/10944
f 1909/10945 1889/10946 1910/10947
f 1889/10948 1890/10949 1910/10950
f 1910/10951 1890/10952 1911/10953
f 1890/10954 1891/10955 1911/10956
f 1911/10957 1891/10958 1912/10959
f 1891/10960 1892/10961 1912/10962
f 1912/10963 1892/10964 1913/10965
f 1892/10966 1893/10967 1913/10968
f 1913/10969 1893/10970 1914/10971
f 1893/10972 1894/10973 1914/10974
f 1914/10975 1894/10976 1915/10977
f 1894/10978 1895/10979 1915/10980
f 1915/10981 1895/10982 1916/10983
f 1895/10984 1896/10985 1916/10986
f 1916/10987 1896/10988 1897/10989
f 1896/10990 1877/10991 1897/10992
f 1917/10993 1897/10994 1898/10995
f 1918/10996 1917/10997 1898/10998
f 1918/10999 1898/11000 1899/11001
f 1919/11002 1918/11003 1899/11004
f 1919/11005 1899/11006 1900/11007
f 1920/11008 1919/11009 1900/11010
f 1920/11011 1900/11012 1901/11013
f 1921/11014 1920/11015 1901/11016
f 1921/11017 1901/11018 1902/11019
f 1922/11020 1921/11021 1902/11022
f 1922/11023 1902/11024 1903/11025
f 1923/11026 1922/11027 1903/11028
f 1923/11029 1903/11030 1904/11031
f 1924/11032 1923/11033 1904/11034
f 1924/11035 1904/11036 1905/11037
f 1925/11038 1924/11039 1905/11040
f 1925/11041 1905/11042 1906/11043
f 1926/11044 1925/11045 1906/11046
f 1926/11047 1906/11048 1907/11049
f 1927/11050 1926/11051 1907/11052
f 1927/11053 1907/11054 1928/11055
f 1907/11056 1908/11057 1928/11058
f 1928/11059 1908/11060 1929/11061
f 1908/11062 1909/11063 1929/11064
f 1929/11065 1909/11066 1930/11067
f 1909/11068 1910/11069 1930/11070
f 1930/11071 1910/11072 1931/11073
f 1910/11074 1911/11075 1931/11076
f 1931/11077 1911/11078 1932/11079
f 1911/11080 1912/11081 1932/11082
f 1932/11083 1912/11084 1933/11085
f 1912/11086 1913/11087 1933/11088
f 1933/11089 1913/11090 1934/11091
f 1913/11092 1914/11093 1934/11094
f 1934/11095 1914/11096 1935/11097
f 1914/11098 1915/11099 1935/11100
f 1935/11101 1915/11102 1936/11103
f 1915/11104 1916/11105 1936/11106
f 1936/11107 1916/11108 1917/11109
f 1916/11110 1897/11111 1917/11112
f 1957/11113 1937/11114 1938/11115
f 1958/11116 1957/11117 1938/11118
f 1958/11119 1938/11120 1939/11121
f 1959/11122 1958/11123 1939/11124
f 1959/11125 1939/11126 1940/11127
f 1960/11128 1959/11129 1940/11130
f 1960/11131 1940/11132 1941/11133
f 1961/11134 1960/11135 1941/11136
f 1961/11137 1941/11138 1942/11139
f 1962/11140 1961/11141 1942/11142
f 1962/11143 1942/11144 1943/11145
f 1963/11146 1962/11147 1943/11148
f 1963/11149 1943/11150 1944/11151
f 1964/11152 1963/11153 1944/11154
f 1964/11155 1944/11156 1945/11157
f 1965/11158 1964/11159 1945/11160
f 1965/11161 1945/11162 1946/11163
f 1966/11164 1965/11165 1946/11166
f 1966/11167 1946/11168 1947/11169
f 1967/11170 1966/11171 1947/11172
f 1967/11173 1947/11174 1968/11175
f 1947/11176 1948/11177 1968/11178
f 1968/11179 1948/11180 1969/11181
f 1948/11182 1949/11183 1969/11184
f 1969/11185 1949/11186 1970/11187
f 1949/11188 1950/11189 1970/11190
f 1970/11191 1950/11192 1971/11193
f 1950/11194 1951/11195 1971/11196
f 1971/11197 1951/11198 1972/11199
f 1951/11200 1952/11201 1972/11202
f 1972/11203 1952/11204 1973/11205
f 1952/11206 1953/11207 1973/11208
f 1973/11209 1953/11210 1974/11211
f 1953/11212 1954/11213 1974/11214
f 1974/11215 1954/11216 1975/11217
f 1954/11218 1955/11219 1975/11220
f 1975/11221 1955/11222 1976/11223
f 1955/11224 1956/11225 1976/11226
f 1976/11227 1956/11228 1957/11229
f 1956/11230 1937/11231 1957/11232
f 1977/11233 1957/11234 1958/11235
f 1978/11236 1977/11237 1958/11238
f 1978/11239 1958/11240 1959/11241
f 1979/11242 1978/11243 1959/11244
f 1979/11245 1959/11246 1960/11247
f 1980/11248 1979/11249 1960/11250
f 1980/11251 1960/11252 1961/11253
f 1981/11254 1980/11255 1961/11256
f 1981/11257 1961/11258 1962/11259
f 1982/11260 1981/11261 1962/11262
f 1982/11263 1962/11264 1963/11265
f 1983/11266 1982/11267 1963/11268
f 1983/11269 1963/11270 1964/11271
f 1984/11272 1983/11273 1964/11274
f 1984/11275 1964/11276 1965/11277
f 1985/11278 1984/11279 1965/11280
f 1985/11281 1965/11282 1966/11283
f 1986/11284 1985/11285 1966/11286
f 1986/11287 1966/11288 1967/11289
f 1987/11290 1986/11291 1967/11292
f 1987/11293 1967/11294 1988/11295
f 1967/11296 1968/11297 1988/11298
f 1988/11299 1968/11300 1989/11301
f 1968/11302 1969/11303 1989/11304
f 1989/11305 1969/11306 1990/11307
f 1969/11308 1970/11309 1990/11310
f 1990/11311 1970/11312 1991/11313
f 1970/11314 1971/11315 1991/11316
f 1991/11317 1971/11318 1992/11319
f 1971/11320 1972/11321 1992/11322
f 1992/11323 1972/11324 1993/11325
f 1972/11326 1973/11327 1993/11328
f 1993/11329 1973/11330 1994/11331
f 1973/11332 1974/11333 1994/11334
f 1994/11335 1974/11336 1995/11337
f 1974/11338 1975/11339 1995/11340
f 1995/11341 1975/11342 1996/11343
f 1975/11344 1976/11345 1996/11346
f 1996/11347 1976/11348 1977/11349
f 1976/11350 1957/11351 1977/11352
f 1997/11353 1977/11354 1978/11355
f 1998/11356 1997/11357 1978/11358
f 1998/11359 1978/11360 1979/11361
f 1999/11362 1998/11363 1979/11364
f 1999/11365 1979/11366 1980/11367
f 2000/11368 1999/11369 1980/11370
f 2000/11371 1980/11372 1981/11373
f 2001/11374 2000/11375 1981/11376
f 2001/11377 1981/11378 1982/11379
f 2002/11380 2001/11381 1982/11382
f 2002/11383 1982/11384 1983/11385
f 2003/11386 2002/11387 1983/11388
f 2003/11389 1983/11390 1984/11391
f 2004/11392 2003/11393 1984/11394
f 2004/11395 1984/11396 1985/11397
f 2005/11398 2004/11399 1985/11400
f 2005/11401 1985/11402 1986/11403
f 2006/11404 2005/11405 1986/11406
f 2006/11407 1986/11408 1987/11409
f 2007/11410 2006/11411 1987/11412
f 2007/11413 1987/11414 2008/11415
f 1987/11416 1988/11417 2008/11418
f 2008/11419 1988/11420 2009/11421
f 1988/11422 1989/11423 2009/11424
f 2009/11425 1989/11426 2010/11427
f 1989/11428 1990/11429 2010/11430
f 2010/11431 1990/11432 2011/11433
f 1990/11434 1991/11435 2011/11436
f 2011/11437 1991/11438 2012/11439
f 1991/11440 1992/11441 2012/11442
f 2012/11443 1992/11444 2013/11445
f 1992/11446 1993/11447 2013/11448
f 2013/11449 1993/11450 2014/11451
f 1993/11452 1994/11453 2014/11454
f 2014/11455 1994/11456 2015/11457
f 1994/11458 1995/11459 2015/11460
f 2015/11461 1995/11462 2016/11463
f 1995/11464 1996/11465 2016/11466
f 2016/11467 1996/11468 1997/11469
f 1996/11470 1977/11471 1997/11472
f 2037/11473 2017/11474 2018/11475
f 2038/11476 2037/11477 2018/11478
f 2038/11479 2018/11480 2019/11481
f 2039/11482 2038/11483 2019/11484
f 2039/11485 2019/11486 2020/11487
f 2040/11488 2039/11489 2020/11490
f 2040/11491 2020/11492 2021/11493
f 2041/11494 2040/11495 2021/11496
f 2041/11497 2021/11498 2022/11499
f 2042/11500 2041/11501 2022/11502
f 2042/11503 2022/11504 2023/11505
f 2043/11506 2042/11507 2023/11508
f 2043/11509 2023/11510 2024/11511
f 2044/11512 2043/11513 2024/11514
f 2044/11515 2024/11516 2025/11517
f 2045/11518 2044/11519 2025/11520
f 2045/11521 2025/11522 2026/11523
f 2046/11524 2045/11525 2026/11526
f 2046/11527 2026/11528 2027/11529
f 2047/11530 2046/11531 2027/11532
f 2047/11533 2027/11534 2048/11535
f 2027/11536 2028/11537 2048/11538
f 2048/11539 2028/11540 2049/11541
f 2028/11542 2029/11543 2049/11544
f 2049/11545 2029/11546 2050/11547
f 2029/11548 2030/11549 2050/11550
f 2050/11551 2030/11552 2051/11553
f 2030/11554 2031/11555 2051/11556
f 2051/11557 2031/11558 2052/11559
f 2031/11560 2032/11561 2052/11562
f 2052/11563 2032/11564 2053/11565
f 2032/11566 2033/11567 2053/11568
f 2053/11569 2033/11570 2054/11571
f 2033/11572 2034/11573 2054/11574
f 2054/11575 2034/11576 2055/11577
f 2034/11578 2035/11579 2055/11580
f 2055/11581 2035/11582 2056/11583
f 2035/11584 2036/11585 2056/11586
f 2056/11587 2036/11588 2037/11589
f 2036/11590 2017/11591 2037/11592
f 2057/11593 2037/11594 2038/11595
f 2058/11596 2057/11597 2038/11598
f 2058/11599 2038/11600 2039/11601
f 2059/11602 2058/11603 2039/11604
f 2059/11605 2039/11606 2040/11607
f 2060/11608 2059/11609 2040/11610
f 2060/11611 2040/11612 2041/11613
f 2061/11614 2060/11615 2041/11616
f 2061/11617 2041/11618 2042/11619
f 2062/11620 2061/11621 2042/11622
f 2062/11623 2042/11624 2043/11625
f 2063/11626 2062/11627 2043/11628
f 2063/11629 2043/11630 2044/11631
f 2064/11632 2063/11633 2044/11634
f 2064/11635 2044/11636 2045/11637
f 2065/11638 2064/11639 2045/11640
f 2065/11641 2045/11642 2046/11643
f 2066/11644 2065/11645 2046/11646
f 2066/11647 2046/11648 2047/11649
f 2067/11650 2066/11651 2047/11652
f 2067/11653 2047/11654 2068/11655
f 2047/11656 2048/11657 2068/11658
f 2068/11659 2048/11660 2069/11661
f 2048/11662 2049/11663 2069/11664
f 2069/11665 2049/11666 2070/11667
f 2049/11668 2050/11669 2070/11670
f 2070/11671 2050/11672 2071/11673
f 2050/11674 2051/11675 2071/11676
f 2071/11677 2051/11678 2072/11679
f 2051/11680 2052/11681 2072/11682
f 2072/11683 2052/11684 2073/11685
f 2052/11686 2053/11687 2073/11688
f 2073/11689 2053/11690 2074/11691
f 2053/11692 2054/11693 2074/11694
f 2074/11695 2054/11696 2075/11697
f 2054/11698 2055/11699 2075/11700
f 2075/11701 2055/11702 2076/11703
f 2055/11704 2056/11705 2076/11706
f 2076/11707 2056/11708 2057/11709
f 2056/11710 2037/11711 2057/11712
f 2077/11713 2057/11714 2058/11715
f 2078/11716 2077/11717 2058/11718
f 2078/11719 2058/11720 2059/11721
f 2079/11722 2078/11723 2059/11724
f 2079/11725 2059/11726 2060/11727
f 2080/11728 2079/11729 2060/11730
f 2080/11731 2060/11732 2061/11733
f 2081/11734 2080/11735 2061/11736
f 2081/11737 2061/11738 2062/11739
f 2082/11740 2081/11741 2062/11742
f 2082/11743 2062/11744 2063/11745
f 2083/11746 2082/11747 2063/11748
f 2083/11749 2063/11750 2064/11751
f 2084/11752 2083/11753 2064/11754
f 2084/11755 2064/11756 2065/11757
f 2085/11758 2084/11759 2065/11760
f 2085/11761 2065/11762 2066/11763
f 2086/11764 2085/11765 2066/11766
f 2086/11767 2066/11768 2067/11769
f 2087/11770 2086/11771 2067/11772
f 2087/11773 2067/11774 2088/11775
f 2067/11776 2068/11777 2088/11778
f 2088/11779 2068/11780 2089/11781
f 2068/11782 2069/11783 2089/11784
f 2089/11785 2069/11786 2090/11787
f 2069/11788 2070/11789 2090/11790
f 2090/11791 2070/11792 2091/11793
f 2070/11794 2071/11795 2091/11796
f 2091/11797 2071/11798 2092/11799
f 2071/11800 2072/11801 2092/11802
f 2092/11803 2072/11804 2093/11805
f 2072/11806 2073/11807 2093/11808
f 2093/11809 2073/11810 2094/11811
f 2073/11812 2074/11813 2094/11814
f 2094/11815 2074/11816 2095/11817
f 2074/11818 2075/11819 2095/11820
f 2095/11821 2075/11822 2096/11823
f 2075/11824 2076/11825 2096/11826
f 2096/11827 2076/11828 2077/11829
f 2076/11830 2057/11831 2077/11832
f 2117/11833 2097/11834 2098/11835
f 2118/11836 2117/11837 2098/11838
f 2118/11839 2098/11840 2099/11841
f 2119/11842 2118/11843 2099/11844
f 2119/11845 2099/11846 2100/11847
f 2120/11848 2119/11849 2100/11850
f 2120/11851 2100/11852 2101/11853
f 2121/11854 2120/11855 2101/11856
f 2121/11857 2101/11858 2102/11859
f 2122/11860 2121/11861 2102/11862
f 2122/11863 2102/11864 2103/11865
f 2123/11866 2122/11867 2103/11868
f 2123/11869 2103/11870 2104/11871
f 2124/11872 2123/11873 2104/11874
f 2124/11875 2104/11876 2105/11877
f 2125/11878 2124/11879 2105/11880
f 2125/11881 2105/11882 2106/11883
f 2126/11884 2125/11885 2106/11886
f 2126/11887 2106/11888 2107/11889
f 2127/11890 2126/11891 2107/11892
f 2127/11893 2107/11894 2128/11895
f 2107/11896 2108/11897 2128/11898
f 2128/11899 2108/11900 2129/11901
f 2108/11902 2109/11903 2129/11904
f 2129/11905 2109/11906 2130/11907
f 2109/11908 2110/11909 2130/11910
f 2130/11911 2110/11912 2131/11913
f 2110/11914 2111/11915 2131/11916
f 2131/11917 2111/11918 2132/11919
f 2111/11920 2112/11921 2132/11922
f 2132/11923 2112/11924 2133/11925
f 2112/11926 2113/11927 2133/11928
f 2133/11929 2113/11930 2134/11931
f 2113/11932 2114/11933 2134/11934
f 2134/11935 2114/11936 2135/11937
f 2114/11938 2115/11939 2135/11940
f 2135/11941 2115/11942 2136/11943
f 2115/11944 2116/11945 2136/11946
f 2136/11947 2116/11948 2117/11949
f 2116/11950 2097/11951 2117/11952
f 2137/11953 2117/11954 2118/11955
f 2138/11956 2137/11957 2118/11958
f 2138/11959 2118/11960 2119/11961
f 2139/11962 2138/11963 2119/11964
f 2139/11965 2119/11966 2120/11967
f 2140/11968 2139/11969 2120/11970
f 2140/11971 2120/11972 2121/11973
f 2141/11974 2140/11975 2121/11976
f 2141/11977 2121/11978 2122/11979
f 2142/11980 2141/11981 2122/11982
f 2142/11983 2122/11984 2123/11985
f 2143/11986 2142/11987 2123/11988
f 2143/11989 2123/11990 2124/11991
f 2144/11992 2143/11993 2124/11994
f 2144/11995 2124/11996 2125/11997
f 2145/11998 2144/11999 2125/12000
f 2145/12001 2125/12002 2126/12003
f 2146/12004 2145/12005 2126/12006
f 2146/12007 2126/12008 2127/12009
f 2147/12010 2146/12011 2127/12012
f 2147/12013 2127/12014 2148/12015
f 2127/12016 2128/12017 2148/12018
f 2148/12019 2128/12020 2149/12021
f 2128/12022 2129/12023 2149/12024
f 2149/12025 2129/12026 2150/12027
f 2129/12028 2130/12029 2150/12030
f 2150/12031 2130/12032 2151/12033
f 2130/12034 2131/12035 2151/12036
f 2151/12037 2131/12038 2152/12039
f 2131/12040 2132/12041 2152/12042
f 2152/12043 2132/12044 2153/12045
f 2132/12046 2133/12047 2153/12048
f 2153/12049 2133/12050 2154/12051
f 2133/12052 2134/12053 2154/12054
f 2154/12055 2134/12056 2155/12057
f 2134/12058 2135/12059 2155/12060
f 2155/12061 2135/12062 2156/12063
f 2135/12064 2136/12065 2156/12066
f 2156/12067 2136/12068 2137/12069
f 2136/12070 2117/12071 2137/12072
f 2157/12073 2137/12074 2138/12075
f 2158/12076 2157/12077 2138/12078
f 2158/12079 2138/12080 2139/12081
f 2159/12082 2158/12083 2139/12084
f 2159/12085 2139/12086 2140/12087
f 2160/12088 2159/12089 2140/12090
f 2160/12091 2140/12092 2141/12093
f 2161/12094 2160/12095 2141/12096
f 2161/12097 2141/12098 2142/12099
f 2162/12100 2161/12101 2142/12102
f 2162/12103 2142/12104 2143/12105
f 2163/12106 2162/12107 2143/12108
f 2163/12109 2143/12110 2144/12111
f 2164/12112 2163/12113 2144/12114
f 2164/12115 2144/12116 2145/12117
f 2165/12118 2164/12119 2145/12120
f 2165/12121 2145/12122 2146/12123
f 2166/12124 2165/12125 2146/12126
f 2166/12127 2146/12128 2147/12129
f 2167/12130 2166/12131 2147/12132
f 2167/12133 2147/12134 2168/12135
f 2147/12136 2148/12137 2168/12138
f 2168/12139 2148/12140 2169/12141
f 2148/12142 2149/12143 2169/12144
f 2169/12145 2149/12146 2170/12147
f 2149/12148 2150/12149 2170/12150
f 2170/12151 2150/12152 2171/12153
f 2150/12154 2151/12155 2171/12156
f 2171/12157 2151/12158 2172/12159
f 2151/12160 2152/12161 2172/12162
f 2172/12163 2152/12164 2173/12165
f 2152/12166 2153/12167 2173/12168
f 2173/12169 2153/12170 2174/12171
f 2153/12172 2154/12173 2174/12174
f 2174/12175 2154/12176 2175/12177
f 2154/12178 2155/12179 2175/12180
f 2175/12181 2155/12182 2176/12183
f 2155/12184 2156/12185 2176/12186
f 2176/12187 2156/12188 2157/12189
f 2156/12190 2137/12191 2157/12192
f 2197/12193 2177/12194 2178/12195
f 2198/12196 2197/12197 2178/12198
f 2198/12199 2178/12200 2179/12201
f 2199/12202 2198/12203 2179/12204
f 2199/12205 2179/12206 2180/12207
f 2200/12208 2199/12209 2180/12210
f 2200/12211 2180/12212 2181/12213
f 2201/12214 2200/12215 2181/12216
f 2201/12217 2181/12218 2182/12219
f 2202/12220 2201/12221 2182/12222
f 2202/12223 2182/12224 2183/12225
f 2203/12226 2202/12227 2183/12228
f 2203/12229 2183/12230 2184/12231
f 2204/12232 2203/12233 2184/12234
f 2204/12235 2184/12236 2185/12237
f 2205/12238 2204/12239 2185/12240
f 2205/12241 2185/12242 2186/12243
f 2206/12244 2205/12245 2186/12246
f 2206/12247 2186/12248 2187/12249
f 2207/12250 2206/12251 2187/12252
f 2207/12253 2187/12254 2208/12255
f 2187/12256 2188/12257 2208/12258
f 2208/12259 2188/12260 2209/12261
f 2188/12262 2189/12263 2209/12264
f 2209/12265 2189/12266 2210/12267
f 2189/12268 2190/12269 2210/12270
f 2210/12271 2190/12272 2211/12273
f 2190/12274 2191/12275 2211/12276
f 2211/12277 2191/12278 2212/12279
f 2191/12280 2192/12281 2212/12282
f 2212/12283 2192/12284 2213/12285
f 2192/12286 2193/12287 2213/12288
f 2213/12289 2193/12290 2214/12291
f 2193/12292 2194/12293 2214/12294
f 2214/12295 2194/12296 2215/12297
f 2194/12298 2195/12299 2215/12300
f 2215/12301 2195/12302 2216/12303
f 2195/12304 2196/12305 2216/12306
f 2216/12307 2196/12308 2197/12309
f 2196/12310 2177/12311 2197/12312
f 2217/12313 2197/12314 2198/12315
f 2218/12316 2217/12317 2198/12318
f 2218/12319 2198/12320 2199/12321
f 2219/12322 2218/12323 2199/12324
f 2219/12325 2199/12326 2200/12327
f 2220/12328 2219/12329 2200/12330
f 2220/12331 2200/12332 2201/12333
f 2221/12334 2220/12335 2201/12336
f 2221/12337 2201/12338 2202/12339
f 2222/12340 2221/12341 2202/12342
f 2222/12343 2202/12344 2203/12345
f 2223/12346 2222/12347 2203/12348
f 2223/12349 2203/12350 2204/12351
f 2224/12352 2223/12353 2204/12354
f 2224/12355 2204/12356 2205/12357
f 2225/12358 2224/12359 2205/12360
f 2225/12361 2205/12362 2206/12363
f 2226/12364 2225/12365 2206/12366
f 2226/12367 2206/12368 2207/12369
f 2227/12370 2226/12371 2207/12372
f 2227/12373 2207/12374 2228/12375
f 2207/12376 2208/12377 2228/12378
f 2228/12379 2208/12380 2229/12381
f 2208/12382 2209/12383 2229/12384
f 2229/12385 2209/12386 2230/12387
f 2209/12388 2210/12389 2230/12390
f 2230/12391 2210/12392 2231/12393
f 2210/12394 2211/12395 2231/12396
f 2231/12397 2211/12398 2232/12399
f 2211/12400 2212/12401 2232/12402
f 2232/12403 2212/12404 2233/12405
f 2212/12406 2213/12407 2233/12408
f 2233/12409 2213/12410 2234/12411
f 2213/12412 2214/12413 2234/12414
f 2234/12415 2214/12416 2235/12417
f 2214/12418 2215/12419 2235/12420
f 2235/12421 2215/12422 2236/12423
f 2215/12424 2216/12425 2236/12426
f 2236/12427 2216/12428 2217/12429
f 2216/12430 2197/12431 2217/12432
f 2237/12433 2217/12434 2218/12435
f 2238/12436 2237/12437 2218/12438
f 2238/12439 2218/12440 2219/12441
f 2239/12442 2238/12443 2219/12444
f 2239/12445 2219/12446 2220/12447
f 2240/12448 2239/12449 2220/12450
f 2240/12451 2220/12452 2221/12453
f 2241/12454 2240/12455 2221/12456
f 2241/12457 2221/12458 2222/12459
f 2242/12460 2241/12461 2222/12462
f 2242/12463 2222/12464 2223/12465
f 2243/12466 2242/12467 2223/12468
f 2243/12469 2223/12470 2224/12471
f 2244/12472 2243/12473 2224/12474
f 2244/12475 2224/12476 2225/12477
f 2245/12478 2244/12479 2225/12480
f 2245/12481 2225/12482 2226/12483
f 2246/12484 2245/12485 2226/12486
f 2246/12487 2226/12488 2227/12489
f 2247/12490 2246/12491 2227/12492
f 2247/12493 2227/12494 2248/12495
f 2227/12496 2228/12497 2248/12498
f 2248/12499 2228/12500 2249/12501
f 2228/12502 2229/12503 2249/12504
f 2249/12505 2229/12506 2250/12507
f 2229/12508 2230/12509 2250/12510
f 2250/12511 2230/12512 2251/12513
f 2230/12514 2231/12515 2251/12516
f 2251/12517 2231/12518 2252/12519
f 2231/12520 2232/12521 2252/12522
f 2252/12523 2232/12524 2253/12525
f 2232/12526 2233/12527 2253/12528
f 2253/12529 2233/12530 2254/12531
f 2233/12532 2234/12533 2254/12534
f 2254/12535 2234/12536 2255/12537
f 2234/12538 2235/12539 2255/12540
f 2255/12541 2235/12542 2256/12543
f 2235/12544 2236/12545 2256/12546
f 2256/12547 2236/12548 2237/12549
f 2236/12550 2217/12551 2237/12552
f 2277/12553 2257/12554 2258/12555
f 2278/12556 2277/12557 2258/12558
f 2278/12559 2258/12560 2259/12561
f 2279/12562 2278/12563 2259/12564
f 2279/12565 2259/12566 2260/12567
f 2280/12568 2279/12569 2260/12570
f 2280/12571 2260/12572 2261/12573
f 2281/12574 2280/12575 2261/12576
f 2281/12577 2261/12578 2262/12579
f 2282/12580 2281/12581 2262/12582
f 2282/12583 2262/12584 2263/12585
f 2283/12586 2282/12587 2263/12588
f 2283/12589 2263/12590 2264/12591
f 2284/12592 2283/12593 2264/12594
f 2284/12595 2264/12596 2265/12597
f 2285/12598 2284/12599 2265/12600
f 2285/12601 2265/12602 2266/12603
f 2286/12604 2285/12605 2266/12606
f 2286/12607 2266/12608 2267/12609
f 2287/12610 2286/12611 2267/12612
f 2287/12613 2267/12614 2288/12615
f 2267/12616 2268/12617 2288/12618
f 2288/12619 2268/12620 2289/12621
f 2268/12622 2269/12623 2289/12624
f 2289/12625 2269/12626 2290/12627
f 2269/12628 2270/12629 2290/12630
f 2290/12631 2270/12632 2291/12633
f 2270/12634 2271/12635 2291/12636
f 2291/12637 2271/12638 2292/12639
f 2271/12640 2272/12641 2292/12642
f 2292/12643 2272/12644 2293/12645
f 2272/12646 2273/12647 2293/12648
f 2293/12649 2273/12650 2294/12651
f 2273/12652 2274/12653 2294/12654
f 2294/12655 2274/12656 2295/12657
f 2274/12658 2275/12659 2295/12660
f 2295/12661 2275/12662 2296/12663
f 2275/12664 2276/12665 2296/12666
f 2296/12667 2276/12668 2277/12669
f 2276/12670 2257/12671 2277/12672
f 2297/12673 2277/12674 2278/12675
f 2298/12676 2297/12677 2278/12678
f 2298/12679 2278/12680 2279/12681
f 2299/12682 2298/12683 2279/12684
f 2299/12685 2279/12686 2280/12687
f 2300/12688 2299/12689 2280/12690
f 2300/12691 2280/12692 2281/12693
f 2301/12694 2300/12695 2281/12696
f 2301/12697 2281/12698 2282/12699
f 2302/12700 2301/12701 2282/12702
f 2302/12703 2282/12704 2283/12705
f 2303/12706 2302/12707 2283/12708
f 2303/12709 2283/12710 2284/12711
f 2304/12712 2303/12713 2284/12714
f 2304/12715 2284/12716 2285/12717
f 2305/12718 2304/12719 2285/12720
f 2305/12721 2285/12722 2286/12723
f 2306/12724 2305/12725 2286/12726
f 2306/12727 2286/12728 2287/12729
f 2307/12730 2306/12731 2287/12732
f 2307/12733 2287/12734 2308/12735
f 2287/12736 2288/12737 2308/12738
f 2308/12739 2288/12740 2309/12741
f 2288/12742 2289/12743 2309/12744
f 2309/12745 2289/12746 2310/12747
f 2289/12748 2290/12749 2310/12750
f 2310/12751 2290/12752 2311/12753
f 2290/12754 2291/12755 2311/12756
f 2311/12757 2291/12758 2312/12759
f 2291/12760 2292/12761 2312/12762
f 2312/12763 2292/12764 2313/12765
f 2292/12766 2293/12767 2313/12768
f 2313/12769 2293/12770 2314/12771
f 2293/12772 2294/12773 2314/12774
f 2314/12775 2294/12776 2315/12777
f 2294/12778 2295/12779 2315/12780
f 2315/12781 2295/12782 2316/12783
f 2295/12784 2296/12785 2316/12786
f 2316/12787 2296/12788 2297/12789
f 2296/12790 2277/12791 2297/12792
f 2317/12793 2297/12794 2298/12795
f 2318/12796 2317/12797 2298/12798
f 2318/12799 2298/12800 2299/12801
f 2319/12802 2318/12803 2299/12804
f 2319/12805 2299/12806 2300/12807
f 2320/12808 2319/12809 2300/12810
f 2320/12811 2300/12812 2301/12813
f 2321/12814 2320/12815 2301/12816
f 2321/12817 2301/12818 2302/12819
f 2322/12820 2321/12821 2302/12822
f 2322/12823 2302/12824 2303/12825
f 2323/12826 2322/12827 2303/12828
f 2323/12829 2303/12830 2304/12831
f 2324/12832 2323/12833 2304/12834
f 2324/12835 2304/12836 2305/12837
f 2325/12838 2324/12839 2305/12840
f 2325/12841 2305/12842 2306/12843
f 2326/12844 2325/12845 2306/12846
f 2326/12847 2306/12848 2307/12849
f 2327/12850 2326/12851 2307/12852
f 2327/12853 2307/12854 2328/12855
f 2307/12856 2308/12857 2328/12858
f 2328/12859 2308/12860 2329/12861
f 2308/12862 2309/12863 2329/12864
f 2329/12865 2309/12866 2330/12867
f 2309/12868 2310/12869 2330/12870
f 2330/12871 2310/12872 2331/12873
f 2310/12874 2311/12875 2331/12876
f 2331/12877 2311/12878 2332/12879
f 2311/12880 2312/12881 2332/12882
f 2332/12883 2312/12884 2333/12885
f 2312/12886 2313/12887 2333/12888
f 2333/12889 2313/12890 2334/12891
f 2313/12892 2314/12893 2334/12894
f 2334/12895 2314/12896 2335/12897
f 2314/12898 2315/12899 2335/12900
f 2335/12901 2315/12902 2336/12903
f 2315/12904 2316/12905 2336/12906
f 2336/12907 2316/12908 2317/12909
f 2316/12910 2297/12911 2317/12912
